id,mahkeme,daire,esas,karar,tarih,group,domain,era,compositeScore,uniquenessScore,qualityScore,sourceScore,ratioOzeti
"77625700","Yargıtay","Hukuk Genel Kurulu","2013/185","2013/1601","27.11.2013","hgk","aile","y2010_2019","0.966","1","1","0.95","fıkrası gereğince hakimin anlaşmalı boşanmaya karar verebilmesi için, anılan fıkrada öngörülen tüm koşulların gerçekleşmiş bulunması gerekir. Hukuk Genel Kurulu önüne gelen uyuşmazlık tarafların anlaşmalı boşanma davası sırasında düzenledikleri protokolde yer alan ""tarafların mal talepleri yoktur"" şeklindeki ifadenin, eşler arasında ""mal rejiminden kaynaklanan alacak"" isteklerini de kapsayıp kapsamayacağı noktasında toplanmaktadır."
"77425900","Yargıtay","Hukuk Genel Kurulu","2012/1616","2013/854","19.06.2013","hgk","is_sgk","y2010_2019","0.949","0.923","1","0.95","sayılı davada talep uyarınca, toplam alacağın %10'una tekabül eden kısım karşılığına hükmedilmesine ilişkin kararın kesinleştiğini, davalı işverenin %60 kusur oranı dikkate alındığında, kusur oranı farkı nedeniyle toplam 90.300,06 TL'nin daha 506 sayılı Kanunun 26.maddesi uyarınca rücuan tazminini talep etmiştir. vekili cevap dilekçesinde özetle; Bakanlar Kurulunun 09.10.1991 tarihli kararına istinaden Enerji Bakanlığı ile....EDAŞ arasında 22.09.2000 tarihinde imzalanan Uygul"
"76966600","Yargıtay","Ceza Genel Kurulu","2010/189","2010/237","23.11.2010","cgk","ceza_ozel","y2010_2019","0.939","1","0.928","0.95","Öğretide yer alan yaygın görüşe göre; mahkemelerin bağımsızlığı ve hakimlik teminatı esaslarına nazaran, kural olarak Devletin yargılama faaliyetinden dolayı mali sorumluluğu kabul edilmemekte, ancak yasa ile düzenleme yapılması halinde tazminat verilebileceği belirtilmek&not;tedir. madde&not;sinde de kişilerin özgürlüğünün hangi hallerde sınırlandırılabileceği belirlenmiş ve maddenin son fıkrasında bu koşullara aykırı davranılması halinde mağdur olan herkesin tazminat isteme"
"77425200","Yargıtay","Hukuk Genel Kurulu","2012/1684","2013/853","19.06.2013","hgk","is_sgk","y2010_2019","0.937","0.927","0.965","0.95","O halde, Hukuk Genel Kurulu'nca da benimsenen Özel Daire bozma kararına uyulmak gerekirken, önceki kararda direnilmesi usul ve yasaya aykırıdır. Fiili bir olgu sözkonusu olduğundan, kural olarak işçi, fazla çalışma yaptığını her türlü delille, bu bağlamda tanıkla da ispat edebilir."
"17160000","Yargıtay","Hukuk Genel Kurulu","2011/542","2011/694","23.11.2011","hgk","is_sgk","y2010_2019","0.93","0.916","0.953","0.95","Buna göre, gerek Özel Hukuk ve gerekse Kamu Hukuku alanında, kural olarak her Kanun, ancak yürürlüğe girdiği tarihten sonraki zamanda meydana gelen olaylara ve ilişkilere uygulanır; o tarihten önceki zamana rastlayan olaylara ve ilişkilere uygulanmaz. Ancak, toplum barışının temel dayanağı olan hukuka ve özellikle kanunlara karşı güveni sağlamak ve hatta kanun koyucunun keyfi hareketlerine engel olmak için, öğretide kanunların geriye yürümemesi esası kabul edilmiştir."
"404247200","Yargıtay","Büyük Genel Kurulu","2017/1","2017/9","08.12.2017","yibk","usul_hukuk","y2010_2019","0.925","1","0.849","1","Hukuk Mahkemesine ait 2002/360 esas sayılı dosyanın 17.05.2011 günlü celsesinde öğrendiklerini savunmuşlar ise de 2802 sayılı Kanun’un 93/A madde metni hükmün kesinleşme tarihini sürenin başlangıcı olarak kabul etmesi karşısında kesinleşmenin sonradan öğrenilmesinin davacılara hak kazandırmayacağından bir yıllık sürenin geçmesinden sonra açılan bu davanın reddine ilişkin verilen onama kararının doğru olduğu kabul edilmiştir. Bu gerekçelerle; 5271 sayılı Ceza Muhakemesi Kanunu"
"87780900","Yargıtay","Ceza Genel Kurulu","2012/534","2013/15","22.01.2013","cgk","ticaret","y2010_2019","0.92","0.945","0.909","0.95","maddesi uyarınca tedavi ve denetimli serbestlik tedbirinin uygulanmasına karar verildiği ve bu kararın Cumhuriyet savcısı tarafından eylemin uyuşturucu madde ticareti suçunu oluşturacağı görüşüyle aleyhe temyiz edildiği göz önüne alındığında, öncelikle hükmün temyizen incelenmesinin mümkün olup olmadığı değerlendirilmelidir. Ancak, bunun için kişi hakkında bu suç nedeniyle önceden tedavi ve denetimli serbestlik tedbirine karar verilmemiş olması gerekir."
"77096600","Yargıtay","Hukuk Genel Kurulu","2011/787","2012/92","22.02.2011","hgk","miras","y2010_2019","0.919","0.908","0.928","0.95","Bu düzenlemenin hukuki nitelikçe hangi sorumluluğa ilişkin bulunduğuna gelince; 
Özellikle endüstri devrimiyle birlikte ortaya çıkan teknik buluşlar ve makineleşme zarar tehlikesini arttırmış ve artan bu zarar tehlikesini önlemek için kusura dayanan sorumluluğun her zaman yeterli olmayacağı öngörülerek tehlikeli faaliyette bulunanların sebep oldukları zararları gidermesi kabul edilmiştir (Fikret Eren, a.g.e, s. İşletilme halinde olmayan bir motorlu aracın sebep olduğu trafik "
"77178600","Yargıtay","Hukuk Genel Kurulu","2010/659","2010/682","22.12.2010","hgk","usul_hukuk","y2010_2019","0.918","0.904","0.928","0.95","Davanın yasal dayanağını oluşturan 6570 Sayılı Yasanın 7/b ve c maddeleri uyarınca ihtiyaç iddiasına dayalı olarak açılacak davalarda dava hakkı kural olarak kiralayana aittir. Eş söyleyişle, mal sahibinin tarafı durumunda bulunmadığı bir kira sözleşmesi yapılabilir ve kural olarak o sözleşmeden doğan hak ve borçlar, sözleşmenin taraflarına ait olur."
"77096400","Yargıtay","Hukuk Genel Kurulu","2011/221","2011/458","29.06.2011","hgk","usul_hukuk","y2010_2019","0.911","0.84","0.946","0.95","Aynı Kanunun Geçici Madde 2/2 de ise, 
""&hellip;H&acirc;kimler ve Savcılar Kanununa bu Kanunla eklenen 93/A maddesi&hellip; hükümleri bu Kanun yürürlüğe girdiği tarihte;
a) Görülmekte olan davalar, 
b) Kesinleşmemiş hükümler, 
c) Miktar veya değeri itibarıyla temyiz veya karar düzeltme yoluna gidilemediği için kesinleşen hükümler, 
bakımından da uygulanır ve davaya Devlet aleyhine devam olunur&hellip;"" düzenlemesine yer verilmiştir. Davalılar vekilinin temyizi üzerine Hukuk G"
"62781600","Yargıtay","Hukuk Genel Kurulu","2011/640","2012/89","22.02.2011","hgk","usul_hukuk","y2010_2019","0.909","0.864","0.927","0.95","de dahil tüm davalıların zamanaşımı savunmasının süresinde olduğuna ilişkin saptaması ve buna bağlı olarak bu davalının zamanaşımı defini kabul etmesi ve tüm davalılar hakkında aynı hükme varması kural olarak yerindedir. Ne var ki, yine aynı Kanunun 209.maddesi hükmüne göre, zamanaşımı definin süresinde yapılmadığını ileri süren davacı tarafın da, davalının cevap dilekçesinin kendilerine tebliğinden itibaren yine 10 günlük süre içerisinde, zamanaşımı savunmasının yasal süresi"
"77453600","Yargıtay","Hukuk Genel Kurulu","2013/561","2013/733","22.05.2013","hgk","is_sgk","y2010_2019","0.907","0.821","0.946","0.95","Bu genel açıklamalardan sonra, zaman bakımından 6100 sayılı Hukuk Muhakemeleri Kanunu (HMK)'nun ilgili hükmüne de değinmek gerekir: 
HMK'nun ""Zaman Bakımından Uygulanma"" başlığını taşıyan 448/1.maddesi; 
""(1) Bu Kanun hükümleri, tamamlanmış işlemleri etkilememek kaydıyla derh&acirc;l uygulanır"" 
hükmünü içermektedir. HUKUK GENEL KURULU KARARI
Hukuk Genel Kurulu'nca incelenerek direnme kararının süresinde temyiz edildiği anlaşıldıktan ve dosyadaki kağıtlar okunduktan sonra ger"
"84226400","Yargıtay","Hukuk Genel Kurulu","2012/1615","2013/777","29.05.2013","hgk","is_sgk","y2010_2019","0.906","0.881","0.909","0.95","Maddesinin kamu düzeni etkisinin ilke olarak, işverene karşı ve yalnız işçinin yararına olduğu, burada işçinin değil işverenin sözleşme serbestisinin kısıtlandığı, bu nedenle anılan maddenin yetki ile ilgili genel hükümleri kaldırmadığı, sadece genel hükümlerle birlikte öngörmüş olduğu, iş yeri esasına dayanan yetkiyi bertaraf edecek anlaşmaları geçersiz kılacağı, geçersizliğin sadece işvereni hedef tuttuğu anlaşılmaktadır (Çemberci M.: İş Mahkemeleri Kanunu Şerhi, Güzel İsta"
"77595500","Yargıtay","Hukuk Genel Kurulu","2013/254","2013/1504","30.10.2013","hgk","is_sgk","y2010_2019","0.902","0.855","0.915","0.95","I-Mahkemenin bozma ilamının (2) numaralı bendinde yer alan ve fesih nedenine ilişkin direnme kararının incelenmesinde;
İş sözleşmesi kural olarak, feshi ihbar sonucu veya belirli bir süre için yapılmışsa, bu sürenin dolmasıyla ortadan kalkar. ""İşverenin haklı nedenle derhal fesih hakkı"" başlıklı 25.madde uyarınca:
""Süresi belirli olsun veya olmasın işveren, aşağıda yazılı hallerde iş sözleşmesini sürenin bitiminden önce veya bildirim süresini beklemeksizin feshedebilir:
I-Sağ"
"77657900","Yargıtay","Hukuk Genel Kurulu","2012/556","2012/1357","26.12.2012","hgk","icra_iflas","y2010_2019","0.894","0.816","0.915","0.95","Açıklanan ilkeler çerçevesinde somut olay irdelendiğinde; uyuşmazlığın harca ilişkin bulunması ve harcın kamu düzenini ilgilendirmesi karşısında karşı tarafın bozmaya karşı beyanı alınmadan mahkemece direnme kararı verilmesinde usul ve yasaya bir aykırılık olmadığı yapılan görüşmeler sonunda oybirliği ile kabul edilmiştir. Eş anlatımla, hakim kural olarak Yargıtay bozma kararına uymak ya da bu karara karşı direnme kararı vermek konusunda tarafların istekleri ile bağlı olmayıp"
"77248200","Yargıtay","Ceza Genel Kurulu","2011/256","2011/283","20.12.2011","cgk","is_sgk","y2010_2019","0.894","0.863","0.89","0.95","maddesinde suçtan zarar gören gerçek ve tüzel kişiler ile malen sorumlu olanların davaya katılabilecekleri kabul edilmiş, ancak yasa yolu muhakemesinde bu hakkın kullanılamayacağı esası benimsenmiştir. maddesi uyarınca cezalandırılması istemiyle kamu davası açıldığı, iddianamede Çeşme Belediye Başkanlığının ihbar eden olarak gösterildiği, Çeşme Asliye Ceza Mahkemesince duruşma gününün Çeşme Belediye Başkanlığına bildirildiği, 
23.03.2007 tarihli duruşma tutanağında Çeşme Bele"
"17003800","Yargıtay","Hukuk Genel Kurulu","2010/394","2010/395","14.07.2010","hgk","usul_hukuk","y2010_2019","0.893","0.825","0.909","0.95","Sözleşmenin ve buna bağlı temlikin, değinilen bu özellikleri nedeniyle, taşınmazı inanç sözleşmesi ile satan kimsenin artık sadece, ödünç almış olduğu parayı geri vererek taşınmazını kendisine temlik edilmesini istemek yolunda bir alacak hakkı; taşınmazı, inanç sözleşmesi ile alan kimsenin de borcun ödenmesi gününe kadar taşınmazı başkasına satmamak ve borç ödenince de geri vermek yolunda bir borcu kalmıştır. Taraflar böyle bir sözleşme ve buna bağlı işlemle genellikle, temin"
"17170400","Yargıtay","Hukuk Genel Kurulu","2011/364","2011/453","29.06.2011","hgk","miras","y2010_2019","0.893","0.855","0.89","0.95","Islahın konusu, tarafların yapmış oldukları usul işlemleri olduğuna göre, ıslahla düzeltilecek usul işlemlerinin neler olduğundan söz edilmesinde yarar vardır:






Gerek öğreti gerekse Yargıtay, ıslah yoluyla davanın değiştirebileceğini ve genişletilebileceğini, aynı şekilde savunmanın genişletilebileceğini ilke olarak kabul etmektedir. Davacı vekilinin 13.01.2003 tarihli dava dilekçesi ile 33 parsel nolu taşınmaz yönünden ketm-i verese iddiasına dayalı olarak tapu iptali v"
"77426500","Yargıtay","Hukuk Genel Kurulu","2012/1694","2013/855","19.06.2013","hgk","is_sgk","y2010_2019","0.893","0.877","0.878","0.95","Somut uyuşmazlığın yasal dayanağını oluşturan 506 sayılı Sosyal Sigortalar Kanunu (SSK)'nun ""Sigortalı sayılmayanlar"" başlıklı 3/II-A bendi;
""II - Aşağıda belirtilenler hakkında bazı sigorta kolları uygulanmaz:
A)Malüllük, yaşlılık ve ölüm sigortaları, bir işveren emrinde çalışan ve Türk uyruklu olmıyan kimselerden Kurumdan yazılı istekte bulunanlar hakkında ve istek tarihinden sonraki ay başından başlanarak uygulanır&hellip;"" düzenlemesini içermektedir. Türk uyruklu olmayan "
"77276900","Yargıtay","Hukuk Genel Kurulu","2011/473","2011/607","12.10.2011","hgk","ticaret","y2010_2019","0.89","0.81","0.909","0.95","Öncelikle, alacağın dayanağını teşkil eden kambiyo senedinin hukuksal niteliğini irdelemekte yarar vardır:
Bütün mücerret alacaklarda olduğu gibi kambiyo senedi alacağı da kural olarak, uygun bir asıl borç ilişkisine, bir illi ilişkiye dayanır. Bu nedenle bir illete bağlı olması gerekmez ve kural olarak ispat yükü senedin bedelsiz olduğunu iddia eden tarafa aittir."
"17159600","Yargıtay","Hukuk Genel Kurulu","2011/556","2011/689","23.11.2011","hgk","usul_hukuk","y2010_2019","0.889","0.805","0.909","0.95","Davalı vekilinin temyizi üzerine; Özel Dairece, kooperatife ait bir gayrimenkulün satışının sıkı şekil koşullarına bağlı olup genel kurul kararını gerektirdiği, bu konuda yöntemine uygun genel kurul kararı bulunup bulunmadığının tespitinin önem kazandığı, satışa ilişkin yöntemine uygun genel kurul kararı bulunmadığının tespit edildiği, davanın reddine karar verilmesi gerektiği gerekçeleri ile hükmün bozulmasına karar verilmiştir. Dosya kapsamından; çekişme konusu kat mülkiyet"
"76738200","Yargıtay","Ceza Genel Kurulu","2009/111","2010/38","23.02.2010","cgk","ticaret","y2010_2019","0.888","0.832","0.89","0.95","Ancak, sabit kabul edilen eylemler, örgütsel suç kapsamında değerlendirilmeyip somut olayda olduğu gibi bağımsız suçlar olarak değerlendirildiği takdirde, Özel Ağır Ceza Mahkemesinin yargılama yönteminin kendine özgü ve belli suçlarla sınırlı olması gerçeği karşısında, yapılması gereken işlemin, 5271 sayılı CYY'nın 252/1-g bendi hükmü de nazara alınmak suretiyle, görevsizlik kararı verilerek, dosyanın görevli ve yetkili mahkemeye gönderilmesi olacağı esası kabul edilmiştir. A"
"77459000","Yargıtay","Hukuk Genel Kurulu","2012/1924","2013/882","26.06.2013","hgk","is_sgk","y2010_2019","0.885","0.896","0.846","0.95","Harcırah Yönetmeliğinin ""Genel Hükümler"" başlıklı 22/F maddesine göre, asli görev mahalli dışındaki bir yere kendi isteği ile harcırahsız olarak geçici görevli veya daimi olarak nakil talebinde bulunanlara naklin gerçekleşmesinden sonra harcırah talep etmeleri halinde de harcırah ödenmeyeceğini belirterek, davanın reddini savunmuştur. Bilindiği üzere, harcırah (yolluk); kamuda statü hukukuna tabi çalışanlar için öngörülmüş olup, kamu hizmetinin gerektirdiği durumlarda, bu hiz"
"435832300","Yargıtay","Büyük Genel Kurulu","2016/3","2016/3","13.05.2016","yibk","ticaret","y2010_2019","0.884","0.861","0.821","1","Söz konusu genel kurulda ""kurucu hisselerin ödenmiş sermayenin 200.000 TL lik bölümü ile sınırlı olarak gerekli karşılıklar ayrıldıktan sonra net kardan %5 pay alma hakları bulunduğu” oybirliği ile kabul edilmiştir. Dolayısıyla davacının genel kurulda kabul edilen ana sözleşme değişikliği ile kar payı hakkı yönünden getirilen kısıtlamalara karşı çıkarak aradaki farkı talep etme hakkı, ilke olarak, mümkündür."
"76699500","Yargıtay","Hukuk Genel Kurulu","2010/47","2010/74","17.02.2010","hgk","miras","y2010_2019","0.883","0.813","0.89","0.95","Bundan başka ceza mahkemesi kararı, kusurun takdiri ve zararın miktarını tayin hususunda dahi hukuk hakimini takyit etmez."" şeklinde düzenlenmiş ve kural olarak bağımsızlık ilkesi benimsenmiştir. Bu hükümle, hakimin ölenin ailesine adalete uygun tazminat verilmesine karar verebileceği kabul edilmiştir."
"77474300","Yargıtay","Ceza Genel Kurulu","2013/641","2013/623","24.12.2013","cgk","ticaret","y2010_2019","0.883","0.811","0.89","0.95","Maddenin üçüncü fıkrasında, infaz kurumu veya tutukevine yasak eşya sokma suçlarının tutuklu veya hükümlülerin muhafazasıyla görevli kişiler tarafından işlenmesi, bu suçlar açısından daha ağır cezayı gerektiren bir hal olarak kabul edilmiş ve verilecek cezanın bir kat artırılacağı hüküm altına alınmıştır. Bu fıkrada yazılı suçun oluşabilmesi için maddede belirtilen seçimlik hareketlerin herhangi birisinin yapılmış olması gerekir."
"52033600","Yargıtay","Hukuk Genel Kurulu","2012/843","2013/253","20.02.2013","hgk","is_sgk","y2010_2019","0.882","0.841","0.871","0.95","Taraflarca getirilme (hazırlama) ilkesinin uygulandığı davalarda, deliller kural olarak taraflarca gösterilir; h&acirc;kim, delillere kendiliğinden başvuramaz (Kuru Baki, Arslan Ramazan, Yılmaz Ejder, Medeni Usul Hukuku Ders Kitabı, Ankara 2011, 22. B)Taraflarca hazırlama ilkesinin uygulandığı davalarda; deliller kural olarak taraflarca gösterilir; h&acirc;kim delillere kendiliğinden başvuramaz."
"87582600","Yargıtay","Hukuk Genel Kurulu","2013/224","2013/1478","23.10.2013","hgk","icra_iflas","y2010_2019","0.882","0.838","0.871","0.95","Öncelikle belirtilmelidir ki, kanun koyucu ilke olarak borçlunun alacaklısından mal kaçırmak amacı ile yaptığı işlemleri ne muvazaa nedeniyle; ne de mülga 818 sayılı Borçlar Kanunu(BK)'nun 20. Bu tür işlemlerin muvazaalı olarak değil, fakat inançlı olarak kabulü gerekir."
"76980000","Yargıtay","Hukuk Genel Kurulu","2010/477","2010/531","20.10.2010","hgk","ticaret","y2010_2019","0.881","0.803","0.89","0.95","Gerek bu yasal düzenleme gerek iç yönetmelik hükümleri gerek yerleşik uygulama itibariyle; Hukuk Genel Kurulu'ndaki bir dava dosyasının görüşmesinin içtihadı birleştirme nedeniyle geri bırakılabilmesi için, bu konuda yetkili Yargıtay Birinci Başkanlık Kurulu'nun istem konusu ile ilgili olarak içtihadı birleştirme yoluna gitmeye gerek olduğuna ilişkin karar alması ve dosyanın raportöre tevdii edilmiş bulunması gerekir. Eldeki davanın görüşüldüğü tarih itibariyle işin esasını e"
"76803500","Yargıtay","Ceza Genel Kurulu","2010/46","2010/93","27.04.2010","cgk","ceza_genel","y2010_2019","0.881","0.803","0.89","0.95","Görüleceği üzere, adli sicil kaydının silinip, bilgilerin arşive alınması için infazın tamamlanması yeterli kabul edilmiştir. maddesinde ve diğer bazı yasalarda ""affa uğramış olsalar bile"" ibaresinin bulunması nedeniyle, hırsızlık suçlarına ait kaydın arşivden çıkartılmasına yasal olanak bulunmadığı gerekçesiyle yerel mahkeme hükmünün yasa yararına bozulmasına ve yeniden yargılama yapılarak bozma doğrultusunda karar verilmek üzere dosyanın mahalline gönderilmesine karar veril"
"435825000","Yargıtay","Büyük Genel Kurulu","2016/5","2016/5","13.05.2016","yibk","ceza_genel","y2010_2019","0.877","0.851","0.809","1","Zira, yasada bir paydaşın payının üçüncü şahsa satması halinde önalım hakkının varlığı kabul edilmiştir. Dava hakkına ilişkin bu hususun davanın her aşamasında kendiliğinden göz önünde bulundurulması gerekir."
"86472400","Yargıtay","Hukuk Genel Kurulu","2012/869","2013/375","20.03.2013","hgk","usul_hukuk","y2010_2019","0.877","0.858","0.846","0.95","Kural olarak Devletin hüküm ve tasarrufu altında bulunan yerlerin olağanüstü zamanaşımı veya başka bir yoldan kazanılması ve tapu siciline tescil edilmeleri mümkün değildir. Nitekim, nehir ve çay gibi akarsuların eski(terk edilmiş, metruk) yatakları, kural olarak Devletin hüküm ve tasarrufu altında bulunan yerlerdendir."
"76757400","Yargıtay","Ceza Genel Kurulu","2010/33","2010/58","23.03.2010","cgk","usul_hukuk","y2010_2019","0.877","0.885","0.83","0.95","Öncelikle ifade etmek gerekir ki, 5326 sayılı Yasada kabahatler yönünden hem maddi ceza hukuku konularına, hem de usul hukuku konularına yer verilmiş, 5237 ve 5271 sayılı Yasa hükümlerinin uygulanması gerek Kabahatler Yasasının konuluş amacı; gerekçesinde özetle, bu düzenleme ile, özellikle ekonomik hayata ilişkin düzenlemelerde kazuistik olarak idari yaptırım öngören ve bir sistemden yoksun olan hükümlerin önüne geçebilmek ve ayrıca hukuk uygulamasında birliği ve hukuk güven"
"76805700","Yargıtay","Ceza Genel Kurulu","2010/73","2010/97","27.04.2010","cgk","ceza_genel","y2010_2019","0.875","0.861","0.84","0.95","Oysa devlet organlarının kendi hata, kusur veya kastı sonucu yapılan işlemin hukuka aykırı olması halinde, hak sahibinin iyi niyetinin korunması gerekir. Hukuk devletinde Devlet, görevlilerini göreve getirirken hak bilinciyle yetiştirmek zorundadır."
"457378000","Yargıtay","Hukuk Genel Kurulu","2011/663","2011/801","16.12.2011","hgk","usul_hukuk","y2010_2019","0.874","0.776","0.886","0.95","maddesinde sayılan koruma tedbirinin uygulanmasından kaynaklanan tazminat istemine ilişkin bulunması nedeniyle, 5271 sayılı Ceza Muhakemesi Kanunu’nun 141-144 maddeleri gereğince Ağır Ceza Mahkemesinin görevli olduğu” gerekçesiyle “dava dilekçesinin reddine” dair oyçokluğuyla verilen karar, davacı tarafın temyizi üzerine Hukuk Genel Kurulu’na gelmiştir. Görev sorununun çözümü, iddianın kapsamı ve davanın konusu itibariyle uygulanması gereken mevzuatın, 5271 sayılı Ceza Muhake"
"77437800","Yargıtay","Hukuk Genel Kurulu","2012/1712","2013/865","19.06.2013","hgk","is_sgk","y2010_2019","0.874","0.759","0.896","0.95","sayılı kararlarında da, benimsenmiştir) 
Dava açmaktaki hukuki yarar için; hukuk düzenince kabul edilmiş meşru bir yarar olmalı, bu yarar dava açan hak sahibi ile ilgili olmalı ve dava açıldığı sırada halen mevcut bulunmalıdır. Mülga 1086 sayılı Hukuk Muhakemeleri Usulü Kanunu'nun yürürlükte olduğu dönem de, öğreti ve yargısal kararlarda, hukuki yarar, ""dava şartı"" olarak kabul edilmiştir."
"17156500","Yargıtay","Hukuk Genel Kurulu","2011/617","2011/749","14.12.2011","hgk","ticaret","y2010_2019","0.873","0.755","0.896","0.95","SONUÇ: Davalı vekilinin temyiz itirazlarının kabulü ile direnme kararının Özel Daire bozma kararında ve yukarıda gösterilen nedenlerden dolayı 6217 sayılı Kanunun 30.maddesi ile 6100 sayılı Hukuk Muhakemeleri Kanunu'na eklenen ""Geçici madde 3"" atfıyla uygulanmakta olan 1086 sayılı Hukuk Usulü Muhakemeleri Kanunu'nun 429. asıl alacak ve ferileri için talepte bulunulmuştur.Davalı borçlunun itirazı yapılan ödemelerle ilgili değildir.İtiraz faturada belirtilen malın miktarındadır"
"16895500","Yargıtay","Hukuk Genel Kurulu","2010/281","2010/323","16.06.2010","hgk","miras","y2010_2019","0.872","0.869","0.828","0.95","Hemen belirtmek gerekir ki; bu tür uyuşmazlıkların sağlıklı, adil ve doğru bir çözüme ulaştırılabilmesi, davalıya yapılan temlikin gerçek yönünün, diğer bir söyleyişle miras bırakanın asıl irade ve amacının duraksamaya yer bırakmayacak biçimde ortaya çıkarılmasına bağlıdır. Hemen belirtmek gerekir ki, gerçekten de Türk Medeni Kanununun 677.maddesi hükmü uyarınca mirasçılarının miras payları üzerinde birbirleriyle yapacakları pay temliklerinin yazılı olmak koşulu ile geçerli o"
"76902400","Yargıtay","Hukuk Genel Kurulu","2010/386","2010/427","29.09.2010","hgk","miras","y2010_2019","0.871","0.81","0.859","0.95","Nitekim bu husus Kanunun 11.maddesinin 1.fıkrasında açıkça belirtilmiş, ancak yasada tersine kural bulunması halinde şekle bağlılık kabul edilmiştir. Borçlar Kanunu, kural olarak sözleşmelerde şekil serbestisini benimsemiştir."
"45607800","Yargıtay","Ceza Genel Kurulu","2012/1270","2013/248","21.05.2013","cgk","ticaret","y2010_2019","0.871","0.841","0.84","0.95","İcra Hukuk Mahkemesinin 2004/471 esas sayılı dosyasında 09.07.2004 tarihinde ihalenin feshi davası açtığı, hakimliğini Aydın'ın, zabıt katipliğini ise Kamer'in yaptığı mahkemece 25.04.2006 gün ve 471-239 sayı ile davanın reddine ve katılandan % 10 para cezası alınmasına karar verildiği, katılan tarafından temyiz edilen bu kararın Yargıtay 12. Hukuk Dairesince 18.07.2006 gün ve 13051-15897 sayı ile onandığı, tashihi karar talebi de 24.11.2006 tarihinde reddedilen katılanın 11."
"76940900","Yargıtay","Hukuk Genel Kurulu","2010/493","2010/491","13.10.2010","hgk","icra_iflas","y2010_2019","0.87","0.772","0.878","0.95","Bu nedenle, 1086 sayılı Hukuk Usulü Muhakemeleri Kanunu'nun 317.maddesinin 2.cümlesinden yararlanarak soruna bir çözüm getirmek gerektiği yargısal uygulamada kabul edilmiştir (Hukuk Genel Kurulu'nun 22.01.2003 gün ve 2003/12-3 E.2003/28 K.; 06.02.2008 gün ve 2008/12-77 E. İnkar edilen imzanın borçluya ait olduğu anlaşılırsa ve itiraz ile birlikte takip ikinci fıkraya göre durdurulmuşsa, borçlu sözü edilen senede dayanan takip konusu alacağın yüzde kırkından aşağı olmamak üzer"
"435834300","Yargıtay","Büyük Genel Kurulu","2016/2","2016/2","13.05.2016","yibk","icra_iflas","y2010_2019","0.868","0.876","0.771","1","maddesinin farklı bir anlam yüklenemeyecek kadar açık ve kesin bir kanun hükmü olmadığını, madde metni düzenlemesi dikkate alındığında farklı anlamların çıkarılabileceği belirtilerek farklı bir anlam yüklenemeyecek kadar açık ve kesin bir kanun hükmü bulunmadığı bu nedenle de sorumluluk şartlarının oluşmadığı kabul edilmiştir. Değeri para ile ölçülemeyen dava ve işlerde ise avukatlık asgari ücret tarifesi uygulanır."
"76987300","Yargıtay","Hukuk Genel Kurulu","2011/38","2011/225","27.04.2011","hgk","miras","y2010_2019","0.867","0.769","0.871","0.95","Yerel Mahkemece, ""temlik işleminin tarafları arasında akrabalık bulunduğu ve İçtihadı Birleştirme Kararı kapsamında kaldığı, payın davalıya hibe edildiğinin anlaşıldığı"" gerekçesiyle davanın reddine dair verilen karar davacı vekilinin temyizi üzerine Özel Dairece yukarıda açıklanan gerekçelerle bozulmuştur. Bu ihtiyacın gereği olarak paydaşlar arasına yabancı bir kişinin girişini engellemek, taşınmazın daha küçük parçalara ayrılmasını önleyebilmek, hisselerin mümkün olduğu ka"
"84006500","Yargıtay","Ceza Genel Kurulu","2012/1543","2013/257","21.05.2013","cgk","icra_iflas","y2010_2019","0.865","0.87","0.809","0.95","Ceza hukukunda kanundaki suç tanımına uygun olarak gerçekleşen her netice ilke olarak ayrı bir suç oluşturur ve fail kaç netice meydana getirmiş ise o kadar suç işlemiş sayılarak her birinden dolayı ayrı ve bağımsız cezalandırılır. Mağduru belli bir kişi olmayan suçlarda da bu fıkra hükmü uygulanır” biçiminde düzenlenmiştir."
"77452000","Yargıtay","Hukuk Genel Kurulu","2013/437","2013/1703","25.12.2013","hgk","is_sgk","y2010_2019","0.864","0.778","0.859","0.95","Buna göre, daha önce sosyal güvenlik kanunlarında yer almayan, boşanılan eşle fiilen birlikte yaşama olgusu, gelir veya aylık kesme nedeni ve bağlama engeli olarak benimsenmiştir. Bu gelir ve aylıkların durum değişikliği nedeniyle artırılması, azaltılması, kesilmesi veya yeniden bağlanmasında, bu Kanunla yürürlükten kaldırılan ilgili kanun hükümleri uygulanır&hellip; 
Bu Kanunun 4'üncü maddesinin birinci fıkrasının (a) ve (b) bentlerine"
"435840100","Yargıtay","Büyük Genel Kurulu","2014/10","2014/23","21.11.2014","yibk","usul_hukuk","y2010_2019","0.862","0.902","0.74","1","Başkanlığı’na yazdığı 31.01.2012 tarihli yazıda Daire’nin mevcut durumu ve tetkik hakimleri sayısı hakkında bilgi verdikten sonra davacı hakkında “Dairemizin Tetkik Hakimlerinden Hilal Hazinedaroglu 10 yıldan beri görev yapmakta olduğu Dairemizde kendisine verilen işleri anlayıp kavramakta güçlük çektiği ve her geçen zaman içinde bu durumun ağırlaştığı bir gerçektir. Azınlıkta kalan üyelerden bir kısmı, kişisel kusura dayalı açılan eldeki davada, dava konusu yazıda kullanılan"
"77134100","Yargıtay","Hukuk Genel Kurulu","2013/206","2013/1500","30.10.2013","hgk","is_sgk","y2010_2019","0.862","0.786","0.849","0.95","Davacı vekili, davacının uzun süre işveren nezdinde çalıştığını, 30.06.2011 tarihinde iş sözleşmesine son verildiğini, çalıştığı döneme ilişkin fazla mesai alacaklarının ödenmediğini bildirerek ek davasındaki miktarlarla birlikte 32.219,38 TL fazla mesai alacağının en yüksek mevduat faiziyle birlikte davalıdan alınarak davacıya verilmesine karar verilmesini talep etmiştir. Davalı vekili, davacının fazla çalışma ücreti alacağının bulunmadığını, fazla çalışma yapılmasının yetki"
"77455800","Yargıtay","Hukuk Genel Kurulu","2013/412","2013/1708","25.12.2013","hgk","is_sgk","y2010_2019","0.862","0.822","0.828","0.95","maddesinde tarafların tacir olup olmadıklarına bakılmaksızın 6098 sayılı Türk Borçlar Kanunu'nun rekabet yasağına ilişkin 444 ve 447 maddelerinde öngörülen hususlardan doğan hukuk davalarının ticari dava olduğu ve 5 maddesinde de aksine hüküm bulunmadıkça, dava olunan şeyin değerine veya tutarına bakılmaksızın asliye ticaret mahkemesi tüm ticari davalara bakmakla görevli olduğu kabul edilmiştir. Bu konuda, öncelikle rekabet kavramı ve genel olarak rekabete ilişkin yasal düzen"
"77063800","Yargıtay","Hukuk Genel Kurulu","2011/226","2011/412","15.06.2011","hgk","esya_tapu","y2010_2019","0.862","0.846","0.815","0.95","Taraflar dışındaki kişiler, ilke olarak kesin hükme karşı yargılamanın iadesi yoluna başvuramaz. Önemle vurgulanmalıdır ki, ilke olarak, kesin hükme bağlanmış bir davaya yeniden bakılamaz."
"76993500","Yargıtay","Hukuk Genel Kurulu","2011/164","2011/245","29.04.2011","hgk","miras","y2010_2019","0.862","0.758","0.865","0.95","Davacılar vekilinin temyizi üzerine Özel Dairece: 
""&hellip;Paylı mülkiyet halindeki taşınmazın paydaşı payını karı-kocaya evlada veyahut akrabaya temlik ederse şeklen satış olarak gösterilen bu akdin gerçekte satış olmayıp miras hakkına bağlı veya hibe gibi maksada yönelik işlem olduğu iddia ve ispat edilirse önalım hakkının ileri sürülemeyeceği 27.3.1957 gün ve 12/2 sayılı İçtihadı Birleştirme Kararı'nda açıkça belirtilmiştir. Davalı her ne kadar söz konusu payın tapuda sat"
"52005800","Yargıtay","Ceza Genel Kurulu","2012/1232","2013/106","26.03.2013","cgk","usul_hukuk","y2010_2019","0.862","0.847","0.815","0.95","İzlenen suç ve ceza politikasının gereği olarak failin fiili işlediği sırada henüz on iki yaşını bitirmemiş olması kusurluluğu mutlak surette ortadan kaldıran bir neden olarak kabul edilmiştir. İşlediği fiilin hukuk&icirc; anlam ve sonuçlarını algılama ve bu fiille ilgili olarak davranışlarını yönlendirme yeteneğinin varlığı h&acirc;linde, bu kişiler hakkında suç, ağırlaştırılmış müebbet hapis cezasını gerektirdiği takdirde on iki yıldan on beş yıla; müebbet hapis cezasını ge"
"77280600","Yargıtay","Hukuk Genel Kurulu","2011/505","2011/636","19.10.2011","hgk","ticaret","y2010_2019","0.861","0.798","0.84","0.95","Hukuk Genel Kurulu'nda yapılan görüşmeler sırasında, ticari alım satımların garanti belgesinin olup olmayacağı tartışılmış, yukarıdaki ilkeye paralel olarak, kural olarak, 4077 sayılı Kanun'a göre garanti belgesindeki hükümlerin uygulanamayacağı ancak, genel hükümlere göre (Borçlar Kanunu ve Türk Ticaret Kanunu) ticari alım satımlarda da garanti sözleşmesinin uygulanacağı çoğunluk tarafından benimsemiştir. Dosya içerisinde bulunan garanti belgesinin 4077 sayılı Tüketicinin Ko"
"17103700","Yargıtay","Hukuk Genel Kurulu","2011/104","2011/239","27.04.2011","hgk","icra_iflas","y2010_2019","0.86","0.772","0.852","0.95","818 sayılı Borçlar Kanunu (BK)'na göre haksız fiil sorumluluğu, kural olarak failin (zarar verenin) kusurlu olmasına bağlıdır. Borçlar Kanunumuzda, genel kural olarak kusura dayanan haksız fiil sorumluğu 41."
"77043700","Yargıtay","Hukuk Genel Kurulu","2011/283","2011/333","18.05.2011","hgk","usul_hukuk","y2010_2019","0.86","0.762","0.859","0.95","Hakim, bu davalarda kanun, içtihadı birleştirme kararları ve Yargıtay içtihatları ile belli edilen yöntemlere uygun olarak kira parasının tespiti yoluna gitmek zorundadır. Uygulamada birliği sağlamak için 2/4 sayılı ve 18.11.1964 günlü Yargıtay içtihadı Birleştirme Kararı ile kanunda boşluk bulunduğu temelinden hareketle yeni dönemde aktin kira parasına ilişkin hükmünün yenilenmeyerek kirası belli olmayan bir akit haline geldiği benimsenmiş ve kira parasının sınırlandırılması"
"77283000","Yargıtay","Hukuk Genel Kurulu","2011/608","2011/649","19.10.2011","hgk","is_sgk","y2010_2019","0.859","0.84","0.809","0.95","Buna göre, eksik harç ve giderlerin tamamlanması istemiyle düzenlenen muhtırada yapılması gerekli işlemin ne olduğunun açıkça ve ilgili tarafın yanılmasına neden olmayacak şekilde gösterilmesi; buna yönelik olarak ikmal edilecek harç veya giderin miktarının; yatırılma mercii ve süresinin; yedi günlük sürenin kesin olduğu hususunun ve bunların yapılmamasının sonuçlarının net bir şekilde anlatılması gerekir. Yerel mahkemece, hizmet cetvelinde belirtilen işe giriş ve çıkış tarih"
"86664100","Yargıtay","Hukuk Genel Kurulu","2012/1567","2013/579","24.04.2013","hgk","aile","y2010_2019","0.858","0.835","0.809","0.95","Madde eşlerin aile konutlarıyla ilgili hukukî işlemlerde eşlerin serbestliği ilkesine istisna getirmiş ve böylece aile konutu ile ilgili bazı hukukî işlemlerin diğer eşin rızasına bağlı olduğu kabul edilmiştir. Mahkemece, “davanın kabulüne” dair verilen ilk karar; Özel Daire’ce “ipoteğin kaldırılmasına ilişkin isteklerin nispi harca tabi olduğu, yargı işlemlerinden alınacak harçlar ödenmedikçe müteakip işlemlerin yapılamayacağına” işaretle bozulmuş; Yerel Mahkemece bozma kara"
"465101200","Yargıtay","Ceza Genel Kurulu","2013/22","2013/270","28.05.2013","cgk","ceza_genel","y2010_2019","0.858","0.922","0.759","0.95","İhtisas Kurulunun raporun da; katılanın hayati tehlike geçirmeyecek, basit bir tıbbi müdahale ile giderilemeyecek nitelikte ve vücutta kemik kırıklarının hayat fonksiyonlarına etkisi (ağır) 4. falanksta kırık şeklinde olduğu, buna göre yaralanmanın kişinin yaşamını tehlikeye sokmadığı, basit nitelikte olmadığı, kırıkların hayat fonksiyonlarına etkisinin 2."
"465108700","Yargıtay","Ceza Genel Kurulu","2013/238","2013/271","28.05.2013","cgk","usul_hukuk","y2010_2019","0.858","0.835","0.809","0.95","maddesinde, katılma isteği reddedilmiş veya karara bağlanmamış olanların kanun yollarına başvuru hakkı bulunduğu belirtilerek, böyle bir başvuru halinde, ilk derece mahkemesinde ileri sürülüp reddolunan veya karara bağlanmayan katılma isteklerinin kanun yolu başvurusunda açıkça belirtilmesi halinde inceleme merciince incelenip karara bağlanacağı kabul edilmiştir. madde bütünlüğü altında kabul edilmiş bulunduğundan, kanun yolu ibaresinin temyiz incelemesini de kapsadığını kabu"
"77644600","Yargıtay","Hukuk Genel Kurulu","2012/1192","2012/1208","12.12.2013","hgk","is_sgk","y2010_2019","0.857","0.796","0.83","0.95","6100 sayılı Hukuk Muhakemeleri Kanunu'nun delil ikamesi için avans başlıklı 324 maddesinde ise "" (1) Taraflardan her biri ikamesini talep ettiği delil için mahkemece belirlenen avansı, verilen kesin süre içinde yatırmak zorundadır. maddesinde; 
""(1) Davacı, yargılama harçları ile her yıl Adalet Bakanlığınca çıkarılacak gider avansı tarifesinde belirlenecek olan tutarı, dava açarken mahkeme veznesine yatırmak zorundadır."
"76680600","Yargıtay","Hukuk Genel Kurulu","2009/578","2010/37","27.01.2010","hgk","is_sgk","y2010_2019","0.857","0.777","0.84","0.95","Hizmet tespiti davalarının kamu düzenini ilgilendirdiği, Yargıtay uygulamalarından ve öğretide duraksamaya yer vermeyecek kesinlikte kabul edilmiştir. Vekili; müvekkilinin 01.03.1992 tarihinden 31.03.1992 tarihine kadar davalı işveren H.A 'nın (Hazar İnşaat) yanında çalıştığını, 04.03.1992 tarihinde, SSK'ya işe giriş bildirgesi verildiğini, ücret bordrosu düzenlendiğini, primlerin tahsil edildiğini, SSK kayıtlarında bu çalışmasının görünmediğini belirterek, müvekkillinin 01.0"
"77590900","Yargıtay","Hukuk Genel Kurulu","2013/324","2013/1570","13.11.2013","hgk","is_sgk","y2010_2019","0.857","0.8","0.828","0.95","Nitekim, mülga 3008 sayılı İş Kanunu'nun 2/B maddesinde ""yılın herhangi bir devresinde tam veya fazla faaliyette bulunup, öteki devrede tümüyle faaliyette kalan veyahut faaliyetini azaltan işyeri"" mevsimlik işyeri olarak kabul edilmiştir. Öte yandan, Yıllık Ücretli İzin Yönetmeliği'nin 12.maddesi; ""4857 sayılı İş Kanununun 53.maddesinin 3.fıkrasında sözü geçen ve nitelikleri yönünden bir yıldan az süren mevsim veya kampanya işlerinin yürütüldüğü işyerlerinde devamlı olarak ça"
"77242400","Yargıtay","Hukuk Genel Kurulu","2011/499","2011/557","28.09.2011","hgk","ticaret","y2010_2019","0.857","0.834","0.809","0.95","Bütün bu hükümler birlikte değerlendirildiğinde görülmektedir ki; 
2918 sayılı Karayolları Trafik Kanunu (KTK)'nun 2.maddesinde hiçbir ayrık durum gösterilmeden kural olarak; bu Kanunun, karayollarında meydana gelen trafik olaylarında uygulanacağı belirtildikten sonra, bu kural biraz daha genişletilerek aynı maddenin (a) ve (b) fıkralarındaki durumlarda da uygulanabileceği öngörülmüş; karayolu tanımına girmediği halde genel trafiğin kullanımına açık olan yerler ""karayolu gibi"
"87579100","Yargıtay","Hukuk Genel Kurulu","2013/1152","2013/1472","23.10.2013","hgk","usul_hukuk","y2010_2019","0.857","0.814","0.821","0.95","Kural olarak dava şartı noksanlığını tespit edilmesi halinde davanın usulden reddine karar verilmesi asıl ise de, dava şartı noksanlığının giderilmesi mümkün ise bunun tamamlanması için kesin süre verilmesi, verilen bu süre içinde dava şartı noksanlığı giderilmemişse davanın dava şartı yokluğu sebebiyle usulden reddedilmesi gerekir. 6100 sayılı HMK’nun 46 ve devamı maddelerinde hakimin hukuki sorumluluğu düzenlenmiş, söz konusu davaların ancak devlet aleyhine açılabileceği; a"
"88344200","Yargıtay","Hukuk Genel Kurulu","2013/603","2013/1503","30.10.2013","hgk","miras","y2010_2019","0.856","0.783","0.834","0.95","Hukuk Genel Kurulu’ndaki görüşme sırasında, işin esasının incelenmesinden önce, dava dilekçesinde, imar öncesi 3242 parselden bahsedildiği, Özel Daire bozma ilamında ise, dava konusu edilmeyen imarla oluşan 5 parsel sayılı taşınmazla ilgili hukuki nitelendirme yapılmış bulunması karşısında davacıların davasının hangi parsel hakkında olduğu, sonucuna göre davacının aktif dava ehliyeti önsorun olarak tartışılmıştır. İkinci önsorun olarak; 11.06.2013 günlü resmi gazete yayınlana"
"76989700","Yargıtay","Hukuk Genel Kurulu","2011/50","2011/231","27.04.2011","hgk","usul_hukuk","y2010_2019","0.856","0.742","0.859","0.95","Öncelikle, Ceza mahkemesi kararlarının hukuk davasına etkisi, eş söyleyişle;ceza mahkemesinin hangi kararlarının hukuk mahkemelerini bağlayacağı konusu üzerinde durulmasında yarar vardır:
Ceza mahkemesi kararlarının hukuk mahkemesine (davasına) etkisi, hukukumuzda Borçlar Kanunu'nun 53.maddesinde düzenlenmiş olup; hukuk hakimi, ceza mahkemesinin kesinleşmiş kararları karşısında ilke olarak bağımsız kılınmıştır. M...vekilinin bozma ilamının (1) nolu bendinde yer alan bozma ned"
"86217300","Yargıtay","Hukuk Genel Kurulu","2012/1047","2013/395","27.03.2013","hgk","is_sgk","y2010_2019","0.856","0.83","0.809","0.95","Yerel mahkemece, baba Abdullah'ın emekli olması nedeni ile maddi tazminat isteminin reddine, anne Emine'nin ise ev hanımı olduğu, geliri bulunmadığı, ölen çocuğunun desteğinden ölümüne kadar fiilen, sürekli olarak yararlandığı ve desteğine ihtiyacı olduğu gerekçesi ile maddi tazminat isteminin kısmen kabulüne karar verilmiştir. Bu tazminatın amacı, ölüm olayı olmasaydı ölenin yardımda bulunduğu kimselere yardımda bulunmaya devam edeceğinin düşünülmesi ve ölüm olayının bu süre"
"77515000","Yargıtay","Hukuk Genel Kurulu","2012/1478","2013/788","29.05.2013","hgk","is_sgk","y2010_2019","0.855","0.768","0.84","0.95","ve tarım kesimine yönelik faaliyette bulunan milli bankaların kayıtlarının esas alınacağı kabul edilmiştir. Davalı Sosyal Güvenlik Kurumu (SGK) vekili cevap dilekçesinde özetle, 2926 sayılı Kanun uyarınca aile reisi olmayan kadınların 02.08.2003 tarihinden önce tevkifata dayalı olarak tescillerinin mümkün olmadığını ve 2926 sayılı Kanunun geriye dönük tespite imkan tanımadığını, 6111 sayılı Kanunun yürürlük tarihinde kesinleşmiş prim borcu bulunmayan davacının anılan Kanundan"
"76977800","Yargıtay","Hukuk Genel Kurulu","2010/478","2010/527","20.10.2010","hgk","esya_tapu","y2010_2019","0.854","0.848","0.793","0.95","Öncelikle, eldeki davaya kadar olan gelişmelerin ve eldeki dosya içeriğinin açıklanmasında yarar vardır: 
Çekişme konusu 235,eski 236 ve eski 237 parsel sayılı taşınmazlar 1942 yılında 3116 sayılı yasa uyarınca yapılan orman tahdidi sırasında Ballıca Devlet Ormanı tahdit sınırları içerisine alınmış; bu orman kadastrosu işlemine karşı davalının bayiinin murisi tapu maliki A....Z...D.... tarafından Orman İdaresine karşı, Kasım 1932 Tarih 13-32 nolu tapulara dayalı olarak açılan"
"435826100","Yargıtay","Büyük Genel Kurulu","2016/4","2016/4","13.05.2016","yibk","ticaret","y2010_2019","0.853","0.894","0.721","1","Bundan başka kanunda belirtilmemiş olmasına rağmen, hâkimin kasten hukuka aykırı karar vermesi gerekir ki davacı tarafın eldeki davada ihbar edilen hakimlerin kasten hukuka aykırı karar verdiklerine dair bir delil ileri sürmediği gibi eldeki deliller ile de ispat edilememiştir. maddesinin (a) bendine göre hakimin sorumlu tutulabilmesi için; 
Kanunumuz burada hâkimin taraflardan birini kayırma veya taraf tutma yahut taraflardan birine olan kin veya düşmanlık sebebiyle hukuka a"
"77480200","Yargıtay","Hukuk Genel Kurulu","2013/236","2013/1750","25.12.2013","hgk","is_sgk","y2010_2019","0.853","0.795","0.821","0.95","maddesinde öngörülen ""hizmet tespiti"" davasına koşut bir düzenlemeye yer verilmemesi nedeniyle, kural olarak 2926 sayılı Kanun ile sigortalıların hak ve yükümlülüklerinin kayıt ve tescil edildikleri tarihi takiben başlayacağının hükme bağlanmış olması karşısında, kayıt ve tescil ya da tescil yerine geçen iradi prim ödemesi veya prim tevkifatı ile birlikte devam eden tarımsal faaliyete dayalı tarım Bağ-Kur sigortalılığının tespiti söz konusu olamayacaktır. madde kapsamında ürü"
"86483200","Yargıtay","Hukuk Genel Kurulu","2012/1069","2013/379","20.03.2013","hgk","is_sgk","y2010_2019","0.851","0.86","0.778","0.95","Kural olarak aracın trafik sicilinde adına kayıtlı olduğu kişi, yani araç sahibi, aracı kendi hesabına ve kendisine ait olmak üzere kullanıyor, üzerinde çıkar sağlıyorsa; hem şekli hem de maddi anlamda işleten sıfatını alacaktır. 2002/141 K.; 24.03.2004 gün ve 2004/10-165 E., 2004/171 K.; sayılı kararlarında da aynı ilke benimsenmiştir."
"77553100","Yargıtay","Ceza Genel Kurulu","2012/1313","2013/521","26.11.2013","cgk","ceza_genel","y2010_2019","0.851","0.805","0.809","0.95","Maddenin birinci fıkrasının (e) bendindeki hırsızlık suçunun oluşması için; adet, tahsis veya kullanımları gereği açıkta bırakılan eşyanın çalınması gerekmekte olup, bu bölüme ilişkin madde gerekçesinde de; ""fıkranın (e) bendinde, &acirc;det veya tahsis ve kullanım gereği açığa bırakılmış olan eşya hakkında hırsızlık suçunun işlenmesi, bir nitelikli unsur olarak kabul edilmiştir. Herkesin girebileceği yerden, cadde, sokak, pazar yeri veya meydan gibi hiçbir sınırlama, engel o"
"77453700","Yargıtay","Hukuk Genel Kurulu","2013/431","2013/1705","25.12.2013","hgk","is_sgk","y2010_2019","0.849","0.722","0.852","0.95","Anılan maddenin gerekçesinde de açıklandığı üzere, düzeleme ile hakkın kötüye kullanımının olası uygulamaları engellenmek istenmiş ve bu amacın gerçekleştirilebilmesi için kötüye kullanımın varlığı belirlendiği takdirde ilgiliyi haktan yararlandırmama; hakkın kötüye kullanılması durumunda haksahipliğinin ortadan kalkması ve dolayısıyla gelir veya aylıktan yararlandırılmama yöntemi benimsenmiştir. Buna göre, daha önce sosyal güvenlik kanunlarında yer almayan, boşanılan eşle fi"
"76943800","Yargıtay","Hukuk Genel Kurulu","2010/407","2010/501","13.10.2010","hgk","miras","y2010_2019","0.849","0.709","0.859","0.95","Kural olarak, özel yetki genel yetkiyi kaldırmaz, yani onunla birlikte uygulanır; dolayısıyla, sözleşmeden doğan davalar davalının ikametgahındaki mahkemede açılabileceği gibi sözleşmenin ifa edildiği veya davalı ya da vekilinin dava tarihinde orada bulunması kaydıyla, sözleşmenin yapıldığı yerdeki mahkemelerden birinde açılabilir. Yetki kuralları, bütün davalar ve bazı davalar için olmak üzere ikiye ayrılır: 
Bunlardan kural olarak bütün davalar için uygulanan yetki kuralına"
"77395300","Yargıtay","Hukuk Genel Kurulu","2012/1479","2013/815","12.06.2013","hgk","is_sgk","y2010_2019","0.849","0.848","0.778","0.95","maddesinde ise; sağlık hizmetlerinin, Sağlık ve Sosyal Yardım Bakanlığı, SSK, mahalli idareler, üniversiteler ile KİT'lere bağlı sağlık tesisleri ile diğer sağlık tesislerinden satın alınmak suretiyle yürütülmesi kabul edilmiştir. maddesinde, sigortalı ve haksahiplerinin bulundukları basamağa göre kurum yönetim kurulunca tespit edilen ve sağlık karnelerinde gösterilen yatak sınıflarından daha üst bir üst sınıfta yatmak istedikleri takdirde ücret farkını kendilerinin ödeyeceği"
"86462900","Yargıtay","Hukuk Genel Kurulu","2012/1121","2013/386","20.03.2013","hgk","is_sgk","y2010_2019","0.848","0.836","0.784","0.95","maddesindeki vekaletten azil, istifa durumları veya ölüm, iflas veya ehliyetin kaybı halleri de bulunmadığına göre ergin (reşit) çocuk ile vekili arasındaki ilişkinin devam ettiğinin kabulü gerekir. Elektrik Dağıtım AŞ vekili cevap dilekçesinde özetle; zararı doğuran sigorta olayı ile netice arasında illiyet bağı bulunması gerektiğini, oysa sigortalının ölüm nedeni kesin olarak tespit edilemediği gibi ölümün işyerinde meydana gelmediğini, ayrıca yürütülmekte olan iş dolayısıy"
"77276800","Yargıtay","Hukuk Genel Kurulu","2011/504","2011/606","12.10.2011","hgk","icra_iflas","y2010_2019","0.848","0.707","0.859","0.95","I- Yargı yolu bakımından yapılan incelemede; 
Hukuk Genel Kurulu'ndaki görüşme sırasında, işin esasına geçilmeden önce, kesinleşen görevsizlik kararı bulunmadığından 6100 sayılı Hukuk Muhakemeleri Kanunu(HMK)'nun göreve ilişkin hükümlerinin uygulanması gerektiği görüşü ileri sürülmüş ise de; çoğunlukça 6100 sayılı HMK.nun Geçici 1. Hemen belirtmelidir ki, davacıların küçük çocuklarını, SSK Van Hastanesinde muayene eden davalı doktor ile iğne yapan diğer davalı hemşirenin, ger"
"76876600","Yargıtay","Ceza Genel Kurulu","2010/162","2010/179","28.09.2010","cgk","is_sgk","y2010_2019","0.848","0.757","0.83","0.95","(2) Birleştirilen davalarda, bu davaları gören mahkemenin t&acirc;bi olduğu yargılama usulü uygulanır. Ceza Dairesince, ikinci kez birleştirme kararı verilmesine gerek bulunmadığı ve ilk derece mahkemeleri ile Yargıtay ilgili ceza dairesinde doğan olumlu birleştirme uyuşmazlığını çözme yetkisinin, Yargıtay Ceza Genel Kurulunun 15.04.2003 gün ve 108-120 sayılı kararında da vurgulandığı üzere Ceza Genel Kuruluna ait olduğu kararlaştırılarak konuların müzakeresine başlanmıştır."
"76823600","Yargıtay","Ceza Genel Kurulu","2010/94","2010/120","25.05.2010","cgk","ceza_genel","y2010_2019","0.848","0.824","0.79","0.95","Görüldüğü gibi 5237 sayılı Yasada, paraya çevirme, tedbire dönüştürme ve erteleme şeklinde üç atıfet müessesi kabul edilmiş ve ancak sanık hakkında bu atıfet müesseselerinden yalnızca birinin uygulanabileceği hüküm altına alınmış, bu kapsamda erteleme yalnızca hapis cezaları için kabul edilmiş, hükmolunan cezanın adli para cezasına veya tedbire çevrilmesi halinde erteleme olanağı ortadan kaldırılmıştır. fıkralar ile de büyükler için kabul edilen hükmün açıklanmasının geri bır"
"257971500","Yargıtay","Hukuk Genel Kurulu","2010/556","2010/602","24.11.2010","hgk","usul_hukuk","y2010_2019","0.847","0.817","0.793","0.95","Hakimlerin tıpkı diğer şahıslar gibi cezai, hukuki ve disiplin sorumluluğunu gerektiren eylemlerinin varlığı halinde sorumlu olacakları, ancak bu sorumlulukların yapılan işin yargılama faaliyeti olması da gözetilerek farklı ilkelere bağlanıp, özel olarak düzenlenmesi gereği kabul edilmiştir. Dava dilekçesinde, davacının 13/4/2009 tarihinde gözaltına alındığı ve 17/4/2009 gününde de tutuklandığı; aynı gün kalp spazmı geçirdiği ve hayati tehlikesinin varlığının doktor raporları"
"17157500","Yargıtay","Hukuk Genel Kurulu","2011/569","2011/710","30.11.2011","hgk","miras","y2010_2019","0.847","0.7","0.859","0.95","Aynı maddenin ikinci fıkrasında ise bu davanın, ceza kanunlarına göre müddeti daha uzun müruru zamana tabi cezayı müstelzim bir fiilden neşet etmiş olması halinde tazminat davasına da o müruru zamanın tatbik olunacağı belirtilerek, zamanaşımı süresinin bu gerekçeyle uzayacağı kabul edilmiştir. Ancak, zarar veya onun faili, uzamış zamanaşımı süresinin bitmesinden sonra öğrenilmiş ise, davanın, öğrenme tarihinden itibaren, 2918 sayılı Kanunun 109.maddesindeki iki yıllık süre iç"
"17000000","Yargıtay","Hukuk Genel Kurulu","2010/252","2010/337","23.06.2010","hgk","miras","y2010_2019","0.846","0.836","0.778","0.95","gerekçesiyle dava kabul edilmişse de; hemen belirtilmelidir ki Türk Medeni Kanununun 396 ve devamı maddelerinde açıklandığı gibi, hukuki ehliyetsizlik iddiasında kısıtlı kayıt maliki sağ ise, kendisine yasada öngörüldüğü biçimde vasi tayin edilmesi, vasinin de vesayet makamından izin almak suretiyle (Türk Medeni Kanununun 462/8.md) kısıtlının bütün menfaatlerini korumak, hukuki işlemlerde onu temsil etmekle yükümlü olduğu açıktır. Bir sübjektif hakkı dava etme yetkisi (dava h"
"77393200","Yargıtay","Hukuk Genel Kurulu","2012/1626","2013/813","12.06.2013","hgk","aile","y2010_2019","0.845","0.694","0.859","0.95","Yargıtay İçtihatları Birleştirme Büyük Genel Kurulu'nun 22.05.1987 gün ve E:1986/4, K:1987/5 sayılı ilamının gerekçesinde ise, yasaların uygulanmasında, hakların korunması doğrultusunda hareket etme gereği karşısında, açık bir irade beyanı olmadan davadan feragat edildiği sonucunun çıkarılamayacağı kabul edilmiştir. HMK'nun 309/4 maddesine göre ""feragat ve kabul, kayıtsız ve şartsız olmalıdır."" Aynı ilkeler, Hukuk Genel Kurulu'nun 13.04.2005 gün ve E:2005/11-242, K:2005/249; "
"77454200","Yargıtay","Hukuk Genel Kurulu","2012/1137","2013/879","26.06.2013","hgk","aile","y2010_2019","0.844","0.85","0.765","0.95","Türk Medeni Kanunu ile kabul edilmiş ve ""Değer Artış Payı"" başlığı ile TMK m. Her ne kadar tapu, kat mülkiyetinin kurulması ile 06.11.1992 tarihinde koca adına oluşmuş ise de, taşınmazın edinme sürecini, harici satın alma ve taksitlerin ödenme tarihleri olarak kabul etmek gerekir."
"87779700","Yargıtay","Ceza Genel Kurulu","2012/1469","2013/19","22.01.2013","cgk","usul_hukuk","y2010_2019","0.844","0.858","0.759","0.95","maddeye paralel biçimde duruşmada son sözün sanığa verileceği kabul edilmiş, ayrıca sanık müdafiine de son söz hakkı verileceğine ilişkin bir düzenlemeye yer verilmemiştir. Sanığın olmadığı yerde, son sözün de olmaması gerekir (Erdener Yurtcan, Yargıtay Kararları Işığında Son Sözün Sanığa verilmesi, Yargıtay Dergisi, 1994/10, s.417) şeklindeki açıklamalarla benzer düşüncelere yer verilmiştir."
"17001600","Yargıtay","Hukuk Genel Kurulu","2010/358","2010/353","30.06.2010","hgk","miras","y2010_2019","0.843","0.812","0.784","0.95","O halde, 4822 sayılı Kanunla konut ve tatil amaçlı taşınmaz mallar da 4077 sayılı Tüketicinin Korunması Hakkında Kanun'un 3/c maddesinin kapsamına alındığına göre, kural olarak bunların tüketici hukuku hükümleri kapsamında ve onun koruması altında olduğu kabul edilmelidir.Kısacası, yasa koyucunun koruma iradesinin inşaatı tamamlanmadan veya kat mülkiyeti oluşturulmadan satışa sunulmuş olan konut ve yazlıkları satın alan tüketicileri de kapsadığı kuşkusuzdur. Eş söyleyişle, 48"
"77243800","Yargıtay","Hukuk Genel Kurulu","2012/679","2013/160","30.01.2013","hgk","miras","y2010_2019","0.843","0.802","0.79","0.95","Hemen belirtmek gerekir ki yargılama giderleri, kural olarak mahkemece davada haksız çıkan ve bu sebeple aleyhine hüküm verilen tarafa yüklenir. Medeni usul hukukunda, kural olarak kanun değişikliklerinde az yukarıda belirtilen ilkeye paralel ""derhal uygulanırlık"" ilkesi geçerlidir."
"77574300","Yargıtay","Ceza Genel Kurulu","2013/272","2013/524","26.11.2013","cgk","usul_hukuk","y2010_2019","0.843","0.889","0.74","0.95","Sürenin uzaması kuralının uygulanabilmesi için, adl&icirc; tatil içinde görülemeyen dava ve işlerle ilgili kararın tebliğinin tatilden önce gerçekleştirilmesi, işlemeye başlayan sürenin adl&icirc; tatil içinde sona ermesi gerekir. maddesine göre tebliğden itibaren geçerli olan bir haftalık temyiz süresinin adl&icirc; tatilin bittiği tarihten itibaren hesaplanması gerekir."
"85693400","Yargıtay","Hukuk Genel Kurulu","2012/842","2013/291","27.02.2013","hgk","is_sgk","y2010_2019","0.842","0.85","0.759","0.95","Kural olarak, yargılama aşamasında dayanılıp sunulmayan deliller, temyiz veya karar düzeltme aşamasında sunulamazlar; sunulmuş olsalar bile, bu aşamalardaki incelemeler sırasında dikkate alınamazlar. Bu kuralın tek istisnası, dayanılıp sunulan delillin, o davaya konu borcu söndüren bir nitelik taşıması; örneğin, davaya konu borcun ödenmiş olduğunu gösteren makbuz, ibraname gibi bir belge olmasıdır.(Hukuk Genel Kurulu’nun 05.04.2000 gün ve 2000/11-745 E.-734 K., 28.05.2003 gün"
"435867500","Yargıtay","Büyük Genel Kurulu","2013/3","2013/3","21.01.2013","yibk","ticaret","y2010_2019","0.841","0.837","0.721","1","Yine bu amaçla, 14 Şubat 2011 tarihinde yürürlüğe giren 09 Şubat 2011 tarih ve 6110 sayılı “Bazı Kanunlarda Değişiklik Yapılmasına Dair Kanun” ile hakim ve savcıların bir soruşturma, kovuşturma veya davayla ilgili olarak yaptıkları işlem, yürüttükleri faaliyet veya verdikleri kararlar nedeniyle açılacak tazminat ve rücu davalarında yeni düzenlemeler getirilmiş ve hakimlerin hukuki sorumluluğuna ilişkin, Devletin sorumlu tutulacağı esası benimsenmiştir. ve 6110 sayılı Kanunla "
"77047800","Yargıtay","Hukuk Genel Kurulu","2011/290","2011/361","25.05.2011","hgk","is_sgk","y2010_2019","0.841","0.847","0.759","0.95","İşçi sağlığı ve güvenliğine ilişkin tedbirler, kural olarak geçici işveren tarafından alınır. maddesine göre, bir işverenin kendisine iş akdi ile bağlı işçisinin onayını almak ve holding bünyesi içinde veya aynı şirketler topluluğuna bağlı başka işyerinde veya yapmakta olduğu işe benzer işlerde çalıştırılması koşuluyla, o işçiyi, başka bir işverene iş görme edimini yerine getirmek üzere geçici olarak devretmesidir."
"76844800","Yargıtay","Hukuk Genel Kurulu","2010/221","2010/241","28.04.2010","hgk","aile","y2010_2019","0.841","0.608","0.896","0.95","HUKUK GENEL KURULU KARARI

 Hukuk Genel Kurulu'nca incelenerek direnme kararının süresinde temyiz edildiği anlaşıldıktan ve dosyadaki k&acirc;ğıtlar okunduktan sonra gereği görüşüldü:
Davacı vekili, Tarafların 1964 senesinde evlendiklerini, ayrı yaşadıklarını, evlilik birliğinin temelinden sarsılması nedeniyle tarafların boşanmalarına karar verilmesini talep ve dava etmiştir. Mahkemece, belirtilen kesin süre içinde davalının delillerini sunmadığı, süre geçtikten sonra 15.01.2"
"76705700","Yargıtay","Hukuk Genel Kurulu","2010/70","2010/86","17.02.2010","hgk","usul_hukuk","y2010_2019","0.841","0.792","0.79","0.95","Kural olarak kadastro davaları, lehine tespit yada kadastro komisyonunca adlarına tescile karar verilen gerçek veya tüzel kişiler arasında görülür. Ortada belirgin biçimde temsilcide yanılma hali bulunmakta olup, bu durumun mahkemece resen gözetilmesi ve davanın usulünce gerçek hasma yöneltilebilmesi için davacı yana olanak sağlanması gerekir."
"77097900","Yargıtay","Hukuk Genel Kurulu","2011/206","2011/461","29.06.2011","hgk","usul_hukuk","y2010_2019","0.84","0.765","0.803","0.95","Sayıştay Yasası'nda, inceleme ve karar yolları için yargı organlarında kullanılan ""yargılama"", ""hüküm"", ""temyiz"", ""içtihadı birleştirme"" ve ""ilam"" gibi terimlerin kullanılmış olması Sayıştay'ın işlevinin yargısal nitelikte olduğunu göstermez. Direnme yoluyla Hukuk Genel Kurulu'nun önüne gelen uyuşmazlık;aynı hukuki işleme ilişkin birbirine aykırı hem Sayıştay hem de idare mahkemesi kararlarının bulunması karşısında, bu kararlardan hangisine değer verileceği;burada varılacak s"
"17160600","Yargıtay","Hukuk Genel Kurulu","2011/619","2011/716","30.11.2011","hgk","ticaret","y2010_2019","0.84","0.778","0.796","0.95","492 sayılı Harçlar Kanunu'nun, 06.06.2008 tarihinde yürürlüğe giren 04.06.2008 gün ve 5766 sayılı Amme Alacaklarının Tahsil Usulü Hakkında Kanunda ve Bazı Kanunlarda Değişiklik Yapılması Hakkında Kanunun 11.maddesinin (d/IV-a) bendi ile, (1) sayılı Tarifenin ""A) Mahkeme Harçları"" bölümünün sonuna, (IV) numaralı bölüm eklenerek, Yargıtay ve Danıştay'a yapılacak temyiz başvurularında harç alınması hususu kabul edilmiş; bu harçların mi Uyuşmazlığın niteliği gereği, öncelikle har"
"17213100","Yargıtay","Hukuk Genel Kurulu","2010/130","2010/161","17.03.2010","hgk","borclar","y2010_2019","0.839","0.806","0.778","0.95","Direnme yoluyla Hukuk Genel Kurulu önüne gelen uyuşmazlık; davalının hukuka aykırı davranışı sonucu oluşan zarar nedeniyle, davacının birlikte kusurunun, davalının davacıya karşı olan tazminat sorumluluğunu tamamen ortadan kaldırıp kaldırmayacağı noktasında toplanmaktadır. (Turgut Uyar, Açıklamalı-İçtihatlı Borçlar Kanunu Genel Hükümler, Birinci Cilt, 1990 bası, s.549)






Tazminat hukukunun bir ilkesi olarak, sorumluluk şartları gerçekleştiği taktirde, zarar veren, zarar g"
"435858000","Yargıtay","Büyük Genel Kurulu","2014/4","2014/17","21.11.2014","yibk","usul_hukuk","y2010_2019","0.837","0.822","0.721","1","maddesindeki tazminat davası dilekçesinde hangi sorumluluk sebebine dayanıldığının ve delillerin açıkça belirtileceği; varsa belgelerin de ekleneceği ” düzenlemesi karşısında, delil listesinde esas ve karar numaraları belirtilmeyen ve ibraz edilmeyen delillerin ilk derece mahkemesi sıfatıyla görev yapan Hukuk Genel Kurulu tarafından toplanıp toplanmayacağı, hukuki sorumluluk sebebinin açıklaması için süre verilip verilmeyeceği konuları tartışılmıştır. Nitekim; Yargıtay Hukuk "
"77475200","Yargıtay","Hukuk Genel Kurulu","2012/1371","2013/756","22.05.2013","hgk","is_sgk","y2010_2019","0.835","0.84","0.746","0.95","Devletin, iş ilişkilerini düzenlerken nasıl işçiyi koruma amacıyla özel mahiyette maddi hukuk kuralları vazetmesi gerekiyorsa, bir hukuk uyuşmazlığı olarak iş uyuşmazlıklarının çözümünü de genel yargıdan ayırması, İş Hukukuna has yani bu hukukun amacına hizmet edecek şekilde kolay, hızlı ve ekonomik usul kurallarıyla yargılayan uzman özel (spesifik) bir yargıya bırakması gerekmektedir. İşte bu gerek, çoğu ülkede olduğu gibi Türkiye'de de iş davalarının, bu alanda uzman, özel "
"77318000","Yargıtay","Hukuk Genel Kurulu","2011/669","2011/807","16.12.2011","hgk","usul_hukuk","y2010_2019","0.834","0.627","0.868","0.95","HUKUK GENEL KURULU KARARI 
 
Hukuk Genel Kurulunca incelenerek, 4.Hukuk Dairesinin ilk derece mahkemesi sıfatıyla verdiği karara karşı davacı tarafın temyiz isteminin süresinde olduğunun anlaşılmasından ve dosyadaki tüm kağıtların okunmasından sonra gereği düşünüldü: 
Dava, mülga 1086 sayılı Hukuk Usulü Muhakemeleri Kanunu'nun 573. Ceza Dairesi'nin 2010/1 Esas sayılı dava dosyası ile, müvekkilinin yargılandığı 2010/108 sayılı dava dosyasının birleştirilmesine karar verildiği "
"16979500","Yargıtay","Hukuk Genel Kurulu","2010/290","2010/328","16.06.2010","hgk","borclar","y2010_2019","0.834","0.697","0.828","0.95","Tapuda kayıtlı bir taşınmazın mülkiyetini devir borcu doğuran ve ancak yasanın öngördüğü biçim koşullarına uygun olarak yapılmadığından geçersiz bulunan sözleşmeye dayanılarak açılan bir cebri tescil davası kural olarak kabul edilemez. Ancak, alacağın temliki şeklinde gerçekleşen böyle bir sözleşmeye dayalı olarak temlik alanın talepte bulunabilmesi için, öncelikle yüklenici tarafından kendisine temlik edilen hakkın arsa sahibi nezdinde gerçekleşmesi; eş söyleyişle, yüklenici"
"76990500","Yargıtay","Ceza Genel Kurulu","2010/225","2010/268","21.12.2010","cgk","ceza_genel","y2010_2019","0.834","0.866","0.73","0.95","fıkrasındaki indirimin ""Daha çoğunu alma imkanı varken, değer olarak gerçekten az olan şeylerin alınması durumunda"" uygulanabileceğini benimsemiş, genel kurulda da oyçokluğu ile bu görüş kabul edilmiş ise de görüşün doğru olmadığı kanaatindeyim. Ceza kanununda yer alan ve açık olmayan hususlarda yorum yapmak mümkün ise de yoruma gidilirken kanunun hazırlık çalışmalarından, sistematiğinden, o konudaki hukuki müessesenin tarihçesinden, müesseseye ilişkin mukayeseli hukuktaki dü"
"17096300","Yargıtay","Ceza Genel Kurulu","2010/242","2010/265","21.12.2010","cgk","usul_hukuk","y2010_2019","0.834","0.761","0.79","0.95","maddesinde yer alan; naJ Mahkemenin görevli olmaması halinde, dosya üzerinde yapılacak inceleme sonucunda verilecek görevsizlik kararıyla dosya, görevli mahkemeye gönderilir"" hükmünün ise, ilk derece mahke-melerdeki yargılamalarla ilgili olduğu ve temyiz aşamasında bulunan hü-kümlerle ilgili olarak uygulanma olanağının bulunmadığı kabul edilmelidir. İncelenen dosyada:






Sanık hakkında, 12.11.2005 tarihinde işlediği iddia edilen silah kaçakçılığı suçundan, 6136 sayılı Yasa"
"77281600","Yargıtay","Hukuk Genel Kurulu","2011/529","2011/643","19.10.2011","hgk","is_sgk","y2010_2019","0.833","0.748","0.796","0.95","(Ancak, 7 nci maddenin (ı) bendinde belirtilen tanınmış markalarla ilgili davanın tescil tarihinden itibaren 5 yıl içerisinde açılması gerekir. Direnme yoluyla Hukuk Genel Kurulu önüne gelen uyuşmazlık; Taklit ürünleri satmak suretiyle marka hakkına tecavüz suçundan ceza mahkemesinde yargılanan ve ceza mahkemesince markanın hükümsüzlüğünün dava konusu edilmesi için kendilerine süre verilen mağaza çalışanı davacıların, 556 Sayılı Markaların Korunması Hakkında Kanun Hükmünde Ka"
"77662500","Yargıtay","Hukuk Genel Kurulu","2012/1363","2012/1300","26.12.2012","hgk","is_sgk","y2010_2019","0.833","0.798","0.765","0.95","maddesinde, bu Kanunun amacının, çalışanların aylık ve ücretlerinden tasarruf kesintisi yapılmasını, tasarruflara Devlet veya ilgili işverenlerin katkıda bulunmasını, bağımsız çalışanların gelirlerinin bir kısmının tasarrufa ayrılmasını temin etmek ve bu tasarrufların en iyi şekilde nemalandırılmasını sağlamak suretiyle çalışanların tasarruf yapmalarını teşvik etmek olduğu belirtilmek suretiyle açıklanmıştır. maddesinde ise; 
""İşverenlerin, ücretlerden yapacakları tasarruf ke"
"45626300","Yargıtay","Hukuk Genel Kurulu","2012/1047","2013/395","27.03.2013","hgk","is_sgk","y2010_2019","0.833","0.757","0.79","0.95","ye ait 41 D 1892 plakalı kamyonda seyir halinde iken 15.12.2005 tarihinde meydana gelen trafik kazası sonucu hayatını kaybettiğini belirterek, davacı Abdullah için 15.000,00 YTL, Emine için ise 33.000,00 YTL maddi tazminatın kaza tarihinden itibaren yasal faizi ile birlikte (sigorta şirketinin poliçe limitleri ile sınırlı olmak üzere) davalılardan müştereken ve müteselsilen tahsiline karar verilmesini istemiştir. Yerel mahkemece, baba Abdullah' ın emekli olması nedeni ile mad"
"87154700","Yargıtay","Hukuk Genel Kurulu","2012/1927","2013/1406","25.09.2013","hgk","borclar","y2010_2019","0.833","0.809","0.759","0.95","Piyasa ekonomisinin hâkim olduğu hukuk sistemlerinde, sözleşme özgürlüğünden doğabilecek bazı sakıncalı durumlara ve özellikle de ekonomik gücün kötüye kullanılmasına engel olmak amacıyla sözleşme yapma mecburiyeti kabul edilmiştir. Yukarıda belirtildiği üzere, sözleşme yapma zorunluluğunun bulunduğu hallerde (tekel durumunda), iltihaki sözleşmenin devamını engelleyen yasal veya fiili bir engelin bulunmaması gerekir (Hukuk Genel Kurulu'nun 13.05.1977 g"
"89104500","Yargıtay","Ceza Genel Kurulu","2013/664","2013/622","24.12.2013","cgk","icra_iflas","y2010_2019","0.833","0.808","0.759","0.95","765 sayılı TCK’nun yürürlükte olduğu dönemde, Ceza Genel Kurulunun 09.07.2002 gün ve 138-301 ile 03.12.2002 gün ve 247-414 sayılı kararlarıyla; “failin bir kimseye karşı bir suçu işlemeye sebatla ve koşulsuz olarak karar vermesi, suçu işlemeden önce soğukkanlı bir şekilde düşündükten sonra ulaştığı ruhsal sükûnete rağmen kararından vazgeçmeyip ısrarla ve bu akış içerisinde fiilini icraya başlaması halinde tasarlamadan söz edilebilir. Yerleşik yargısal kararlarda kabul edildiğ"
"457377800","Yargıtay","Hukuk Genel Kurulu","2011/472","2011/608","12.10.2011","hgk","ticaret","y2010_2019","0.832","0.806","0.759","0.95","Davalı/gerçek kişi/borçlu vekili, davalı ile davacı arasında yazılı ya da sözlü bir sözleşme bulunmadığını, akdi ilişkinin davacı şirket ile dava dışı Serenas Ltd.Şti arasında olup, tadilat ve dekorasyon işlerinin müvekkilinin kullandığı yeri de kapsayacak şekilde yapılması nedeniyle, vekaletsiz iş görme hükümlerinin söz konusu olduğunu, asıl iş sahibi Serenas Ltd. ile iç ilişki gereği müvekkili tarafından payına düşen ve KDV dahil 66.500, YTL (TL) olarak belirlenen iş bedeli"
"77620700","Yargıtay","Hukuk Genel Kurulu","2013/439","2013/1595","27.11.2013","hgk","usul_hukuk","y2010_2019","0.832","0.804","0.759","0.95","Bir sübjektif hakkı dava etme yetkisi (dava hakkı) kural olarak o hakkın sahibine aittir. Yukarıda ifade edildiği üzere, taraf sıfatı usul hukuku sorunu olmayıp, dava konusu sübjektif hakkın özüne ilişkin bir maddi hukuk sorunu olduğundan yargılamanın her aşamasında mahkemece kendiliğinden nazara alınması gerekir."
"16967600","Yargıtay","Ceza Genel Kurulu","2010/17","2010/65","30.03.2010","cgk","icra_iflas","y2010_2019","0.832","0.856","0.73","0.95","Bunun için her hadisede kastı incelemek ve ona göre bir veya ayrı suç teşkil edip etmediğini araştırmak gerekir. 1-) Birden çok suçu sonuçlayan tek ve aynı fiilin bulunması şartı;






A-) Fiilin tek olması: Ceza hukukunda hareketle neticeyi birlikte belirtmek üzere V/il' terimi kullanılın Şu halde, fiil dediğimiz zaman, sadece hareketi veya sadece neticeyi değil, fakat bunlardan her ikisini birden kastetmiş oluruz."
"77252500","Yargıtay","Hukuk Genel Kurulu","2011/446","2011/569","28.09.2011","hgk","ticaret","y2010_2019","0.83","0.678","0.828","0.95","Kural olarak başka bir mahkeme sıfatıyla görülmek üzere dava açılan bu gibi hallerde Asliye Hukuk Mahkemesinin yargılamaya hangi sıfatla baktığını tensip kararından başlayarak karara bağlaması ve buna göre yargılamayı sürdürmesi, sonuçta da nihai kararında göstermesi gerekir. Örneğin, İş mahkemesi sıfatıyla Asliye Hukuk Mahkemesine açılan bir davada seri yargılama usulü uygulanacağı gibi, temyiz süresi de tefhimle başlayacağından mahkemenin bu sıfatla davaya baktığını karar a"
"77038500","Yargıtay","Hukuk Genel Kurulu","2011/288","2011/329","18.05.2011","hgk","is_sgk","y2010_2019","0.83","0.7","0.815","0.95","O halde, harca ilişkin bir yasa hükmünün yorumu ve uygulanmasında, bu ilke ve amacın gözden uzak tutulmaması gerekir. Şikayetçi/alacaklı banka vekili, borçluya kullandırılan kredinin geri ödenmesini temin amacıyla icra takibi yapıldığını, anılan icra takibi sırasında müvekkili bankanın harçtan muaf olmasına rağmen başvuru, peşin ve vekalet harçlarının alındığını, bu nedenle şikayetin kabulü ile tahsil edilen harçların iadesine karar verilmesini istemiştir."
"77240300","Yargıtay","Hukuk Genel Kurulu","2012/671","2013/151","30.01.2013","hgk","usul_hukuk","y2010_2019","0.83","0.798","0.759","0.95","Hakimin tespit ettiği süreler ise, kural olarak kesin değildir (KURU, Baki, Prof. Yukarıda da belirtildiği üzere, ilke olarak, hakimin verdiği süre kesin değildir."
"77578300","Yargıtay","Hukuk Genel Kurulu","2013/72","2013/1558","13.11.2013","hgk","miras","y2010_2019","0.83","0.572","0.89","0.95","Nitekim aynı ilkeler, Hukuk Genel Kurulu'nun 15.06.2011 gün ve E:2011/17-142, K:411; 22.02.2012 gün ve E:2011/17-787, K:2012/92; 27.06.2012 gün ve E:2012/17-215, K:413 sayılı ilamlarında da benimsenmiştir. HUKUK GENEL KURULU KARARI
 
Hukuk Genel Kurulu'nca incelenerek direnme kararının süresinde temyiz edildiği anlaşıldıktan ve dosyadaki kağıtlar okunduktan sonra gereği görüşüldü:
Asıl ve birleşen dava, davalı sigorta şirketine zorunlu mali sorumluluk sigortası ile sigortalan"
"17232300","Yargıtay","Hukuk Genel Kurulu","2009/539","2010/16","27.01.2010","hgk","icra_iflas","y2010_2019","0.83","0.829","0.74","0.95","Görüldüğü üzere; borçlu tarafından borcun itfa edildiği gerekçesiyle takibin iptali istemiyle yapılan itirazda, tebligatın usulsüzlüğüne ilişkin iddianın varlığı Mahkemece kabul edilmiş olmasına karşın, Özel Daire'ce ödeme emri tebliğinin usulsüzlüğünün iddia edilmediği benimsenmiştir. Şikâyet, icra dairelerinin icra hukukuna aykırı olan ve hadiseye uygun bulunmayan işlemlerinin iptali ve düzeltilmesini veya yerine getirilmeyen veya sebepsiz sürüncemede bırakılan bir hakkın y"
"77580200","Yargıtay","Ceza Genel Kurulu","2012/1410","2013/420","22.10.2013","cgk","ceza_genel","y2010_2019","0.83","0.83","0.74","0.95","Gerek 5271 sayılı Ceza Muhakemesi Kanununda, gerekse 1412 sayılı Ceza Muhakemesi Usulü Kanununda kamu davasına katılma konusunda suç bakımından bir sınırlama getirilmemiş, ilke olarak şartların varlığı halinde tüm suçlar yönünden kamu davasına katılma kabul edilmiştir. cilt, Ankara, 2010, s.7702-7703) 
""Suçtan zarar görme"" kavramı gerek Ceza Genel Kurulu, gerekse Özel Dairelerin yerleşmiş kararlarında; ""suçtan doğrudan doğruya zarar görmüş bulunma hali"" olarak anlaşılıp uygul"
"77476700","Yargıtay","Ceza Genel Kurulu","2013/583","2013/625","24.12.2013","cgk","is_sgk","y2010_2019","0.83","0.828","0.74","0.95","İkinci fıkra ile kişinin, suçun daha ağır veya daha az cezayı gerektiren nitelikli hallerinin gerçekleştiği hususundaki hatasından yararlanması öngörülmüş, buna göre, kardeşi olduğunu bilmediği bir kişiyi öldüren failin, kasten öldürme suçunun nitelikli hallerinden olan kardeşini öldürmekten değil, kasten öldürmenin temel şeklinden sorumlu olacağı, değersiz zannederek değerli bir kolyeyi çalan fail hakkında ise değer azlığı hükmünün uygulanacağı ilke olarak kabul edilmiştir. "
"77183400","Yargıtay","Hukuk Genel Kurulu","2010/638","2010/694","22.12.2010","hgk","ticaret","y2010_2019","0.829","0.825","0.74","0.95","maddesinde de ""Külli Halefiyet"" başlığı altında, ortadan kalkan şirketlerin hak ve borçları ile ilgili düzenleme yapılmış; birleşme muamelesi kesinleştikten sonra kalan yahut yeni kurulan şirketin ortadan kalkan şirketlerin yerine geçeceği, bunların bütün hak ve borçlarının kalan veya yeni kurulan şirkete intikal edeceği, düzenleme altına alınmıştır 
818 sayılı Borçlar Kanunu(BK)'nun 180. maddede ise ""bir işletmenin diğeriyle birleşmesi ve şeklini değiştirmesi"" başlığı altınd"
"77244700","Yargıtay","Hukuk Genel Kurulu","2012/684","2013/161","30.01.2013","hgk","usul_hukuk","y2010_2019","0.829","0.566","0.89","0.95","Hal böyle olunca; aynı hususa işaret eden ve Hukuk Genel Kurulu'nca da benimsenen Özel Daire bozma kararına uyulması gerekirken, önceki kararda direnilmesi usul ve yasaya aykırıdır. Buna göre, kural olarak miktar ve değeri beş bin TL'yi geçmeyen davalarda sulh hukuk mahkemeleri, beş bin TL'yi geçen davalarda ise asliye hukuk mahkemeleri görevlidir."
"77276700","Yargıtay","Hukuk Genel Kurulu","2011/515","2011/605","12.10.2011","hgk","miras","y2010_2019","0.828","0.713","0.803","0.95","Nitekim, bu düşünce Hukuk Genel Kurulunun 23.5.1990 gün ve l990/1-202-315 sayılı kararında da aynen benimsenmiştir. Davacılar vekili, yargılama sırasında verdiği dilekçe ile; taraf teşkilinin sağlanması ve dava dışı mirasçı Satı'nın davada yer alması gerektiğini ileri sürerek S.'nın davada davacı sıfatının kabulüne karar verilmesini istemiştir
Davalı, davanın süresinde açılmadığını, taşınmazın adına kayıtlı olup, anılan taşınmazı dava dışı M."
"17065600","Yargıtay","Hukuk Genel Kurulu","2010/701","2011/130","13.04.2011","hgk","miras","y2010_2019","0.828","0.822","0.74","0.95","Öyleyse geçersiz olmayan ve bir ivaz karşılığı yapıldığı belirlenen ölünceye kadar bakma akdi ile temlik edilen 9,122,290 nolu parseller ile satış suretiyle temlik edilen taşınmazlar yönünden bir kısım davacıların taleplerini tenkis olarak ıslah etmeleri nedeniyle muvazaa incelemesine de girilemeyeceğinden ve ivazlı işlemlerde tenkis uygulanamayacağından 12,292 ve 297 nolu parseller yönünden davanın reddi gerekir. Bilindiği üzere, saklı paylarının değerini alamayan mirasçılar"
"86656700","Yargıtay","Hukuk Genel Kurulu","2012/861","2013/391","20.03.2013","hgk","miras","y2010_2019","0.827","0.764","0.771","0.95","Ne var ki bu kural, uygulamada yumuşatılarak, 11.10.1982 tarih, 1982/3–2 sayılı İçtihadı Birleştirme Kararıyla bir ortağın tek başına dava açabileceği; ancak, davaya devam edebilmesi için öteki ortakların olurlarının alınması veya miras şirketine atanacak temsilci aracılığıyla davanın sürdürülmesi gerektiği kabul edilmiştir. maddesi “...Kanunda veya sözleşmede aksine bir hüküm bulunmadıkça, gerek yönetim, gerek tasarruf işlemleri için ortakların oybirliğiyle karar vermeleri g"
"77621500","Yargıtay","Hukuk Genel Kurulu","2013/363","2013/1596","27.11.2013","hgk","idare","y2010_2019","0.827","0.803","0.746","0.95","Burada kural olarak; doğrudan doğruya zarar görme koşulu söz konusudur. Manevi tazminatın miktarının belirlenmesinde kişilik haklarına yapılan saldırının niteliği ve tarafların ekonomik - sosyal durumu da dikkate alınmalıdır (Kılıçoğlu, Mustafa: Tazminat Hukuku, Legal Yayıncılık, İstanbul 2010, s.1053.; Reisoğlu, Safa: Borçlar Hukuku Genel Hükümler, Beta Basım, İstanbul 1998, s.197-198; Oğuzman/Dural: Aile Hukuku, Filiz Kitabevi, İstanbul 1994, s.655; Hukuk Genel Kurulu'nun 1"
"76488700","Yargıtay","Hukuk Genel Kurulu","2013/142","2013/1371","18.09.2013","hgk","miras","y2010_2019","0.827","0.772","0.765","0.95","Bu davada, ispat yükü kural olarak davayı açan alacaklıda olup, alacaklı alacağını ispatla yükümlüdür. Davalı vekili cevap dilekçesinde özetle, bankanın müşterisi ve kredi kartı sahibi olmakla birlikte takibe konu kredi kartının kullanıcısı olmadığını, kullanımında olmayan kart borcundan dolayı hakkında takibe geçildiğini belirterek, davanın reddi ile %40'dan aşağı olmamak üzere haksız talep tazminatına hükmedilmesini talep etmiştir."
"435836100","Yargıtay","Büyük Genel Kurulu","2016/1","2016/1","13.05.2016","yibk","miras","y2010_2019","0.826","0.791","0.709","1","gerekçesiz kararını onanmasının HMK 46/1-a maddesine aykırı olduğunu,“......” şeklinde kazınmış olan mührün kısıtlı ....’a ait olmadığını, mührün sahte bir mühür olduğu iddiasının araştırılması gerekirken kötünüyetli olduğumuz gerekçesi ile kararın onanması HMK 46/1-c maddesine aykırı olduğunu, 27.12.2012 tarihli devir sözleşmesinin BK 183. Mahkemesine ait 2008/243 Esas ve 2012/191 Karar sayılı dosyanın kesinleşmediğini, bu nedenle dava şartı yokluğu nedeni ile davanın usulde"
"77219300","Yargıtay","Hukuk Genel Kurulu","2012/1774","2013/104","23.01.2013","hgk","miras","y2010_2019","0.826","0.766","0.765","0.95","Davacı vekili birleşen davada özetle; Belediyeye ait işyerinde çalıştığı dönemde 3417 sayılı Kanun uyarınca ücretlerinden tasarruf teşvik kesintisi adı altında kesintiler yapılmasına rağmen kesintilerin bankaya yatırılmaması nedeniyle ödeme yapılmadığını belirterek alacağın Belediye Başkanlığından tahsilini talep ve dava etmiştir. Kanun gereğince ödenmesi gereken anapara tutarının 2003 yılı Mayıs ayı itibariyle imza karşılığında ödendiğini ve davacının faiz hakkını saklı tutm"
"76984000","Yargıtay","Hukuk Genel Kurulu","2008/13","2010/545","20.10.2010","hgk","miras","y2010_2019","0.825","0.782","0.753","0.95","Bir başka ifadeyle, sonradan çıkan yeni kanun veya içtihadı birleştirme kararının, mahkemelerde ve Yargıtay'da görülmekte olan bütün dava ve işlere uygulanması ve usulü kazanılmış hakkın gerektirdiği yönde değil, içtihadı birleştirme ya da kanun kapsamında inceleme yapılarak hüküm verilmesi gerekecektir. Ne var ki; usulü kazanılmış hak müessesesine, özellikle kamu düzeni düşüncesi ile bazı istisnalar getirilmiştir: 
Mahkemenin bozmaya uymasından, eş söyleyişle usulü kazanılmı"
"86459200","Yargıtay","Hukuk Genel Kurulu","2012/751","2013/265","20.02.2013","hgk","usul_hukuk","y2010_2019","0.825","0.763","0.765","0.95","Hukukumuzda ayıp ihbarı da kural olarak herhangi bir şekle tabi tutulmamıştır. Hukuk Genel Kurulu önüne gelen uyuşmazlık; davacılar tarafından satın alınan taşınmazın bir kısmının Kamu arazisi üzerinde bulunmasının eksik iş mi yoksa ayıplı ifa olarak mı nitelendirilmesinin gerektiği, burada varılacak sonuca göre davacılar tarafından iddia olunan ayıp ihbarının süresinde yapılıp yapılmadığı noktasında toplanmaktadır."
"435838100","Yargıtay","Büyük Genel Kurulu","2014/11","2014/24","21.11.2014","yibk","usul_hukuk","y2010_2019","0.824","0.762","0.721","1","Dosyadaki tutanak ve kanıtlara, bilgi ve belgelere, daire kararında açıklanan gerektirici nedenlere ve özellikle delillerin değerlendirilmesinde bir isabetsizlik bulunmamasına göre usul ve yasaya uygun olduğu tespit edilen Yargıtay Hukuk Genel Kurulu’nun ilk derece mahkemesi sıfatıyla verdiği kararın onanması gerekir. Gerekçeli kararın tebliğinden itibaren 15 gün içinde Yargıtay Büyük Genel Kurulu’nda temyizi kabil olmak üzere davacı temsilcisi ve davalı hazine vekilinin yüzü"
"435808400","Yargıtay","Büyük Genel Kurulu","2016/7","2016/7","13.05.2016","yibk","usul_hukuk","y2010_2019","0.823","0.844","0.671","1","maddesinin son fıkrasında “Askeri Yüksek İdare Mahkemesi Başkanı, Başsavcı, Daire Başkanları ve üyelerin genel yargıya tabi şahsi suçlarının kovuşturulmasında Yargıtay Başkan ve üyeleri ile Cumhuriyet Başsavcılarının şahsi suçlarının kovuşturulmasına ilişkin hükümler uygulanır.” düzenlemesi yer almıştır. 0 halde Askeri Yüksek İdare Mahkemesi Üyelerinin de Yasalarla belirlenen sınırlı hallerde görevlerinden dolayı hukuken sorumlu olduklarının kabulü gerekir."
"435828800","Yargıtay","Büyük Genel Kurulu","2016/8","2016/8","13.05.2016","yibk","miras","y2010_2019","0.823","0.845","0.671","1","Bu durumda tanıklar, hem mirasbırakanın beyanının kendi önlerinde yapıldığını ve onu tasarrufa ehil gördüklerini; hem vasiyetnamenin kendi önlerinde memur tarafından mirasbırakana okunduğunu ve onun vasiyetnamenin son arzularını içerdiğini beyan ettiğini vasiyetnameye yazarak veya yazdırarak altını imzalarlar.” şeklindedir. Davacı, ihbar edilen hakimlerin HMK 46/(c) maddesine aykırı davrandıklarını iddia etmiş ise de ihbar edilen hakimlerin farklı bir anlam yüklenemeyecek kad"
"17156900","Yargıtay","Hukuk Genel Kurulu","2011/882","2011/767","14.12.2011","hgk","is_sgk","y2010_2019","0.823","0.785","0.746","0.95","Bu kapsamda kural olarak, duruşma yapılması zorunlu olan çekişmeli yargıda hakim, Kanunun gösterdiği istisnalar dışında tarafları dinlemeden veya iddia ve savunmalarını bildirmeleri için kanuna uygun biçimde davet etmeden hükmünü veremez. Kişinin kendisinden habersiz yargılama yapılarak karar verilmesi, kural olarak mümkün değildir (H."
"76488900","Yargıtay","Hukuk Genel Kurulu","2013/74","2013/1367","18.09.2013","hgk","is_sgk","y2010_2019","0.823","0.883","0.69","0.95","maddesine göre avukat haklı bir nedenle azledildiği takdirde ücrete hak kazanamaz ise de haksız azil halinde, anılan madde uyarınca avukatlık ücretinin tamamının ödenmesi gerekir. Anılan madde uyarınca üzerine aldığı işi haklı bir sebep olmaksızın takipten vazgeçen avukat hiçbir ücret isteyemez ve peşin aldığı ücreti geri vermek zorundadır."
"77447800","Yargıtay","Hukuk Genel Kurulu","2013/150","2013/1696","25.12.2013","hgk","ticaret","y2010_2019","0.823","0.764","0.759","0.95","Tüketici, üretilip piyasaya sürülen ve üretim sürecinin hiçbir aşamasında bilgi sahibi olmadığı ürün veya sunulan hizmeti satın aldığı bir ilişkide zayıf olan taraf olarak kabul edilmiş; yasa koyucu, bu kabulden yola çıkarak iradesini tüketiciyi korumak şeklinde ortaya koymuştur. Tarifi verilen düzenlemelerden çıkan sonuca göre, tüketici sayılabilecek kişinin mal ya da hizmeti ticari faaliyeti dışında özel kullanım ya da tüketimi için talep etmesi gerekir."
"77575300","Yargıtay","Hukuk Genel Kurulu","2013/354","2013/1554","13.11.2013","hgk","miras","y2010_2019","0.822","0.813","0.727","0.95","Evliliğin doğumdan önce gerçekleşmiş olması halinde; TMK'nun babalık karinesini düzenleyen 285.maddesi gereğince evlilik devam ederken veya evliliğin sona ermesinden başlayarak üçyüz gün içinde doğan çocuğun babasının koca olduğu karine olarak kabul edilmiştir. Üçüncü fıkrada ise kan bağına dayanan soybağının yanında, evlat edinme ilişkisi de evlatlık ile evlat edinen veya evlat edinenler arasında soybağını kuran bir yol olarak kabul edilmiştir."
"83949800","Yargıtay","Hukuk Genel Kurulu","2012/1704","2013/774","29.05.2013","hgk","borclar","y2010_2019","0.822","0.844","0.709","0.95","Kiralananın tahliye edildiğinin (kiracının kiralananı iade borcunu yerine getirdiğinin) kabul edilebilmesi için, kiralananın fiilen boşaltılması yeterli değildir; anahtarın da kiralayana teslim edilmesi gerekir. (6100 sayılı HMK.nun 200.) maddeleri çerçevesinde değerlendirilmelidir."
"52036500","Yargıtay","Hukuk Genel Kurulu","2012/702","2013/172","30.01.2013","hgk","miras","y2010_2019","0.821","0.704","0.79","0.95","Bu davalıya gerekçeli kararın tebliği için dosyanın mahalline geri çevrilmesinin gerekip gerekmediği hususu önsorun olarak tartışılmış; ancak asıl davada adı geçen davalı hakkında davacıların vaçgeçmesi nedeniyle karar verilmesine yer olmadığına dair verilen karar; Özel Daire'ce bozma nedeni yapılmadığından bu davalı hakkında verilen ilk karar kesinleştiğinden adı geçen davalıya direnme hükmünün tebliğ edilmesine gerek bulunmadığı oybirliği ile kabul edilmiş, önsorun bu şekil"
"77237000","Yargıtay","Hukuk Genel Kurulu","2011/513","2011/549","21.09.2011","hgk","ticaret","y2010_2019","0.821","0.841","0.709","0.95","İleride doğabilecek bir alacağın güvenceye bağlanması için ipotek kurulabileceği kabul edilmiş ise de taşınır rehininde böyle bir hüküm bulunmamakta olup öğretide ileride doğacak ve koşula bağlı alacakların da taşınır rehini ile güvence altına alınabileceği ileri sürülmektedir (Doğrusöz M. maddesinde; 
""Bu kanunun tatbikında:(ipotek) tabiri ipotekleri, ipotekli borç senetlerini, irat senetlerini, gemi ipoteklerini, eski hukuk hükümlerine göre tesis edilmiş taşınmaz rehinlerin"
"77472400","Yargıtay","Hukuk Genel Kurulu","2012/1601","2013/752","22.05.2013","hgk","usul_hukuk","y2010_2019","0.821","0.809","0.727","0.95","Aynı maddenin ikinci fıkrasında ise; bu serbestinin sınırları belirlenmiş ve, ""Kanunun kat'i surette emreylediği hukuki kaidelere veya kanuna muhalefet; ahlaka (adaba) veya umumi intizama yahut şahsi hükümlere müteallik haklara mugayir bulunmadıkça, iki tarafın yaptıkları mukaveleler muteberdir"" şeklinde düzenleme yapılmıştır. Genel Kurul görüşmeler sırasında bir kısım üyelerce bu sözleşme hükmünün geçersiz sayılmasını gerektirir bir durumun bulunmadığı, sözleşmenin bu hükmü "
"52028400","Yargıtay","Hukuk Genel Kurulu","2012/1222","2013/259","20.02.2013","hgk","borclar","y2010_2019","0.821","0.669","0.809","0.95","Bozma ve direnme kararlarının kapsamına göre uyuşmazlık; Bilirkişi raporlarında dayanak alınan emsal taşınmazların dava konusu kiralanana emsal nitelikte olup olmadıkları; bilirkişi raporlarının hüküm kurmaya yeterli olup olmadığı; burada varılacak sonuca göre mahkemece yapılan araştırmanın yeterli olup olmadığı, yeniden bilirkişi raporu alınmasının gerekip gerekmediği noktalarında toplanmaktadır. HUKUK GENEL KURULU KARARI

 Hukuk Genel Kurulunca incelenerek direnme kararının"
"16999400","Yargıtay","Hukuk Genel Kurulu","2010/286","2010/330","16.06.2010","hgk","is_sgk","y2010_2019","0.821","0.788","0.74","0.95","sayılı ilamlarında açıkça vurgulanmış; daha sonra verilen kararlarda da kararlılıkla bu uygulama sürdürülmüştür






Nitekim, doktrinde de aynı görüş benimsenmiştir(Baki, Kuru, Hukuk Muhakemeleri Usulü, 6.Bası, Cilt 5, Sayfa 4587 vd.). Bu kararın da temyiz edilmesi halinde 432 nci maddenin son fıkrası hükmü kıyasen uygulanır.""






 Hükmü yer almaktadır."
"77501300","Yargıtay","Hukuk Genel Kurulu","2013/409","2013/771","29.05.2013","hgk","is_sgk","y2010_2019","0.821","0.682","0.802","0.95","Hukuk Dairesinin ilk derece mahkemesi sıfatıyla verdiği kararın onanması gerekir. sayılı dava dosyalarında , yurt dışından ithal edilen tıbbi cihazların rayiç bedellerinin tespitinin gerektiği, Mahkeme hakimlerince davacı şirkete ait ithalat faturasının haksız olarak ele geçirildiği ve kullanıldığı, oysa ki ithalat faturasının ticari sır niteliğinde olduğu, buna rağmen Ankara 12."
"52078400","Yargıtay","Hukuk Genel Kurulu","2012/591","2012/1380","26.12.2012","hgk","usul_hukuk","y2010_2019","0.82","0.577","0.859","0.95","Nitekim aynı ilkeler, Hukuk Genel Kurulu'nun 21.03.2012 gün ve E:2012/13-161, K:216; 21.03.2012 gün ve E:2012/13-162, K:217; 21.03.2012 gün ve E:2012/13-163, K:218; 21.03.2012 gün ve E:2012/13-164, K:219 sayılı ilamlarında da benimsenmiştir. Eser sözleşmeleri, kural olarak, hiçbir şekle bağlı değildir."
"77597700","Yargıtay","Hukuk Genel Kurulu","2013/97","2013/1580","13.11.2013","hgk","usul_hukuk","y2010_2019","0.82","0.827","0.715","0.95","554 Sayılı KHK'nin 6.maddesinde; tasarımın aynısının başvuru veya rüçhan tarihinden önce dünyanın herhangi bir yerinde kamuya sunulmamış olması, bir başka deyişle mutlak yenilik koşulu kabul edilmiştir. Tescilli bir tasarımın, hukuken korumadan yararlanabilmesi için bazı özelliklere sahip olması gerekir ki; bunların en başında Kamu düzeni ve genel ahlaka aykırı olmama hali gelir (554 Sayılı KHK, m.9)."
"76490100","Yargıtay","Hukuk Genel Kurulu","2013/105","2013/1362","18.09.2013","hgk","is_sgk","y2010_2019","0.82","0.763","0.753","0.95","Kurum, 6183 sayılı Kanunun uygulanmasında Maliye Bakanlığı ile diğer kamu kurum ve kuruluşları ve mercilere verilen yetkileri kullanır."" düzenlemesi ile Kurumun prim ve diğer alacakları kamu alacağı kabul edilerek, sözkonusu alacakların, kamu alacaklarının tahsilinin usul ve esaslarını düzenleyen 6183 sayılı Kanuna göre yapılacağı kabul edilmiştir. Bu düzenleme ile sigortalı ve hak sahiplerine bağlanan gelir, aylık ve ödeneklerin, nafaka borcu ve 6183 sayılı Kanuna göre takip"
"45603700","Yargıtay","Ceza Genel Kurulu","2012/1554","2013/256","21.05.2013","cgk","is_sgk","y2010_2019","0.82","0.612","0.84","0.95","Anılan maddenin dışındaki muhakeme normlarına aykırılık bakımından ise aykırılığın son karara etkisi bulunup bulunmadığının araştırılması gerekir. CEZA GENEL KURULU KARARI

 Yargıtay Cumhuriyet Başsavcılığı ile Özel Daire arasında oluşan ve Ceza Genel Kurulunca çözümlenmesi gereken uyuşmazlık, duruşma tutanağındaki hakim imzası eksikliğinin temyiz incelemesi aşamasında hükmün esasına girilmeden önce bozma nedeni yapılmasının isabetli olup olmadığının belirlenmesine ilişkindir"
"77451100","Yargıtay","Hukuk Genel Kurulu","2012/1493","2013/731","22.05.2013","hgk","icra_iflas","y2010_2019","0.819","0.813","0.721","0.95","Bu nedenle, alacaklı borcun yerine getirilmesini (ifayı) ve gecikme tazminatını zamanaşımı (kural olarak 10 sene) süresi içerisinde isteyebilir (Bkz. Alacaklı, BK'nun 106/II.maddesinde öngörülen seçimlik hakkını kullanabilmesi için borcunu yerine getirmede temerrüde düşen borçluya süre vermek zorundadır."
"77446100","Yargıtay","Hukuk Genel Kurulu","2012/550","2012/820","21.11.2011","hgk","ticaret","y2010_2019","0.819","0.833","0.709","0.95","Bu tanımlamaya göre mevduat ödünç (karz) ile usulsüz tevdi sözleşmelerinin niteliklerini taşıyan kendine özgü bir sözleşmedir Bununu sonucu mevduatın niteliğine uygun düştüğü oranda karz(ödünç ) veya usulsüz tevdi hükümlerinin kıyasen uygulanması gerekir(aynı ilkelere HGK'nun 15.06.1994 , 1994/11-178-398 sayılı kararında da yer verilmiştir) 
Bilindiği üzere, ödünç sözleşmesi 818 sayılı Borçlar Kanunu'nun (BK) ""Karz akdi"" başlıklı 306. 2002, S.7)
Günümüzde internet, tüm dünya "
"457392700","Yargıtay","Hukuk Genel Kurulu","2010/636","2010/680","22.12.2010","hgk","aile","y2010_2019","0.819","0.595","0.846","0.95","O halde, Hukuk Genel Kurulu’nca da benimsenen Özel Daire bozma kararına uyulmak gerekirken, önceki kararda direnilmesi usul ve yasaya aykırıdır. KARŞI OY

Tarafların karşılıklı olarak açmış oldukları boşanma davaları, her iki tarafın eşit kusurlu olmaları gerekçesi ile kabul edilmiş ve aynı gerekçe ile her iki tarafın tazminat istemleri (eşit kusurlu olmaları nedeniyle) reddedilmiştir."
"435863600","Yargıtay","Büyük Genel Kurulu","2013/6","2013/6","21.01.2013","yibk","ticaret","y2010_2019","0.818","0.8","0.684","1","Hakimin hukuki sorumluluğu nedeniyle devlet aleyhine açılan davadan ayrılarak görevsizlik kararı verilen eldeki davada yukarıda belirtilen 2802 sayılı yasanın 93/A (5.) fıkrasının uygulanıp uygulanmayacağı tartışılmış, bankanın haksız eylemine dayanılarak banka aleyhine açılan bu dava da söz konusu kanun hükmünün uygulanmayacağı kabul edilmiştir. madde de belirtilen miktar itibariyle kesinlik sınırının gözetilmemesi gerektiği, dolayısıyla miktar ve değere bakılmaksızın temyiz"
"77086100","Yargıtay","Hukuk Genel Kurulu","2011/401","2011/441","22.06.2011","hgk","ticaret","y2010_2019","0.818","0.829","0.709","0.95","Yerel mahkemece, her ne kadar, eserin sahibi, kural olarak FSEK 1/B, b uyarınca, ""eseri meydana getiren kişi"" olsa da bir hizmet sözleşmesi bağlamında üretilmesi halinde yasanın açık hükmü gereğince; bu eserden doğan mali hakların ancak işveren tarafından kullanılabileceği, davacının eserden doğan mali hakları kullanamayacağı, FSEK 55.maddedeki hükmün bu eserler bakımından uygulanamayacağı, herhangi bir devir olmaksızın, zaten yasa gereği mali hakların işverende bulunduğu,. D"
"16895900","Yargıtay","Hukuk Genel Kurulu","2010/275","2010/327","16.06.2010","hgk","miras","y2010_2019","0.818","0.773","0.74","0.95","Murisin dava dışı kişilere mal satımını gerektirecek bir ihtiyacının olmaması, davalıların satım sözleşmelerine konu taşınmazları alım güçlerinin bulunmaması, bir kısım davalıların satım işlemi tarihlerindeki yaşları ve tüm dosya kapsamı gözetildiğinde miras bırakanın asıl amacının miras sözleşmesi veya satış yapmak değil, kız çocuklarından mal kaçırmak amacıyla muvazaalı olarak temlik işlemi gerçekleştirmek olduğunun kabulü gerekir. gerekçelerle olaya bakıldığında, miras bır"
"86455300","Yargıtay","Hukuk Genel Kurulu","2012/1098","2013/400","27.03.2013","hgk","ticaret","y2010_2019","0.818","0.742","0.759","0.95","Buna karşılık, gündeme gelen tartışmaları da sona erdirmek amacıyla sebepsiz zenginleşme talebine ilişkin zamanaşımı süresi 6102 sayılı Türk Ticaret Kanunu’nda doktirindeki baskın görüşe ve Yargıtay uygulamasına da paralel bir biçimde (1) yıl olarak düzenlenmiş ve bu sürenin poliçenin zamanaşımına uğradığı tarihi takip eden tarihten itibaren işleyeceği kabul edilmiştir. maddesi uyarınca zamanaşımına uğradığı tarihten itibaren başlamasının gerektiği Genel Kurul çoğunluğunca ka"
"17161300","Yargıtay","Hukuk Genel Kurulu","2011/707","2011/769","14.12.2011","hgk","miras","y2010_2019","0.817","0.769","0.74","0.95","Öncelikle konuya ilişkin yasal düzenlemeler ile ilgili kurum ve kavramların açıklanmasında yarar vardır: 





 
Dava konusu satış vaadi sözleşmesi vekaleten yapılmakla öncelikle, davalılardan taşınmazın sahibi vekil eden ile diğer davalı vekili arasındaki ilişkinin, davalı vekil eden vekilinin temyiz kudreti, hata, hile,ikrah savunmaları ile birlikte irdelenmesi; ardından vekaletten azil olgusunun üzerinde durulması gerekir. Hata, hile, ikrah gibi iradeyi sakatlayan hallerin"
"77037500","Yargıtay","Hukuk Genel Kurulu","2011/311","2011/322","18.05.2011","hgk","is_sgk","y2010_2019","0.817","0.791","0.727","0.95","II-Davalı Sosyal Güvenlik Kurumu vekilinin temyizine gelince;
Hukuk Genel Kurulu önüne gelen uyuşmazlık, doğuma dayalı borçlanma hakkının sigortalılık başlangıç tarihinden önceki doğumlar yönünden de kullanılıp kullanılamayacağı, diğer bir ifade ile borçlanma hakkı için doğum öncesinde sigortalı olmasının gerekli olup olmadığı noktasında toplanmaktadır. I-Davacı vekilinin temyizi yönünden yapılan incelemede;
Yerel mahkemece verilen kısmen kabul kararına karşı davacı vekili ta"
"77205800","Yargıtay","Ceza Genel Kurulu","2011/181","2011/237","22.11.2011","cgk","usul_hukuk","y2010_2019","0.817","0.855","0.69","0.95","Bu ilkenin sonucu olarak;
a- Usul işlemleri kural olarak yürürlükteki yasaya göre yapılacaktır. maddesi kapsamında kabul edilerek, sanığa 700 Lira önödeme önerisinde bulunulduğu, sanığın süresinde önödeme miktarını yatırdığı, 
Zoralımına karar verilen 150 kg emvalin 13,20 Lira, 1 adet merkebin 30 Lira, 1 adet merkep arabası ve koşum takımının 10 Lira değerinde olduğunun belirlendiği, 
Katılan vekilinin temyiz dilekçesinde; ""vekalet ücretine hükmedilmemesi hukuka aykırı olup, "
"16895600","Yargıtay","Hukuk Genel Kurulu","2010/227","2010/324","16.02.2010","hgk","aile","y2010_2019","0.816","0.656","0.803","0.95","Gerçekleşen bu olaylara göre, evlilik birliğinin temelinden sarsılmasına sebep olan olaylarda davalı-karşılık davacı kocanın daha ziyade, kadının ise kocaya oranla daha az kusurlu bulunduğu, kadının, kocanın davasına karşı çıkmasının hakkın kötüye kullanılması niteliğinde olup, evlilik birliğinin devamında karşılık davalı kadın bakımından korunmaya değer bir yarar kalmadığı anlaşılmaktadır. Hukuk Genel Kurulu'nca incelenerek direnme kararının süresinde temyiz edildiği anlaşıl"
"77587400","Yargıtay","Hukuk Genel Kurulu","2013/176","2013/1477","23.10.2013","hgk","is_sgk","y2010_2019","0.816","0.753","0.746","0.95","maddesine göre yapılan hizmet akdi çerçevesinde gemi adamı olarak çalıştığını, gemi adamı cüzdanı bulunduğunu, belirterek davacının 854 sayılı Kanun kapsamında gemi adamı niteliğinde çalışmakta olduğunun tespitine, 506 sayılı Kanun'un geçici 5/3-4 maddesi gereğince işe başladığı tarihten geçerli olarak itibari hizmet zammından yararlanmasının kabulüne, sataşmanın önlenmesine karar verilmesini istemiştir. Davalı Milli Savunma Bakanlığı vekili; davacı işçilerin 854 sayılı Deniz"
"77596900","Yargıtay","Hukuk Genel Kurulu","2013/98","2013/1508","30.10.2013","hgk","ticaret","y2010_2019","0.816","0.56","0.859","0.95","HUKUK GENEL KURULU KARARI
Hukuk Genel Kurulu'nca incelenerek direnme kararının süresinde temyiz edildiği anlaşıldıktan ve dosyadaki kağıtlar okunduktan sonra gereği görüşüldü:
Asıl ve birleşen davalar, şirket yöneticiliğinden azil, temsil yetkisinin kaldırılması ve şirketin feshi istemlerine ilişkindir. M.'ın şirket yöneticisi olarak şirketi kötü yönettiğini, şirkete ait taşınmazı eşi Marina'ya muvazaalı olarak düşük bedelle temlik ettiğini, şirkete ait paraları kendi hesabın"
"86653200","Yargıtay","Hukuk Genel Kurulu","2012/1138","2013/384","20.03.2013","hgk","ticaret","y2010_2019","0.816","0.818","0.709","0.95","Daha önce tebligat yapılmamış olsa bile, tarafların aralarında yaptıkları sözleşmede geçerli bir adres tespit etmeleri, bu adresin değiştiğinin karşı tarafa bildirilmemesi halinde adres araştırılması yoluna gidilmeksizin 35'inci maddenin uygulanması kabul edilmiştir. Davalı-alacaklı vekili cevap dilekçesinde özetle, kambiyo senetlerine mahsus yol ile yapılan takipte düzenlenen örnek 10 icra emrinin, ilk adresten tebliğ edilemeden dönmesi üzerine, vergi dairesi tarafından bild"
"77124500","Yargıtay","Ceza Genel Kurulu","2010/187","2011/131","21.06.2011","cgk","ticaret","y2010_2019","0.816","0.85","0.69","0.95","maddesi gereğince kural olarak herkes haberleşme özgürlüğüne sahiptir ve haberleşmenin gizliliği esastır. maddesinde de herkesin haberleşmesine saygı gösterilmesi hakkına sahip olduğu kurala bağlanmış, bu hakka bir kamu otoritesinin müdahalesinin ancak, ulusal güvenlik, kamu emniyeti, ülkenin ekonomik refahı, dirlik ve düzenin korunması, suç işlenmesinin önlenmesi, sağlığın veya ahlakın veya başkalarının hak ve özgürlüklerinin korunması için, demokratik bir toplumda gerekli o"
"84004800","Yargıtay","Ceza Genel Kurulu","2013/99","2013/253","21.05.2013","cgk","aile","y2010_2019","0.816","0.819","0.709","0.95","fıkranın şartlarının incelendiğinde 2619 nolu sayfada 'çocuğun veya kişiye örneğin yolculuğa çıkmadan önce bir kaç gün veya seyahat için komşuya veya akraba yanına bırakmada olduğu gibi gözetim ve muhafaza amacıyla' bırakılmasının nitelikli hal olarak kabul edilmesinin gerektiği açıklamış bunun haricinde kanun koyucunun amacına uygun şekilde başka bir açıklamada olmadığı görülmüştür. fıkrasında Cumhuriyet savcısının aleyhine temyizinde üvey baba ilişkisi bulunduğunu belirtmiş"
"77097100","Yargıtay","Hukuk Genel Kurulu","2011/735","2012/93","22.02.2011","hgk","ticaret","y2010_2019","0.815","0.769","0.734","0.95","AŞ.'nin iş bu davada taraf sıfatının (aktif husumet ehliyetinin) bulunup bulunmadığı ön sorun olarak ele alınmış ise de; bozma ve direnme kararlarının kapsamı itibariyle bu hususun uyuşmazlığın özünü teşkil eden tahkim şartının değerlendirilmesinden sonra merciince- mahkeme görevli ise mahkemece, değilse hakemlerce- değerlendirilmesi gerektiği, uyuşmazlığın yargı yoluna ilişkin olması nedeniyle bu aşamada irdelenemeyecği oybirliğiyle kabul edilmiş; işin esasının incelenmesine"
"77517400","Yargıtay","Hukuk Genel Kurulu","2012/1578","2013/792","29.05.2013","hgk","is_sgk","y2010_2019","0.815","0.666","0.796","0.95","Yerel Mahkemece, 5393 sayılı Kanunun 5.maddesi uyarınca tasarruf teşvik hesaplarında borç bulunmadığından bu konuda davalı Belediye ile uzlaşmaya gidilmemesi nedeniyle dava konusu alacaktan davalı Belediye'nin sorumlu olduğu gerekçesiyle davanın kabulüne dair verilen karar, davalı vekilinin temyizi üzerine Özel Daire tarafından yukarıda yazılı gerekçelerle bozulmuş, Mahkemece önceki gerekçe genişletilmek ve emsal kararların onandığı belirtilmek suretiyle davanın kabulüne dair"
"77046400","Yargıtay","Hukuk Genel Kurulu","2011/186","2011/352","25.05.2011","hgk","ticaret","y2010_2019","0.814","0.755","0.74","0.95","Bundan başka, davacının dava açmakta hukuki bir yararının bulunması gerekir; yani, dava hakkı, hukuki yarar ile sınırlıdır. Buna göre; 
Mahkemeye ilişkin dava şartları: ""yargı hakkı, yargı yolu, görev, kamu düzenine ilişkin yetki halleri""; 
Taraflara ilişkin dava şartları: ""davada iki tarafın bulunması, taraf ehliyeti, dava ehliyeti, davaya vekalet ehliyeti ve geçerli vekaletname, davayı takip yetkisi"";
Dava konusuna ilişkin dava şartları ise: ""kesin hüküm bulunmaması ve huku"
"86655400","Yargıtay","Hukuk Genel Kurulu","2012/799","2013/389","20.03.2013","hgk","aile","y2010_2019","0.814","0.746","0.746","0.95","Anayasa'nın 23.maddesine göre, ilke olarak seyahat özgürlüğünün sürekli olarak sınırlandırılması mümkün değildir. Davacı-karşı davalı (baba) vekili, müvekkili ile davalının evlilik dışı ilişkilerinden dünyaya gelen Melis'i, davacı babanın tanıyarak kendi soy adını verdiğini, Melis'in anne yanında olması nedeniyle küçüğün ahlaki ve diğer bir çok yönden iyi yetişmeyeceğini, müvekkilinin yaşam şartlarının çok iyi olduğunu belirterek, küçük Melis'in velayetinin müvekkiline verilm"
"76895900","Yargıtay","Hukuk Genel Kurulu","2010/333","2010/406","22.09.2010","hgk","is_sgk","y2010_2019","0.813","0.816","0.703","0.95","a ait pamuğu satın alırken bu davalının devletten alacağı 1999-2000 yılına ait pamuk destekleme priminin 4.900.USD.lik miktarını temellük etmesi ve temliknamenin diğer davalı bankaya tebliğ edilmesine rağmen, davalı banka tarafından 1999-2000 yılına ait destekleme priminin 2005 yılı sonunda davalı A... 'ın bankalarına kredi borcunun bulunduğunu ve Borçlar Kanunu ile sözleşme gereğince alacağının borcuna mahsup edildiğini, temlik işlemine bankalarının taraf olmadığını, destekl"
"76970300","Yargıtay","Ceza Genel Kurulu","2010/229","2010/240","30.11.2010","cgk","usul_hukuk","y2010_2019","0.813","0.84","0.69","0.95","Kural olarak temyiz incelemesinin yapılabilmesi için süre ve istek koşullarına uygun açılmış bir temyiz davasının varlığı gerekir. Bu bozmayla temyiz yoluna başvurmayan sanıklar hakkında kesinleşen hüküm de ortadan kalkar, aynı sanıklarla ilgili olarak yeniden hüküm kurmak gerekir""."
"85826000","Yargıtay","Hukuk Genel Kurulu","2012/1168","2013/281","27.02.2013","hgk","is_sgk","y2010_2019","0.812","0.8","0.71","0.95","Davacı vekili, davalı şirkete ait işyerinde çalışmasına devam ederken Batis Sendikasına üye olduğunu; üye kayıt fişinin davalıya ulaşmasıyla iş akdinin haksız ve geçersiz olarak 11.01.2008 tarihinde fesih edildiğini; yılda iki maaş tutarı ikramiyenin dörde bölünerek ödendiğini, ancak 2005 yılından itibaren ödenmesi gereken ikramiyelerin işverence “bu gün vereceğim, yarın vereceğim” şeklinde ertelendiğini ileri sürerek, fark kıdem tazminatı, fark ihbar tazminatı ve ikramiye al"
"77038300","Yargıtay","Hukuk Genel Kurulu","2011/228","2011/328","18.05.2011","hgk","ticaret","y2010_2019","0.812","0.813","0.703","0.95","Kanun yapıcı, poliçe hakkındaki hükümlerin, bütün emre yazılı senetlerde de uygulanabileceğini düşünmüş; bu hükümler, özel bir hükümle farklı esaslar benimsenmediği sürece, diğer emre yazılı senetler için de uygulanabilecek genel hükümler olarak kabul edilmiştir. Bir defa, ""senedin belli bir şahsın namına (adına) yazılı olması"" gerekir."
"100022100","Yargıtay","Hukuk Genel Kurulu","2012/683","2013/165","30.01.2013","hgk","usul_hukuk","y2010_2019","0.812","0.768","0.727","0.95","Bu noktada, usuli kazanılmış hakka ilişkin açıklama yapılmasında yarar vardır:  
 Yargıtay'ca bir kararın bozulması ve mahkemece bu bozma kararına uyulması halinde, bozulan kararın bozma sebeplerinin kapsamı dışında kalmış cihetlerinin kesinleşmiş sayılması, usuli kazanılmış hak olup; bu hüküm davaların uzamasını önlemek maksadıyla kabul edilmiş çok önemli bir usul hükmüdür. maddesi ile eklenen geçici 10.maddesinde de;  
“Bu Kanunun 12.maddesinin 3.fıkrası hükmü devletin hükü"
"77445000","Yargıtay","Hukuk Genel Kurulu","2013/475","2013/1693","25.12.2013","hgk","ticaret","y2010_2019","0.812","0.834","0.69","0.95","Bu süre içinde icra mahkemesine istihkak davası açılmaz ise üçüncü kişinin iddiası kabul edilmiş sayılır. Haczin, üçüncü kişinin yokluğunda yapılması ve üçüncü kişi lehine istihkak iddiasında bulunulması halinde de bu fıkra hükmü uygulanır"" şeklindedir."
"17155000","Yargıtay","Hukuk Genel Kurulu","2011/758","2011/777","14.12.2011","hgk","is_sgk","y2010_2019","0.812","0.749","0.74","0.95","Nitekim Hukuk Genel Kurulu'nun 22.12.2004 gün, 2004/9-711-735 ve 22.12.2004 gün 2004/9-712-736 sayılı ilamlarında da aynı ilkeler benimsenmiştir. Mahkemece istem kabul edilmiş; davalının temyizi üzerine Özel Dairece yukarıda başlık bölümünde belirtilen gerekçe ile karar bozulmuştur."
"77448300","Yargıtay","Hukuk Genel Kurulu","2012/381","2012/825","21.11.2011","hgk","miras","y2010_2019","0.812","0.64","0.803","0.95","Açıklanan nedenlerle, Özel Daire bozma ilamında belirtilen gerekçelerle, Hukuk Genel Kurulu'nca da benimsenen bozma ilamına uyulmak gerekirken, önceki kararda direnilmesi usul ve yasaya aykırıdır. Yerel Mahkemece benimsenen 01.06.2009 tarihli destekten yoksun kalma nedeni ile uğranılan maddi zararı hesaplayan bilirkişi raporu incelendiğinde, hesaplanan maddi tazminat tutarından dava dışı aracın zorunlu mali sorumluluk sigortacısı şirket tarafından ödenen bedelden davacının pa"
"76906900","Yargıtay","Hukuk Genel Kurulu","2010/397","2010/436","29.09.2010","hgk","ticaret","y2010_2019","0.812","0.748","0.74","0.95","olarak belirleyen asıl ve birinci ek bilirkişi raporunu benimsemiş, Yüksek Özel Dairece de bu husus kabul edilmiştir. maddesi anlamında bir direnme kararı değil; bozma kararından etkilenilerek, tamamen değişik bir gerekçe ile oluşturulmuş yeni bir hüküm niteliğinde olduğu kabul edilmelidir."
"77238000","Yargıtay","Ceza Genel Kurulu","2011/218","2011/277","20.12.2011","cgk","is_sgk","y2010_2019","0.812","0.898","0.653","0.95","ile yanında bulunan tanımadığı iki kişinin geldiğini, Y..'in ise dışarıda beklediğini ve zorla kendilerini götürdüklerini belirtmiş,
06.04.2007 günlü savcılık anlatımında; önceki beyanlarını tekrarla şikayetinden vazgeçtiğini dile getirmiş,
Mahkeme anlatımında benzer anlatımda bulunmuş, sanık A.'i pazarcılık yaptığı ve kendisinden alışveriş yaptığı için tanıdığını, olaylar sırasında görmediğini söylemiştir. D..ile birlikte araba ile gezerken katılanlarla karşılaştıklarını, on"
"16851700","Yargıtay","Hukuk Genel Kurulu","2010/14","2010/15","27.01.2010","hgk","is_sgk","y2010_2019","0.811","0.828","0.69","0.95","Yasa koyucu ilke olarak, olağanüstü felaket hallerinde veya tabi hadiselerden dolayı bir zirai kiralama işleminde hâsılatın önemli ölçüde azalması durumunda, kiracının kararlaştırılan kira parasından indirim talep edebileceğini kabul etmiştir. Ne var ki, yasal düzenlemeden de anlaşılacağı üzere kira bedelinin indirilmesini talep hakkından ancak felaketin ortaya çıkmasından sonra feragat edilebilir, önceden feragat kural olarak olanaklı değildir."
"76842200","Yargıtay","Hukuk Genel Kurulu","2010/153","2010/232","28.04.2010","hgk","ticaret","y2010_2019","0.811","0.829","0.69","0.95","Şu durumda kural olarak, yemin teklifi hakkı kullandırılmadan karar verilemez. Davacı; 15.04.2004 başlangıç tarihli ve bir yıl süreli kira sözleşmesiyle ve aylık 350 YTL kira bedeliyle mecurda oturan davalıya, Aralık 2004 ve Ocak, Şubat, Mart 2005 ayları kira bedellerini ödememesi nedeniyle ihtarname keşide etmesine rağmen ihtarnamenin tebliğini müteakip verilen otuz günlük sürede kira bedellerini ödemediğini ve bu suretle temerrüde düştüğünü ileri sürerek, temerrüt nedeniyle"
"52006000","Yargıtay","Ceza Genel Kurulu","2012/1515","2013/102","26.03.2013","cgk","ceza_genel","y2010_2019","0.811","0.744","0.74","0.95","maddesinin ikinci fıkrasında iki milyar liraya kadar (iki milyar d&acirc;hil) para cezalarına dair hükümler ile yukarı sınırı on milyar lirayı geçmeyen para cezasını gerektiren suçlardan dolayı verilen beraat hükümleri ve kanunlarda kesin olduğu açıkça belirtilen hükümlerin kesin olduğu, bu hükümlere karşı temyiz kanun yoluna başvurulamayacağı kabul edilmiştir. Hüküm niteliğinde olmamakla birlikte bazı kararların da kanun yolu bakımından temyizi kabil olduğu kabul edilmiştir."
"76842600","Yargıtay","Hukuk Genel Kurulu","2010/193","2010/235","28.04.2010","hgk","borclar","y2010_2019","0.81","0.802","0.703","0.95","Buna göre, kural olarak, (Yasada tersine bir açıklık olmadıkça) sözleşmeler herhangi bir şekil şartına tabi değildir. Davacı arsa sahipleri ile davalı yüklenici arasında noterde 10.01.1995 tarihli ""Düzenleme Şeklinde Kat Karşılığı İnşaat Sözleşmesi ve Satış Vaadi Senedi"" başlıklı sözleşme ile yine noterde 27.09.1995 tarihli ""Düzenleme Şeklinde Satış Vaadi ve Kat Karşılığı İnşaat Sözleşmesi"" başlıklı sözleşmeler düzenlenmiştir."
"17214700","Yargıtay","Hukuk Genel Kurulu","2010/96","2010/106","24.02.2010","hgk","aile","y2010_2019","0.81","0.792","0.709","0.95","Mahkeme dışı ikrarın, taraflardan ya da onların yetkili temsilcilerinden sadır olması ve ikrarın mahkemeye yönelik değil; ya karşı taraf, ya da başka kimseler veya merciiler önünde yapılması gerekir. Mahkeme içi ikrarın, taraflardan ya da onların yetkili temsilcilerinden sadır olması ve ikrarın yargılama içinde, mahkemeye karşı yapılması gerekir."
"77476200","Yargıtay","Hukuk Genel Kurulu","2012/1092","2013/758","22.05.2013","hgk","ticaret","y2010_2019","0.81","0.793","0.709","0.95","S.tarafından haricen satın alındığını, anılan kişinin de taşınmazın yarısını diğer davacı kardeşi Ş.'ye sattığını, ancak, tapulama sırasında M.E.'nin yabancı uyruklu olduğu gerekçesiyle 1062 sayılı Yasa uyarınca taşınmaza el konulduğu belirtilerek, Hazine adına yapılan tespit ve tescile itiraz etmişlerdir. (A.) S.'ye taşınmazın yarı payını üzerinde bırakıp, yarısını 05.07.1979 tarihinde adiyen düzenlenen belge ile sattığı; tespite itiraz eden M.vekilinin yargılama sırasında i"
"17129400","Yargıtay","Hukuk Genel Kurulu","2011/403","2011/509","13.07.2011","hgk","aile","y2010_2019","0.81","0.587","0.828","0.95","Hal böyle olunca, Özel Daire tarafından dosyadaki delil durumuna göre tarafların eşit kusurlu kabul edilerek, davacı kadın yararına tazminata hükmedilmemesi gerektiğine işaret eden bozma kararı, yukarıda açıklanan nedenlerle Hukuk Genel Kurulunun çoğunluğunca da benimsenmiştir. Şu hale göre, Hukuk Genel Kurulu'nca da benimsenen Özel Daire Bozma kararına uyularak tarafların eşit kusurlu olduğunun kabulü ile davacı kadının maddi ve manevi tazminat talebinin tamamen reddine kara"
"17161200","Yargıtay","Hukuk Genel Kurulu","2011/593","2011/726","30.11.2011","hgk","aile","y2010_2019","0.809","0.649","0.79","0.95","Madde metninden de anlaşıldığı üzere hakim kural olarak, bozma kararına uyup uymama bakımından tarafların düşünce ve istekleri ile bağlı değildir. Diğer taraftan, bozma kararına karşı diyecekleri sorulan tarafların bozma kararına uyulmasını istemeleri, bozma nedenleri bakımından bu karara uyulmasını isteyen tarafı bağlayabilecek ve davayı karşı taraf yararına sona erdirebilecek bir nitelik taşıyorsa, hakimin resen göz önünde bulundurması zorunlu kamu düzenine ilişkin bir nede"
"77033900","Yargıtay","Hukuk Genel Kurulu","2013/189","2013/1475","23.10.2013","hgk","is_sgk","y2010_2019","0.807","0.51","0.865","0.95","HUKUK GENEL KURULU KARARI

 Hukuk Genel Kurulu'nca incelenerek direnme kararının süresinde temyiz edildiği anlaşıldıktan ve direnme kararının verildiği tarih itibariyle H.U.M.K.2494 sayılı Yasa ile değişik 438/II.fıkrası hükmü gereğince duruşma isteğinin reddine karar verilip dosyadaki kağıtlar okunduktan sonra gereği görüşüldü:

 Asıl ve birleşen dava, ek prim tahakkuku ve ödemeye davet konulu Kurum işleminin iptali ve davacının borçlu olmadığının tespiti istemine ilişkindir"
"76490600","Yargıtay","Hukuk Genel Kurulu","2013/612","2013/1297","11.09.2013","hgk","miras","y2010_2019","0.807","0.552","0.84","0.95","Hal böyle olunca; Hukuk Genel Kurulu'nca da yukarıdaki ilave gerekçelerle benimsenen Özel Daire bozma kararına uyulmak gerekirken önceki kararda direnilmesi usul ve yasaya aykırı görülmüş, direnme kararının bozulması gerekmiştir. Aynı şekilde kural olarak ölü kişi aleyhine dava açılması halinde davanın mirasçılara yöneltilmesine de olanak yoktur."
"77281200","Yargıtay","Hukuk Genel Kurulu","2011/532","2011/640","19.10.2011","hgk","ticaret","y2010_2019","0.807","0.724","0.74","0.95","Nitekim aynı ilke, Hukuk Genel Kurulu'nun 12.11.2003 gün ve E:2003/19-589, K:2003/645 sayılı ilamında da benimsenmiştir. Sonuç itibariyle; icra takibinden sonra ve itirazın iptali davası açılmadan önce borçlu tarafından ödeme yapılması halinde, yapılan bu ödeme düşüldükten sonra kalan miktar üzerinden dava açılması gerekir."
"457370000","Yargıtay","Hukuk Genel Kurulu","2012/1656","2013/826","12.06.2013","hgk","is_sgk","y2010_2019","0.807","0.78","0.709","0.95","sayılı kararlarında da benimsenmiştir.)
Gerçekten; 506 sayılı Sosyal Sigortalar Kanu’nun 2 ve 6. Bu nedenle, kamu düzenini ilgilendiren hizmet tespiti davalarında hâkimin özel bir duyarlılık göstererek delilleri kendiliğinden toplaması ve sonucuna göre, karar vermesi gerekir."
"17109600","Yargıtay","Hukuk Genel Kurulu","2011/421","2011/524","13.07.2011","hgk","usul_hukuk","y2010_2019","0.807","0.724","0.74","0.95","Ne var ki, direnme kararının temyizi üzerine Hukuk Genel Kurulu’nda dosyanın incelenmesi aşamasında, davanın reddine gerekçe yapılan 5841 sayılı Yasa ile değişik 3402 sayılı yasanın 12/3.maddesinde düzenlenen “



“…iddia ve taşınmazın niteliğine…



…bakılmaksızın”



” hükmünün iptali için Anayasa Mahkemesine dava açılmış ve Yüksek Mahkemece anılan hükmün iptal istemi kabul edilmiştir. Konuya açıklık getirmek için öncelikle usulü kazanılmış hak kavramı üzerinde durulmasında"
"77126400","Yargıtay","Ceza Genel Kurulu","2011/94","2011/133","21.06.2011","cgk","ceza_ozel","y2010_2019","0.807","0.809","0.69","0.95","maddesinde sanık lehine itirazda süre aranmayacağı kabul edilerek, tüm olağanüstü yasa yolları için geçerli olan süreye bağlı olmama ilkesi bu yasa yolu için de kabul edilmiş ve ayrıca karar düzeltme yolunun terk edilmesi nedeniyle doğabilecek olumsuzlukların önüne geçilmesi amaçlanmıştır. maddesinin uygulanmasına esas olmak üzere, sanık tarafından kullanılan kaçak elektrik enerjisi miktarı, bilirkişi tarafından belirlenen kurulu güç ile ortalama kullanım süresi dikkate alına"
"76931200","Yargıtay","Ceza Genel Kurulu","2010/185","2010/210","26.10.2010","cgk","is_sgk","y2010_2019","0.807","0.81","0.69","0.95","maddesinde özel olarak düzenlenen kasten bina yakma suçu ile 01 Haziran 2005 tarihinde yürürlüğe giren 5237 sayılı TCY'nın 170/1-a maddesi kapsamındaki genel güvenliği kasten tehlikeye sokma ve yine aynı Yasanın 152/2-a maddesinde yaptırıma bağlanan yakarak ve yanıcı madde kullanarak nitelikli mala zarar verme suçlarını oluşturmakta ve 5237 sayılı TCY'nın 44. fıkrasında; ""Başkasının taşınır veya taşınmaz malını kısmen veya tamamen yıkan, tahrip eden, yok eden, bozan, kullanıl"
"52030400","Yargıtay","Hukuk Genel Kurulu","2012/575","2013/249","20.02.2013","hgk","esya_tapu","y2010_2019","0.806","0.837","0.671","0.95","Anayasa tarafından korumaya alınan ""yaşama hakkı"", ""haberleşme hürriyeti"" ve ""mülkiyet hakkı"" gibi temel haklar arasında bir çatışma meydana gelmesi halinde bu durumun, yargılama makamları tarafından hassasiyetle değerlendirilmesi ve çatışan yararlar arasında öncelik düşüncesine dayalı bir denge kurulması gerekir. Mahkemece, kaldırılması istenilen baz istasyonunun davacıların evlerine 10 ve 6,50 m mesafede bulunduğu, yerden yüksekliğinin az olduğu ve baz istasyonunun konumu i"
"76734000","Yargıtay","Hukuk Genel Kurulu","2010/119","2010/159","17.03.2010","hgk","usul_hukuk","y2010_2019","0.806","0.765","0.715","0.95","Bu ilkeden hareketle, davada menfaatin varlığı, mahkemece, taraflarca dava dosyasına sunulmuş deliller, olay veya olgular çerçevesinde, kural olarak davanın açıldığı tarihe göre, kendiliğinden ve yargılamanın her aşamasında gözetilmesi gerekir. Kural olarak kiracı, kira parasının indirilmesini hedef tutan tespit davası açabilirse de, ihtarname ile muaraza (çe"
"77444500","Yargıtay","Hukuk Genel Kurulu","2012/850","2012/816","21.11.2011","hgk","is_sgk","y2010_2019","0.806","0.775","0.709","0.95","Kural olarak, mahkemece; taraflara usulüne uygun davetiye çıkarılması, bu yolla tarafların duruşmada hazır bulunmalarının ve savunma yapabilmelerinin sağlanması yasal bir zorunluluk ve hukuki dinlenilme hakkının da gereğidir.. Öncelikle hukuki sorunun belirlenmesi ve çözümlenmesi için yargılama aşamasında sunulan mazeret dilekçelerinin, davalının mazeret dilekçelerine karşı tutumu ve mahkemece yapılan işlemlerin açıklanmasında yarar vardır: 
Dava dilekçesinin verilmesi ile bi"
"76777800","Yargıtay","Ceza Genel Kurulu","2010/43","2010/71","30.03.2010","cgk","ceza_genel","y2010_2019","0.806","0.765","0.715","0.95","maddesinde nitelikli hırsızlık hallerine yer verilmiş, ancak gerek basit gerekse nitelikli hırsızlık hallerinde kural olarak bağımsız yaptırımlar öngörülmüş, suçun ruh ve beden bakımından maddesinde; 
""(1) Suça sürüklenen çocuklarla ilgili olarak uzlaşma, soruşturulması ve kovuşturulması şik&acirc;yete bağlı olan veya kasten işlenen ve alt sınırı iki yılı aşmayan hapis veya adli para cezasını gerektiren ya da taksirle işlenen suçlarda uygulanır."
"77550600","Yargıtay","Ceza Genel Kurulu","2012/1405","2013/520","26.11.2013","cgk","ceza_ozel","y2010_2019","0.806","0.806","0.69","0.95","maddesinin ikinci fıkrasında; ""cürmü işlemek veya çalınmış eşyayı başka yere kaldırmak için taklit anahtar yahut sair aletler kullanarak veya sahibinin terk veya kaybettiği anahtarı elde ederek yahut haksız yere elinde bulundurduğu asıl anahtarla bir kilidi açarak"" işlenmesi, suçun nitelikli hali olarak kabul edilmiştir. Suçun geri verilmek veya başka bir amaçla kullanmak için alınan gerçek anahtarla işlenmesi bu kapsamda değerlendirilmelidir."
"52025600","Yargıtay","Ceza Genel Kurulu","2012/1152","2013/20","22.01.2013","cgk","ceza_genel","y2010_2019","0.806","0.782","0.703","0.95","Maddenin birinci fıkrasında kasten yaralama suçunun tanımı yapılmış, kişinin vücuduna acı veren veya sağlığının ya da algılama yeteneğinin bozulmasına neden olan her türlü davranışla kasten yaralama suçunun işlenebileceği kabul edilmiştir. fıkralar ile bu kurum büyükler için de kabul edilmiş, aynı kanunun 40."
"100024600","Yargıtay","Hukuk Genel Kurulu","2012/741","2013/159","30.01.2013","hgk","is_sgk","y2010_2019","0.805","0.769","0.71","0.95","Yeni düzenlemeye göre aile reisi olma şartı yürürlükten kalktığından ve sigortalının lehine olan bu yeni şeklin eski olaylara da uygulanması gerektiğinden Yerel Mahkemenin davacının sigortalılığı yönünden aile reisi olması gerekmediğine ilişkin kabulü isabetli olup, Özel Daire ile Yerel Mahkeme arasında bu hususta bir uyuşmazlık bulunmamaktadır (Hukuk Genel Kurulu 18.05.2011 gün 2011/10-230 E. madde kapsamında ürün bedellerinden tevkifat suretiyle kesilerek Bağ-Kur’a ödenmesi"
"77447100","Yargıtay","Hukuk Genel Kurulu","2012/512","2012/822","21.11.2011","hgk","usul_hukuk","y2010_2019","0.805","0.803","0.69","0.95","Davacılar, kayden malik oldukları taşınmazların imar uygulamasına tabi tutulmasından sonra Hazine'nin mera iddiasıyla açtığı tapu iptali ve tescil davasının Hazine lehine sonuçlanması sonucu, taşınmazlarından imardan sonra ayrıca 505,40 m2 lik kısmın fazladan Hazine adına tescil edildiğini beyan ederek, imar uygulamasının davalı Belediye tarafından yapılması ve davacı parsellerinden toplam 505,40 m2 lik kısmından fazladan davalı Hazine adına tescil edilmesi nedeniyle tazminat"
"76930500","Yargıtay","Ceza Genel Kurulu","2010/182","2010/209","26.10.2010","cgk","ceza_genel","y2010_2019","0.805","0.691","0.753","0.95","maddesi uyarınca, yukarıda sayılan hükümlerden birinin verildiği ahvalde, kural olarak bu kararlara karşı temyiz yasayoluna başvurulabilecektir. maddesinin uygulanmasına yer olmadığına, CYY'nın 231/5 ve devamı maddeleri gereğince, sanığın daha önce kasıtlı bir suçtan mahkum olmamış olması, kişilik özellikleri ile duruşmadaki tutum ve davranışları gözönüne alınarak hükmün açıklanmasının geri bırakılmasına, sanığın 5 yıl denetimli serbestlik tedbirine tabi tutulmasına itirazı k"
"17224400","Yargıtay","Hukuk Genel Kurulu","2010/186","2010/181","31.03.2010","hgk","ticaret","y2010_2019","0.804","0.711","0.74","0.95","4722 sayılı Türk Medeni Kanununun Yürürlüğü ve Uygulama Şekli Hakkında Kanunun 1.maddesinde de; ""Türk Medeni Kanununun yürürlüğe girdiği tarihten önceki olayların hukuki sonuçlarına, bu olaylar hangi kanun yürürlükte iken gerçekleşmişse kural olarak o kanun hükümleri uygulanır."" denilmekte ve aynı Yasanın 3. madde hükmü gereğince, bu kanunun düzenlendiği hukuki ilişkilerden doğan davalarda dava konusunun miktarına bakılmaksızın görevli ve yetkili mahkeme olarak İstanbul ilind"
"76987500","Yargıtay","Hukuk Genel Kurulu","2011/48","2011/226","27.04.2011","hgk","is_sgk","y2010_2019","0.804","0.734","0.727","0.95","Hal böyle olunca, davalı SGK vekilinin yeni hükme yönelik temyiz itirazlarının incelenmesi için dosyanın Özel Dairesine gönderilmesi gerekir. maddesi uyarınca uzun vadeli sigorta kolları ile ilişkilendirildiği topluluk sigortası ile çalıştırıldığı, işverence kısa vadeli sigorta kolları için topluluk sigortası yapılmaması nedeniyle davacının işgöremezlik geliri ve tedavi giderlerinden istifade edememesinin anayasal haklara aykırı olduğu gerekçesiyle davanın kabulüne, davacının"
"76952300","Yargıtay","Ceza Genel Kurulu","2010/196","2010/228","23.11.2010","cgk","ceza_genel","y2010_2019","0.804","0.901","0.63","0.95","Tutanağa göre, olay yerinde yol şerit çizgisi, ağır taşıtların sağdan gitmesi gerektiğini gösteren trafik bilgi levhası bulunmaktadır, yol tek yönlü olup asfalttır, havanın yağışlı, yol zemininin ise ıslak olduğu belirtilmektedir, yol düzdür fakat dik eğimlidir, kavşak ve geçit yoktur, kaza yoldan çıkma ve sabit cisme çarpma şeklinde gerçekleşmiştir, hava alacakaranlıktır. Yol genişliğinin 14 metre olduğu görülmektedir, araç arıza şeridinin de sağında bulunan korkuluklara, ko"
"477614900","Yargıtay","Ceza Genel Kurulu","2010/208","2011/64","26.04.2011","cgk","ceza_genel","y2010_2019","0.804","0.852","0.659","0.95","İncelenen dosya içeriğine göre;
Mağdurun 20.10.2007 tarihinde gece 01.00 sıralarında İnönü Caddesi üzerinde devriye gezen ekip otosunu durdurarak kendisini tehdit eden kişilerin olduğunu söylemesi ve gittikleri yönü göstermesi üzerine, ekip otosuna alınarak sanıkların peşinden gidilmiş ve mağdurun göstermesi üzerine sanıklar cadde üzerinde yaya olarak gitmekte iken yakalanmış, saat 01.20 sıralarında yapılan üst aramalarında, sanık ...’ın üzerinde 22 Lira ele geçmiştir. isimli"
"77404900","Yargıtay","Hukuk Genel Kurulu","2012/1622","2013/822","12.06.2013","hgk","is_sgk","y2010_2019","0.803","0.759","0.709","0.95","adına işlem gören işyeri sigortalısının 11.12.1998 tarihinde uğradığı iş kazası sonucu %22.2 oranında mal&ucirc;l kaldığı, sigortalıya geçici işgöremezlik ödeneği tediye edilerek, hastane masrafı yapılması ve gelir bağlanması nedeniyle toplam 4.350.900.414 TL Kurum zararının doğduğunu, müfettiş raporu uyarınca işverenin olayın meydana gelmesinde %70 oranında kusurlu bulunduğu anlaşıldığından, Kurum zararının %70'ine tekabül eden kısmın, 506 sayılı Kanun'un 26. vekili cevap di"
"77598200","Yargıtay","Hukuk Genel Kurulu","2013/44","2013/1512","30.10.2013","hgk","usul_hukuk","y2010_2019","0.803","0.835","0.665","0.95","KARŞI OY 
T.C.Anayasası 40/II ve 129/5.maddeleri ile devletin sorumluluğu bakımından ""idari güvence"" ilkesi anayasal ve yazılı olarak benimsenmiştir. Geçmiş yıllardan beri sayılan yasa hükümlerine rağmen duraksamalar yaşandığından anayasal olarak idari güvence devlet tarafından benimsenmiştir."
"77184100","Yargıtay","Hukuk Genel Kurulu","2010/653","2010/691","22.12.2010","hgk","borclar","y2010_2019","0.803","0.728","0.727","0.95","Sicilden kaydın silinebilmesi için de muteber bir hukuki sebebin bulunması gerekir. Hukuk Genel Kurulu önüne gelen uyuşmazlık; davacı lehine kurulan intifa hakkının dava konusu bağımsız bölüm üzerinde devam edip etmediği; bağımsız bölümleri satın alan davalının iyiniyetli üçüncü kişi kabul edilip edilemeyeceği, varılacak sonuca göre ecrimisil istenip istenemeyeceği, noktalarında toplanmaktadır."
"77458700","Yargıtay","Hukuk Genel Kurulu","2012/1892","2013/881","26.06.2013","hgk","is_sgk","y2010_2019","0.803","0.696","0.746","0.95","Yerel mahkemece, önceki gerekçeleri yanında ""takdiri indirim dışında ıslah sonrası zamanaşımı itirazı nedeni ile fazla mesai ve tatil alacaklarından indirim yapıldığı, bu nedenle reddedilen alacak olduğu, zamanaşımı nedeni ile reddedilen kısım için vekalet ücreti hükmedilmesi gerektiği"" gerekçeleri ile, direnildiğinden bahisle, davanın kısmen kabulüne karar verilmiştir. Bilindiği üzere; direnme kararının varlığından söz edilebilmesi için, mahkeme bozmadan esinlenerek yeni her"
"52038500","Yargıtay","Hukuk Genel Kurulu","2012/584","2013/166","30.01.2013","hgk","miras","y2010_2019","0.802","0.79","0.69","0.95","Ancak, Özel Dairece bu husus incelenmediğinden temyiz incelemesi yapılmak üzere dosyanın Özel Daireye gönderilmesi gerekir. Mahkemece; asıl dava ve birleşen davanın kabulüne, Topallı köyü 4533 ada 5,6,12,13 parsellerin beyanlar hanesindeki "" 3573 sayılı yasa kapsamında olup veriliş amacı dışında kullanılamaz, miras d&acirc;hil bölünemez, veriliş tarihindeki yüzölçümü küçültülemez aksi takdirde hazinece geri alınır "" şeklindeki şerhin terkinine, parsellerin tapu kayıtlarının i"
"16951200","Yargıtay","Hukuk Genel Kurulu","2010/94","2010/100","24.02.2010","hgk","borclar","y2010_2019","0.802","0.82","0.671","0.95","sayılı Yargıtay İçtihadı Birleştirme Kararında da; ""Vakıa ve karinelerden olayda kanunen iyiniyet iddiasında bulunamayacak durumu belirmiş olan kimsenin kötüni-yetinin diğer tarafa ispat ettirilmesine artık sebep ve vecih kalmayacağı ve dava hakkının doğumunu sağlayan veya bertaraf eden iyi ve kötüniyetin bu durumda mahkemece re'sen nazara alınabileceği"" kabul edilmiştir. Kural olarak; bir taşınmazda önceden beri paydaş olan bir kimsenin kendi payını doğrudan eşine bağışlamas"
"16995300","Yargıtay","Hukuk Genel Kurulu","2010/385","2010/381","14.07.2010","hgk","icra_iflas","y2010_2019","0.802","0.754","0.709","0.95","Yargıtay Dairesi veya Hukuk Genel Kurulu temyiz incelemesi sonucunda vermiş olduğu karara karşı yapılan karar düzeltme talebini mesmu olmadığından dolayı (usulden) reddetmiş ise, bu halde de taraflar, kural olarak Yargıtay'ın karar düzeltme talebinin reddine ilişkin kararına karşı karar düzeltme yoluna gidemezler. Bu şekliyle maddedeki düzenleme üç hale ilişkin olup, şöyle sıralanabilir: 






Bunlardan ilki ""aynı ilâm aleyhine bir defadan fazla..."" sözlerinde ifade olunduğu"
"77422700","Yargıtay","Hukuk Genel Kurulu","2012/1605","2013/848","14.06.2013","hgk","ticaret","y2010_2019","0.802","0.789","0.69","0.95","Davacı vekili davalı yanca müvekkili aleyhine girişilen takibe dayanak kılınan kefalet taahhüdünün, Türk Ticaret Kanunu'nun 137 nci maddesinde gösterilen ehliyet kapsamı dışında ve dava dışı E.K.'nun aynı yasanın 334 ncü maddesinde ifadesini bulan şirketle işlem yapma yasağına aykırı biçimde oluşturulduğunu ve bu nedenle geçersiz olduğunu ileri sürerek anılan kefalet taahhüdünden dolayı müvekkilinin borçlu bulunmadığının tesbitine karar verilmesini talep ve dava etmiştir. old"
"77266700","Yargıtay","Ceza Genel Kurulu","2010/158","2011/296","27.12.2011","cgk","usul_hukuk","y2010_2019","0.802","0.79","0.69","0.95","Görev konusunun Yargıtayca inceleme konusu dahi yapılamayacağı bir durumda, Yargıtay C.Başsavcılığının kesin nitelikteki merci tayini kararını hükümsüz kılacak bir sonuç doğmasına neden olacak şekilde itiraz yasa yoluna başvurma olanağının da bulunmadığı kabul edilmelidir. maddesi uyarınca kurulan ağır ceza mahkemelerince, bu madde kapsamında yargılama yapılarak, suç işlemek amacıyla örgüt kurma, yönetme, üye olma ve örgüte yardım suçlarından beraat kararı verilen hallerde, m"
"76707700","Yargıtay","Hukuk Genel Kurulu","2010/60","2010/90","17.02.2010","hgk","is_sgk","y2010_2019","0.801","0.818","0.671","0.95","Mahkemece, Yüksek Sağlık Kurulu raporu ile Adli Tıp Kurumu Kurullarınca düzenlenen raporlar arasında açık çelişki bulunduğundan ve Yüksek Sağlık Kurulu raporunun davalı kurumu bağlayıcı niteliği göz önünde bulundurularak istemin kısmen kabulü ile; Sosyal Sigorta Yüksek Sağlık Kurulu'nun 23.02.2007 tarih ve 2005/804 Esas ve 15/1085 sayılı raporuna göre, davacının çalışma gücünün 2/3'ünü kaybetmiş olduğundan malul sayılmasına, maluliyet başlangıcının ise 07.12.2006 tarihi olduğ"
"76702000","Yargıtay","Hukuk Genel Kurulu","2010/76","2010/76","17.02.2010","hgk","ticaret","y2010_2019","0.801","0.784","0.69","0.95","Bu hükümler göstermektedir ki, sigorta hukukunda ilke olarak, sigorta akdinin meydana gelmiş olması, sigortacının sorumluluğunun başlamış olmasını gerektirmez. Böyle bir mukavele yoksa sigorta priminin toptan ödenmesi lazımdır.""
Denilmekte;
Yine Aynı Kanunun ""Ödeme zamanı"" başlıklı 1295.maddesinde ise;
""Sigorta priminin tamamının, taksitle ödenmesi kararlaştırılmışsa ilk taksitin, akit yapılır yapılmaz ve poliçenin teslimi karşılığında ödenmesi gerekir."
"76706200","Yargıtay","Hukuk Genel Kurulu","2010/93","2010/88","17.02.2010","hgk","usul_hukuk","y2010_2019","0.801","0.761","0.703","0.95","Nitekim, Hukuk Genel Kurulu'nun 6.1.1968 gün ve E:1966/T-1728, K:6 sayılı kararında da, feshedildiği ileri sürülen bir sözleşmeden kaynaklanan uyuşmazlığın, sözleşme hükümleri çerçevesinde çözümlenmesi ve zamanaşımının da buna göre belirlenmesi gerektiği kabul edilmiştir. sayılı kararında da benimsenmiş olup, sözleşme niteliğindeki yüklenme senedinden kaynaklanan uyuşmazlıkta, fazla ödenen paranın geri alınmasının sözleşme hükümleri çerçevesinde çözümlenmesi gerektiği kabul e"
"76946000","Yargıtay","Hukuk Genel Kurulu","2010/476","2010/504","13.10.2010","hgk","aile","y2010_2019","0.801","0.698","0.74","0.95","maddesine dayalı değer artış payından kaynaklanan alacak davası olarak kabul edilmiş kabule göre de taraf delillerinin toplanıp, değerlendirilerek sonucuna göre karar verilmesi gerekirken eksik inceleme ve yanlış nitelenme ile yazılı şekilde hüküm kurulması doğru görülmeyerek mahkeme kararı bozulmuştur. Görülüyor ki h&acirc;kim, kural olarak Yargıtay bozma kararına uyup uymamak konusunda tarafların düşünce ve istekleriyle bağlı olmayıp, bu yönden serbest davranmak, uyma ya da"
"76825200","Yargıtay","Ceza Genel Kurulu","2010/44","2010/124","25.05.2010","cgk","ceza_genel","y2010_2019","0.801","0.784","0.69","0.95","Y..ın, şubece bilinen adresinde babasına yapılan tebligata rağmen nüfusa kayıtlı olduğu Eğirdir Askerlik Şubesince emsallerinin askere sevk edildiği son tarih olan 28.08.1997 tarihine kadar son yoklamasını yaptırmadığı ve 01.07.2005 tarihine kadar yoklama kaçağı olarak kaldıktan sonra, bu tarihte kendiliğinden teslim olduğu somut olayda; Özel Daire ile Yargıtay Cumhuriyet Başsavcılığı arasında çözümü gereken uyuşmazlık, dava zamanaşımı süresinin dolup dolmadığının belirlenmes"
"76361900","Yargıtay","Ceza Genel Kurulu","2012/1374","2013/431","22.10.2013","cgk","usul_hukuk","y2010_2019","0.801","0.696","0.74","0.95","Nitekim 765 sayılı TCK'nun yürürlükte bulunduğu dönemde Ceza Genel Kurulunun 30.12.2003 gün ve 266-309 sayılı kararında da aynı sonuca ulaşılmış, yerleşmiş Özel Daire kararlarında da bu husus aynen kabul edilmiştir (5. Cilt, s.212)

 Ceza muhakemesi hukukunda vicdani delil sistemi benimsenmiştir."
"77597800","Yargıtay","Hukuk Genel Kurulu","2013/678","2013/1064","17.07.2013","hgk","is_sgk","y2010_2019","0.8","0.813","0.671","0.95","İşverenin işe davete dair beyanının da ciddi ve samimi olması gerekir, işverenin işe başlatma amacı olmadığı halde işe başlatmama tazminatı ödememek için yapmış olduğu çağrı, gerçek bir işe başlatma daveti olarak değerlendirilemez. Aynı veya eşdeğer bir işin bulunmaması halinde işverenin çalışma koşullarında değişiklik yaparak, farklı koşullarda işçiyi istihdam etme olanağı olup olmadığının tespit edilmesi gerekir."
"77035300","Yargıtay","Hukuk Genel Kurulu","2010/725","2011/314","18.05.2011","hgk","is_sgk","y2010_2019","0.8","0.777","0.69","0.95","İcra ve İflas Kanunu'nun 16.maddesinin birinci fıkrasına göre kural olarak şikayet yedi günlük süreye tabi olmakla birlikte, aynı maddenin ikinci fıkrasında, bir hakkın yerine getirilmemesinden veya sürüncemede bırakılmasından dolayı her zaman şikayet yoluna gidilebileceği hükmü öngörülmüş; ikinci fıkrada yazılı olmayan, icra dairesinin kamu düzenine aykırı işlemlerine karşı şikayetin de süreye tabi bulunmadığı ilkesi, uygulama ve doktrinde yerleşmiştir. maddesinde sıralanan "
"86218800","Yargıtay","Hukuk Genel Kurulu","2012/821","2013/409","27.03.2013","hgk","is_sgk","y2010_2019","0.8","0.574","0.809","0.95","Tarafların karşılıklı iddia ve savunmalarına, dosyadaki tutanak ve kanıtlara, özellikle davacının mevcut uygulamaya uzun süre ses çıkarmamış olması nedeniyle ve emsal nitelikte bulunan Yargıtay Hukuk Genel Kurulu'nun 8.10.2008 gün ve E:2008/13-565, K:583 sayılı kararında açıklanan gerektirici nedenlere göre, Hukuk Genel Kurulu’nca da benimsenen Özel Daire bozma kararına uyulmak gerekirken önceki kararda direnilmesi usul ve yasaya aykırıdır. HUKUK GENEL KURULU KARARI
 Hukuk Ge"
"435812700","Yargıtay","Büyük Genel Kurulu","2016/6","2016/6","13.05.2016","yibk","icra_iflas","y2010_2019","0.799","0.8","0.634","1","gerekçe gösterilmeksizin mahkeme kararın onandığını, karar düzeltme başvurusu üzerine de yine aynı Daire tarafından ve yine hiçbir gerekçe gösterilmeksizin karar düzeltme isteğinin reddedildiğini iddia ederek 22.500 TL USD' nin davalıdan tahsiline karar verilmesini istemiştir. maddesinde yazılı nispetlerin uygulanabileceği bir avukatlık hizmetinin olmadığı, avukatlık ücretinin muaccel olduğu azil tarihinde (08.01.2008) yürürlükte olan Asgari Ücret Tarifesinin uygulanmasının g"
"77509300","Yargıtay","Hukuk Genel Kurulu","2012/1834","2013/778","29.05.2013","hgk","is_sgk","y2010_2019","0.799","0.741","0.709","0.95","Davacı vekili, 1997 yılında davalı kurumdan emekli olduğunu ve davalı kurumca 506 Sayılı Kanuna göre kendisine yaşlılık aylığı bağlandığını, 15.11.1998 tarihinde Tarım ve Köy İşleri Bakanlığında çalışmaya başladığını ve halen çalışmaya devam ettiğini, ancak davalı kurum tarafından almakta olduğu yaşlılık aylığının 01.01.2005 tarihi itibariyle Tarım ve Köy İşleri Bakanlığında çalışmaya devam etmesi nedeniyle 5335 Sayılı Kanun'un 30. maddesine göre 01.01.2005 tarihi itibariyle "
"77451600","Yargıtay","Hukuk Genel Kurulu","2012/256","2012/829","21.11.2011","hgk","icra_iflas","y2010_2019","0.799","0.741","0.709","0.95","Yargıtay İçtihadı Birleştirme Büyük Genel Kurulu'nun 12.11.1979 gün ve 1979/1-3 sayılı kararında da bu ilkeler aynen benimsenmiştir. Kiracının temerrüde düşmüş olması için alacağın muaccel olmasından başka dava edilebilir olması gerekir veya diğer bir deyimle borçlu, edayı yerine getirmeğe mecbur olmalıdır."
"77572600","Yargıtay","Ceza Genel Kurulu","2013/7","2013/535","26.11.2013","cgk","is_sgk","y2010_2019","0.799","0.773","0.69","0.95","Mağduru belli bir kişi olmayan suçlarda da bu fıkra hükmü uygulanır"" biçiminde zincirleme suç düzenlemesine yer verilmiş, ikinci fıkrasında; ""Aynı suçun birden fazla kişiye karşı tek bir fiille işlenmesi durumunda da, birinci fıkra hükmü uygulanır"" denilmek suretiyle aynı neviden fikri içtima kurumu hüküm altına alınmış, üçüncü fıkrasında ise; ""Kasten öldürme, kasten yaralama, işkence, ... maddesinin ikinci fıkrası; ""Aynı suçun birden fazla kişiye karşı tek bir fiille işlenme"
"86659400","Yargıtay","Hukuk Genel Kurulu","2012/1564","2013/580","24.04.2013","hgk","icra_iflas","y2010_2019","0.798","0.672","0.746","0.95","Usul Hukukumuzda kural olarak hüküm kesinleşinceye kadar davadan feragat edilebilir. Satış memurunun karar ve işlemlerine karşı itiraz ve şikâyetler ile satışın kanuna aykırılığı iddiasıyla açılan ihalenin feshi davalarının icra hukuk mahkemelerinde değil, ortaklığın giderilmesi kararını veren sulh hukuk mahkemesinde çözümlenmesi gerekir."
"76991200","Yargıtay","Ceza Genel Kurulu","2010/194","2010/270","21.12.2010","cgk","ceza_genel","y2010_2019","0.798","0.768","0.69","0.95","fıkralar ile de yetişkinler için kabul edilmiş, aynı Yasanın 40. madde ile; 15 yaşından büyüklerin işledikleri terör suçları ile 1632 sayılı Yasada yer alan suçlar, hükmün açıklanmasının geri bırakılması kapsamı dışına çıkarılarak kurumun uygulanma alanı tekrar daraltılmış, 25.07.2010 gün ve 27650 sayılı Resmi Gazete'de yayımlanarak aynı gün yürürlüğe giren 22.07.2010 gün ve 6008 sayılı Yasanın 7."
"76975700","Yargıtay","Hukuk Genel Kurulu","2011/175","2011/202","20.04.2011","hgk","miras","y2010_2019","0.797","0.767","0.69","0.95","Bilindiği üzere çekişmeli yargıda kural olarak duruşma yapılması zorunludur. (Ek : 6/6/1985 - 3220/12 md.; Değişik fıkra: 11/1/2011-6099/9 md.) Daha önce tebligat yapılmamış olsa bile, tüzel kişiler bakımından resm&icirc; kayıtlardaki adresleri esas alınır ve bu madde hükümleri uygulanır."
"17131900","Yargıtay","Hukuk Genel Kurulu","2011/58","2011/176","15.04.2011","hgk","usul_hukuk","y2010_2019","0.797","0.57","0.803","0.95","Maddenin açık hükmü uyarınca ve ayrıca hukuk ile ceza davalarının konuları, tarafları ve amaçları farklı olduğundan ceza mahkemesi kararları kural olarak hukuk mahkemesi için kesin hüküm oluşturmaz; hukuk hakimi kural olarak ceza mahkemesinin beraat karan ile bağlı değildir. Yerel mahkemece ""davanın dayanağını teşkil eden aks milinin temin edilememesi ve üzerinde inceleme yapılamaması nedeniyle davanın kanıtlanamadığı"" gerekçesiyle davanın reddine dair verilen karar, Özel Dai"
"17109500","Yargıtay","Hukuk Genel Kurulu","2011/314","2011/525","13.07.2011","hgk","ticaret","y2010_2019","0.797","0.766","0.69","0.95","Yargıtay İçtihatları Birleştirme Genel Kurulu’nun 27.6.2003 tarih ve 1/1 sayılı Yargıtay İçtihadı Birleştirme Kararı'nda fatura üzerine yazılan kayıtların etkisi ayrıntısıyla irdelenmiş; faturada bulunması gerekmeyen bir hususun faturada gösterilmesi halinde buna itiraz edilmemesinin faturayı alanı bağlamayacağı; faturada yer alması gereken asli unsurların faturaya yazılması halinde ise, alanın bunlara itiraz etmemesi durumunda bu hususu kabul etmiş sayılacağı benimsenmiştir."
"77044200","Yargıtay","Hukuk Genel Kurulu","2011/296","2011/338","18.05.2011","hgk","ticaret","y2010_2019","0.797","0.831","0.653","0.95","Ayrıca 23.11.2006 tarihli ikinci duruşmaya da gelmemiş, mazeret faksı göndermiş, masraf ve yazı aslının posta ile gönderileceğini bildirmiş, davalı vekilinin mazereti kabul etmemesine rağmen yerel mahkemece mazeret son kez olduğuna işaretle kabul edilmiştir. Bunların dışında 10.04.2007, 15.05.2008 ve 08.07.2008 tarihli oturumlara da gelmemiş, ancak yerel mahkemece mazeretleri kabul edilmiştir."
"77584500","Yargıtay","Ceza Genel Kurulu","2012/1335","2013/423","22.10.2013","cgk","ticaret","y2010_2019","0.797","0.765","0.69","0.95","maddenin birinci fıkrası ise; ""kullanmak için uyuşturucu veya uyarıcı madde satın alan, kabul eden veya bulunduran kişi, bir yıldan iki yıla kadar hapis cezası ile cezalandırılır"" şeklinde düzenlenmiş olup, bu fıkranın gerekçesinde de; izlenen suç politikası gereği uyuşturucu veya uyarıcı madde kullanmak değil, kullanmak amacıyla uyuşturucu veya uyarıcı madde satın almak, kabul etmek veya bulundurmak fiilleri suç olarak kabul edilmiştir. CEZA GENEL KURULU KARARI
Sanığın uyuşt"
"76448800","Yargıtay","Hukuk Genel Kurulu","2013/169","2013/1365","18.09.2013","hgk","icra_iflas","y2010_2019","0.796","0.759","0.69","0.95","Bir alacağın zamanaşımına uğraması yani alacağın ""dava edilebilme"" niteliğini kaybetmesi için, ""zamanaşımı süresi""nin geçmesi gerekir. Davacı vekili, davalı ile müvekkili arasında davalıya ait konut inşaatının kablo çekimi, boş pano montajı ile montaja hazır hale getirme işi konusunda sözleşme imzalandığını, müvekkilinin sözleşme ile yüklendiği edimini yerine getirmesine rağmen davalının ödemesi gereken bedelin bir kısmını ödemediğini belirterek, 7.700,00 TL bakiye alacağın 1"
"52075800","Yargıtay","Ceza Genel Kurulu","2012/1234","2012/1825","31.10.2012","cgk","icra_iflas","y2010_2019","0.796","0.59","0.79","0.95","CEZA GENEL KURULU KARARI

 Sanığın silahlı terör örgütüne yardım etme suçundan cezalandırılmasına karar verilen ve suçun sübutuna yönelik bir uyuşmazlık bulunmayan olayda, Özel Daire ile yerel mahkeme arasında oluşan ve Ceza Genel Kurulunca çözümlenmesi gereken uyuşmazlık, suçun tamamlanıp tamamlanmadığının belirlenmesine ilişkindir. ait parmak izlerinin tespit edildiği,

 Soruşturma devam ederken, 22.12.2005 günü görevlileri telefonla arayan ve kimliğini vermek istemeyen bir"
"43406700","Yargıtay","Ceza Genel Kurulu","2011/104","2011/183","20.09.2011","cgk","icra_iflas","y2010_2019","0.796","0.782","0.678","0.95","maddesindeki hak yoksunlukları, kural olarak hapis cezasının infazı ile sınırlandırılmış, infaz tamamlanmakla herhangi bir yargı kararına gerek olmaksızın kendiliğinden ortadan kalkacakları düzenlemesine yer verilmiş, maddenin beşinci fıkrasındaki düzenleme ile de birinci fıkrada sayılan hak ve yetkilerin kötüye kullanılması suretiyle işlenen suçlarda, infazın sona ermesinden sonra da kararda ayrıca hükmedilmesi koşuluyla, hak yoksunluğunun bir süre daha devam etmesi sağlanmı"
"86453400","Yargıtay","Hukuk Genel Kurulu","2013/209","2013/399","27.03.2013","hgk","ceza_usul","y2010_2019","0.795","0.659","0.746","0.95","maddesi uyarınca tasarımın hükümsüzlüğüne karar verilmesi halinde kararın sonuçlarının geçmişe etkili olacağı, davacının üretim araçlarına el konulması nedeniyle davacının 4.452,14 TL maddi zararının olduğu gerekçesiyle davanın kısmen kabulü ile 4.452,14 TL maddi ve 10.000,00 TL manevi tazminatın davalıdan tahsiline karar verilmiştir. Direnme hükmünü davacı vekilinin temyizi üzerine, Hukuk Genel Kurulu; Özel Daire bozma ilamındaki gerekçeleri benimsemek suretiyle sonuçta, Öze"
"77245900","Yargıtay","Hukuk Genel Kurulu","2012/729","2013/163","30.01.2013","hgk","ceza_genel","y2010_2019","0.795","0.757","0.69","0.95","Öncelikle, 4282 sayılı Kanunla kurulmuş olan bir Vakıf Üniversitesi olan Maltepe Üniversitesi Tıp Fakültesinde çalışan davalı doktorun eyleminden sorumluluğuna ilişkin yasal düzenleme, kavram ve kurumlar irdelenmelidir: 
2547 sayılı Yükseköğretim Kanununda Vakıf Üniversitelerinin kuruluş ve işleyişi düzenlenmiş olup, bu yasa kapsamında dava dışı Maltepe Üniversitesi 4282 sayılı kanun ile kurulmuştur. Kamu görevlilerinin görev ve sorumluluklarını düzenleyen 129.maddesinin biri"
"77455200","Yargıtay","Hukuk Genel Kurulu","2013/432","2013/1707","25.12.2013","hgk","aile","y2010_2019","0.794","0.476","0.849","0.95","Buna göre, daha önce sosyal güvenlik kanunlarında yer almayan, boşanılan eşle fiilen birlikte yaşama olgusu, gelir veya aylık kesme nedeni ve bağlama engeli olarak benimsenmiştir. TMK'nun anılan 2.maddesi uyarınca:
""Herkes, haklarını kullanırken ve borçlarını yerine getirirken dürüstlük kurallarına uymak zorundadır."
"752420300","Yargıtay","Büyük Genel Kurulu","2022/2","2022/2","26.01.2022","yibk","ticaret","y2020plus","0.793","0.81","0.623","1","O nedenledir ki, tazminat davasına bakan mahkeme, dava dilekçesine iddia doğrultusunda eklenmiş bulunan belgelerin güvenilirliğini denetlemek zorundadır. Esasen hâkimlerin hukuki sorumluluğundan kaynaklanan tazminat davasında amaç, yasaların açıkça emrettiği ve meslek kurallarının gerektiğinden başka türlü davrandığı ileri sürülen hâkimin kamu önünde durumunu açıklığa kavuşturmak ve yargılama gibi önemli bir görev yapan kişi için gerçeğe uygun bir kanı doğmasını sağlamaktır."
"77281800","Yargıtay","Hukuk Genel Kurulu","2011/549","2011/644","19.10.2011","hgk","ticaret","y2010_2019","0.793","0.543","0.809","0.95","6762 sayılı Türk Ticaret Kanunu'nda temsile ilişkin hükümler bulunmadığından 818 sayılı Borçlar Kanunu'nun temsile ilişkin hükümleri uygulanır.Temsil yetkisi kanundan ya da sözleşme ilişkisinden doğabilir. HUKUK GENEL KURULU KARARI

 Hukuk Genel Kurulunca incelenerek direnme kararının süresinde temyiz edildiği anlaşıldıktan ve dosyadaki kağıtlar okunduktan sonra gereği görüşüldü:
Dava, kambiyo senetlerine mahsus yolla yapılan icra takibinde borca ve imzaya itiraz, takibin ipt"
"77238600","Yargıtay","Hukuk Genel Kurulu","2012/1149","2013/147","23.01.2013","hgk","is_sgk","y2010_2019","0.793","0.716","0.709","0.95","b) Bu Kanunun 4 üncü maddesinin birinci fıkrasının (b) bendi kapsamında sigortalı sayılanlardan, ilgili kamu kurum ve kuruluşlarından alınacak belgelerle doğrulamak kaydıyla faaliyette bulunulmadığına ilişkin süreler hariç olmak üzere çalışılan süreleri için, sosyal güvenlik destek primi oranı olarak bu Kanunun 30 uncu maddesinin üçüncü fıkrasının (b) bendinde belirtilen hükümler uygulanır. Bu oran, bu maddenin yürürlüğe girdiği yılda % 12 olarak, takip eden her yılın Ocak ay"
"87156200","Yargıtay","Hukuk Genel Kurulu","2013/186","2013/1391","25.09.2013","hgk","is_sgk","y2010_2019","0.793","0.683","0.727","0.95","Bu husus Yargıtay Hukuk Genel Kurulu'nun 03.07.2013 tarih 2012/10-1832 E., 2013/427 K sayılı kararında da kabul edilmiştir. Davacı vekili, müvekkilinin alacaklarının ödenmediği gerekçesiyle kıdem tazminatı, ihbar tazminatı, ikramiye alacağı, ulusal bayram, genel ve hafta sonu tatilleri, fazla mesai, yıllık ücretli izin alacağı ve toplu iş sözleşmesi farkından oluşan işçilik alacaklarının dava tarihinden itibaren mevduata uygulanan en yüksek faizle birlikte davalılardan çalışt"
"17004000","Yargıtay","Hukuk Genel Kurulu","2010/376","2010/397","14.07.2010","hgk","icra_iflas","y2010_2019","0.793","0.747","0.69","0.95","Likit bir alacaktan söz edilebilmesi için ise; ya alacağın gerçek miktarının belli ve sabit olması ya da borçlusu tarafından belirlenebilmesi için bütün unsurların bilinmesi veya bilinmesinin gerekmekte olması; böylece, borçlunun borç tutarını tahkik ve tayin etmesinin mümkün bulunması; başka bir ifadeyle, borçlunun yalnız başına ne kadar borçlu olduğunu tespit edebilir durumda olması gerekir. Bu hukuki süreç anlatıldıktan sonra öncelikle şunu belirtmek gerekir ki: Özel Daire"
"16993300","Yargıtay","Hukuk Genel Kurulu","2010/303","2010/358","30.06.2010","hgk","miras","y2010_2019","0.793","0.649","0.746","0.95","Ön sorunun konusunu oluşturan olgu şudur:






Kural olarak, kesin hükme bağlanmış bir davaya yeniden bakılamaz. Yargıtay Hukuk Genel Kurulu'nun,17.04.1996 gün ve 1996/10-112-282 sayılı kararında da aynı ilke benimsenmiştir."
"76933000","Yargıtay","Ceza Genel Kurulu","2010/175","2010/212","26.10.2010","cgk","usul_hukuk","y2010_2019","0.793","0.662","0.74","0.95","Mahkeme, bozmaya uyduktan sonraki duruşmasında vereceği bu ikinci son kararında kural olarak serbesttir. CEZA GENEL KURULU KARARI
Özel Daire ile Yerel Mahkeme arasındaki uyuşmazlık, sanığın eylemlerinin bütün halinde zimmet suçunu mu yoksa 20.08.2001 ve 21.08.2001 tarihli iki eyleminin ayrıca sahtecilik ve dolandırıcılık suçunu mu oluşturduğuna ilişkin ise de, bozmaya uyan yerel mahkemenin sonradan bu kararından dönerek önceki hükümde direnmesinin olanaklı olup olmadığı öncel"
"87780500","Yargıtay","Ceza Genel Kurulu","2012/1241","2013/25","22.01.2013","cgk","ceza_genel","y2010_2019","0.793","0.627","0.759","0.95","hakkında kurulan hükümle sınırlı olarak yapılmış olup, Özel Daire ile yerel mahkeme arasında oluşan ve Ceza Genel Kurulunca çözümlenmesi gereken uyuşmazlık, sanık hakkında parada sahtecilik suçundan belirlenen temel cezanın alt sınırdan ayrılmak suretiyle 6 yıl olarak tayin edilmesinin isabetli olup olmadığının belirlenmesine ilişkindir. adlı bir kişiden 4.500 Lira karşılığı 42 koyun satın aldığını da söyleyince, verdiği telefon numarasından Ahmet'e ulaşıldığı, hayvan satışın"
"77406600","Yargıtay","Hukuk Genel Kurulu","2012/1633","2013/825","12.06.2013","hgk","miras","y2010_2019","0.792","0.741","0.69","0.95","maddesinin gerekçesinde; ""uygulamada, zamanaşımının ıslah yolu ile ileri sürülüp sürülemeyeceğine dair bazı tereddütlar var ise de, zamanaşımı ilk itiraz olmayıp, ıslah yolu ile de ileri sürülebileceğinde tereddüt etmemek gerekir"" ifadesine yer verilmiş; bundan sonra zamanaşımının ıslah yolu ile giderilebileceği konusundaki tereddütler büyük ölçüde giderilmiştir. Islah, ""tarafların yaptıkları usul işlemlerini kısmen veya tamamen değiştirmesi""ne ilişkin bir usul kurumu olduğun"
"17078500","Yargıtay","Hukuk Genel Kurulu","2011/176","2011/318","18.05.2011","hgk","ticaret","y2010_2019","0.792","0.708","0.709","0.95","Kural olarak; yönetim planında yasaklayan bir hükmün bulunmaması koşuluyla tapuda mesken olarak kayıtlı bağımsız bölümlerin doktor muayenehanesi olarak kullanılmasına yasal bir engel bulunmamaktadır. O halde Hukuk Genel Kurulu'nca da yukarıya alınan ilave gerekçelerle benimsenen Özel Daire bozma"
"77277800","Yargıtay","Hukuk Genel Kurulu","2011/690","2011/617","12.10.2011","hgk","usul_hukuk","y2010_2019","0.792","0.592","0.778","0.95","Hal böyle olunca; Hukuk Genel Kurulu'nca da benimsenen Özel Daire bozma kararına uyulmak ve davanın reddine karar vermek gerekirken, davanın kabulüne ilişkin önceki kararda direnilmesi usul ve yasaya aykırıdır. fıkralarında; ""her türlü mal ve hizmet ithalatı"" ile ""diğer faaliyetlerden doğan teslim ve hizmetler""in katma değer vergisine tabi olduğu belirtildikten sonra; aynı Kanunun 2.maddesinin 3.bendinde; ""su, elektrik, gaz, ısıtma, soğutma ve benzeri şekillerdeki dağıtımlar "
"77045200","Yargıtay","Hukuk Genel Kurulu","2011/234","2011/347","25.05.2011","hgk","miras","y2010_2019","0.791","0.597","0.771","0.95","Sonuç itibariyle, Hukuk Genel Kurulu'nca da benimsenen Özel Daire bozma kararına uyulmak gerekirken, önceki kararda direnilmesi usul ve yasaya aykırıdır. H...Acil Trafik Hastanesi ismi verileceğinin ve bu koşul yerine getirilmezse arsanın rayiç değerinin ödenmesinin kararlaştırıldığını, davalı Bakanlığa da bu durumun 12.07.2007 tarihinde iletildiğini, buna rağmen yapılan hastaneye davalı Bakanlıkça başka isim verilip, bu isimlerin verilmediğini, ileri sürerek, 20 trilyonluk a"
"76929400","Yargıtay","Ceza Genel Kurulu","2010/173","2010/208","26.10.2010","cgk","ceza_usul","y2010_2019","0.791","0.843","0.628","0.95","isimli kişinin işyerini göstermesi üzerine, işyeri sahibi H.E..'in sanıklardan satın aldığı müştekiye ait cep telefonunu kolluk görevlilerine teslim ettiği ve telefonun aynı gün müştekiye iade edildiği,
28.02.2004 günlü kıymet takdir tutanağına göre, mağdurdan yağmalanan Nokıa 3310 marka cep telefonunun ikinci el değerinin 100 Lira olduğunun belirlendiği,
Anlaşılmaktadır. T.., yargılama aşamasında olayı özetle anlatıp, telefonu bulunduğu için şikayetinden vazgeçtiğini belirtm"
"77518900","Yargıtay","Ceza Genel Kurulu","2012/1376","2013/458","19.11.2013","cgk","is_sgk","y2010_2019","0.791","0.541","0.803","0.95","Nitekim, 765 sayılı TCK'nun yürürlüğü zamanında bu husus yargısal kararlarla kabul edilmiş ve uygulama bu doğrultuda yerleşmiştir. Bunun sonucu olarak, aynı mağdura, aynı zamanda, aynı suçun birden fazla işlenmesi durumunda tek suçun oluşacağı kabul edilmiştir."
"85853000","Yargıtay","Hukuk Genel Kurulu","2012/854","2013/292","27.02.2013","hgk","is_sgk","y2010_2019","0.79","0.733","0.69","0.95","Öncelikle rekabet kavramı ve genel olarak rekabete ilişkin yasal düzenlemelere değinilmesinde yarar bulunmaktadır:  
Ticari hayatta rekabetin; işletmelerin verimini arttırıcı, üretilen mal ve hizmetlerin kalitesini yükseltici ve fiyatları düşürücü fonksiyonları bulunduğu ileri sürülmekte olup; bu yönüyle yararlı olan rekabetin dürüstlük kuralları içinde yapılması ve kötüye kullanılmaması gerekir. Hizmet akdi devam ederken, haksız rekabet hususunda bu hüküm değil; hizmet akdi "
"77146700","Yargıtay","Hukuk Genel Kurulu","2010/627","2010/649","15.12.2010","hgk","miras","y2010_2019","0.79","0.732","0.69","0.95","Davacıların 01.05.1987 tarihinde tescil istemiyle açtıkları davada Üsküdar Asliye 3.Hukuk Mahkemesince; kadastro sırasında dava konusu 19 nolu parselin malik hanesinin açık bırakılması nedeniyle tespiti kesinleşmediğinden, davanın kadastro mahkemesinde görülmesi gerektiği gerekçesi görevsizlik kararı verilmiş ve dosya neticede Üsküdar Kadastro Mahkemesine intikal etmiştir. vekili, dava konusu tapuda kayıtlı olmayan ve kasap Çeto arazisi olarak bilinen yaklaşık 5361 m2 miktarı"
"77278800","Yargıtay","Hukuk Genel Kurulu","2011/509","2011/626","12.10.2011","hgk","is_sgk","y2010_2019","0.79","0.615","0.759","0.95","maddelerine göre, yargılama giderlerine, mahkemece resen hükmedilir ve kural olarak; Kanunda yazılı h&acirc;ller dışında, yargılama giderlerinin, aleyhine hüküm verilen taraftan alınmasına karar verilir. Davacı vekili, müvekkili haftada yetmişbeş saat çalıştığı halde fazla çalışma ücretlerinin ödenmediği iddiasıyla, fazlaya ilişkin hakları saklı kalmak kaydıyla 500,00 TL fazla çalışma alacağının faiziyle birlikte davalıdan tahsiline karar verilmesini istemiş; 20.05.2008 tarih"
"76493800","Yargıtay","Hukuk Genel Kurulu","2013/160","2013/1390","25.09.2013","hgk","is_sgk","y2010_2019","0.789","0.608","0.759","0.95","Yukarıda belirtilen maddi ve yasal olgular dikkate alındığında, Hukuk Genel Kurulu'nca da benimsenen Özel Daire bozma kararına uyulmak gerekirken, önceki kararda direnilmesi usul ve yasaya aykırıdır. Davalı işveren vekili, davacının disiplinsiz çalışmaları sonucunda yapılan uyarılara uymadığı gerekçesiyle kıdem ve ihbar tazminatı ödenmek suretiyle iş akdine son verildiğini, verilen kıdem ve ihbar tazminatlarını aldığına dair imzasının bulunduğunu, davacının en son net ücretin"
"77181200","Yargıtay","Hukuk Genel Kurulu","2010/635","2010/686","22.12.2010","hgk","icra_iflas","y2010_2019","0.789","0.793","0.653","0.95","Kamu idare ve kurumlarının, kamu otoritesinin (egemenlik hakkının) bir temsilcisi olarak yaptığı faaliyetlerinde veya ondan doğan eylemlerinde hizmet unsuru söz konusu olduğu halde, özel hukuk tüzel kişisi olarak yürütülen faaliyetler sırasında meydana gelen zararlardan ötürü ilgili kamu tüzel kişisinin sorumluluğunun özel hukuk hükümleri ve ilkeleri uyarınca belirlenmesi gerekir. Yani yasanın açıkça adli yargıyı görevli saydığı haller idari yargının görevi kapsamının dışında"
"17139600","Yargıtay","Ceza Genel Kurulu","2011/208","2011/64","26.04.2011","cgk","ceza_genel","y2010_2019","0.789","0.817","0.64","0.95","maddesindeki etkin pişmanlık hükmünden failin yararlanabilmesi için aşağıdaki koşulların gerçekleşmesi gerekir:






1- İşlenen fiil, 5237 sayılı TCK'nın 109. numarada belirtilen 'mağdurun şahsına bir zarar verilmemesi' koşulunun gerçekleşip gerçekleşmediğinin açıklığa kavuşturulması gerekir."
"77241800","Yargıtay","Ceza Genel Kurulu","2011/283","2011/278","20.12.2011","cgk","ticaret","y2010_2019","0.788","0.726","0.69","0.95","maddesinde yapılan yeni düzenleme karşısında, 22.01.1962 gün ve 2-1 sayılı İçtihadı Birleştirme Kararının geçerliliğini yitirdiği ve ""kabul edilebilir bir başvuruda kanun yolunun veya merciin belirlenmesinde yanılma, başvuranın haklarını ortadan kaldırmaz"" hükmünden Cumhuriyet savcılarının da yararlanmaları gerektiği kabul edilmiştir. maddesi uyarınca bu yanılgıdan yararlanamayacakları kabul edilmiştir."
"76755200","Yargıtay","Hukuk Genel Kurulu","2010/129","2010/173","24.03.2010","hgk","ceza_genel","y2010_2019","0.787","0.783","0.653","0.95","Özetle, hukukumuzda borçların kaynağı; sözleşme, haksız fiil, sebepsiz iktisap ya da bir kanun hükmü olarak kabul edilmiştir. Borçlar Kanunu'nda, sorumluluğun diğer bir genel kaynağı olarak öngörülen sebepsiz zenginleşmeden söz edilebilmesi için; bir taraf zenginleşirken diğerinin fakirleşmesi, zenginleşme ve fakirleşme arasında uygun nedensellik bağının bulunması ve zenginleşmenin hukuken geçerli bir nedene dayalı olmaması gerekir."
"76491700","Yargıtay","Hukuk Genel Kurulu","2013/146","2013/1402","25.09.2013","hgk","aile","y2010_2019","0.787","0.722","0.69","0.95","Ölünceye kadar bakma sözleşmelerinde, sözleşmenin feshi hususu mülga 818 sayılı Borçlar Kanunu'nun 517.maddesi ve yeni 6098 sayılı Türk Borçlar Kanunu'nun 617.maddesinde düzenlenmiştir.Buna göre, sözleşmeden doğan borçlara aykırı davranılması sebebiyle sözleşmenin devamı çekilmez hale gelir veya başkaca önemli sebepler sözleşmenin devamını imk&acirc;nsız hale getirir ya da aşırı ölçüde güçleştirirse, taraflardan her biri sözleşmeyi önel vermeksizin feshedebilir. SONUÇ : Davac"
"76736700","Yargıtay","Ceza Genel Kurulu","2009/244","2010/36","23.02.2010","cgk","ceza_genel","y2010_2019","0.787","0.786","0.653","0.95","Burada uğranılan zararlardan kast edilenin maddi zarar&not;lar olduğu ve manevi zararların bu kapsamda değerlendirilemeyeceği Ceza Genel Kurulunun istikrar kazanmış kararlarında açıkça ortaya konulmuştur. fıkralar ile de büyükler için kabul edilmiş, aynı Yasanın 40."
"77167600","Yargıtay","Hukuk Genel Kurulu","2010/618","2010/668","15.12.2010","hgk","usul_hukuk","y2010_2019","0.786","0.797","0.643","0.95","maddesindeki iyiniyet kurallarından yararlanamayacağını ve tapu kaydının geçerli hukuki sebepten yoksun olduğundan yasanın koruyuculuğu altında bir kayıt olarak değerlendirilemeyeceğini, diğer taraftan orman tahdit sınırı içerisinde kalan parsellerin tapu kayıtlarına tek tek şerh verilmesi gerekliliğini düzenleyen bir mevzuat hükmünün de bulunmadığını belirterek davanın reddi gerektiğini savunmuştur. Yerel mahkemece; davalı hazinenin sorumluluğu için tapu sicilinin tutulmasın"
"76490700","Yargıtay","Hukuk Genel Kurulu","2013/228","2013/1078","11.09.2013","hgk","is_sgk","y2010_2019","0.786","0.555","0.784","0.95","Yukarıda yapılan açıklamaların ışığında, tarafların karşılıklı iddia ve savunmalarına, dosyadaki tutanak ve kanıtlara, bozma kararında açıklanan gerektirici nedenler karşısında hükmedilen manevi tazminat miktarının fazla olduğunun anlaşılmasına göre, Hukuk Genel Kurulu'nca da benimsenen Özel D Yerel mahkemece; ekonomik durum, paranın satın alma gücü ve davacının mal&ucirc;liyetinin doğmadığı gerekçeleriyle davanın kısmen kabulü ile 10.000 TL manevi tazminatın davalıdan tahsil"
"76998500","Yargıtay","Hukuk Genel Kurulu","2011/105","2011/255","29.04.2011","hgk","is_sgk","y2010_2019","0.786","0.717","0.69","0.95","Hukuk Genel Kurulunda yapılan görüşmeler sırasında bu husus öncelikle ele alınmış; bozma ilamında belirtilen araştırmaların yapılmasının istenilmesine rağmen, bu araştırma kapsamında yapılacak hususlar dikkate alınmadan davanın kabulü gerektiğinin belirtilmesinin kararda çelişki oluşturduğu oybirliği ile kabul edilmiştir. Mahkemece; davacının davalı işyerinde 02.09.1996 tarihinde çalışmaya başladığı, 25.01.2007 tarihinde işten çıkışının verildiği, bu tarihler arasında sezonlu"
"76730100","Yargıtay","Hukuk Genel Kurulu","2010/64","2010/145","17.03.2010","hgk","usul_hukuk","y2010_2019","0.785","0.71","0.69","0.95","öyle olunca ihtilafın adli yargı makamlarında görülmesi gerekmektedir, bu hususun gözardı edilerek idari yargı'nın görevli olduğundan bahisle görevsizlik kararı verilmesi usul ve yasaya aykırı olup bozma nedenidir.....) 
gerekçesiyle bozularak dosya yerine geri çevrilmekle,yeniden yapılan yargılama sonunda, mahkemece önceki kararda direnilmiştir. Hal böyle olunca, tahsise konu olmayan, açıkça kira ilişkisine dayanılarak davacının kullanımına bırakılan taşınmazın, tek taraflı "
"17211700","Yargıtay","Hukuk Genel Kurulu","2010/662","2010/651","15.12.2010","hgk","miras","y2010_2019","0.784","0.573","0.768","0.95","Açıklanan maddi olgu, bozma ve direnme kararlarının içerik ve kapsamları itibariyle uyuşmazlık; dava konusu taşınmaza davalı idarece fiilen el atılmamış olmasına karşın, salt 1/1000 ölçekli Uygulama İmar Planında İlköğretim Tesisi Alanına ayrılmış olması nedeniyle kamulaştırmasız el koyma olgusunun varlığının kabul edilip edilemeyeceği, noktasında toplanmaktadır. HUKUK GENEL KURULU KARARI






Hukuk Genel Kurulunca incelenerek direnme kararının süresinde temyiz edildiği anla"
"17065900","Yargıtay","Hukuk Genel Kurulu","2010/732","2011/134","13.04.2011","hgk","is_sgk","y2010_2019","0.784","0.49","0.815","0.95","O halde, harca ilişkin bir yasa hükmünün yorumu ve uygulanmasında, bu ilke ve amaç gözden uzak tutulmamak gerekir. HUKUK GENEL KURULU KARARI






Hukuk Genel Kurulu'nca incelenerek direnme kararının süresinde temyiz edildiği anlaşıldıktan ve dosyadaki kâğıtlar okunduktan sonra gereği görüşüldü:






İstek, icra memurunun işleminin şikâyete ilişkin olup; icra müdürlüğünün ihale bedelinden tahsil harcı alınması gerektiği yönündeki kararının şikayet yolu ile iptali istenmiştir"
"76490000","Yargıtay","Hukuk Genel Kurulu","2013/181","2013/1363","18.09.2013","hgk","is_sgk","y2010_2019","0.784","0.446","0.84","0.95","HUKUK GENEL KURULU KARARI

 Hukuk Genel Kurulu'nca incelenerek direnme kararının süresinde temyiz edildiği anlaşıldıktan ve dosyadaki kağıtlar okunduktan sonra gereği görüşüldü:

 Dava, davacının Bağ-Kur sigortalısı olduğunun tespiti, yaşlılık aylığı bağlanması ve aksine Kurum işleminin iptali istemine ilişkindir. 2.maddesindeki iyi niyet kuralları ile bağdaşmayacağı, bu nedenle davacının 31.12.1989-07.01.2010 tarihleri arasında Bağ-Kur sigortalısı sayılması gerektiği kabul e"
"77234100","Yargıtay","Ceza Genel Kurulu","2011/220","2011/274","20.12.2011","cgk","ceza_genel","y2010_2019","0.784","0.619","0.74","0.95","&hellip;Fıkranın (e) bendinde, kasten yaralama suçunun sil&acirc;hla işlenmesi, bir nitelikli h&acirc;l olarak kabul edilmiştir. maddesi; ""(1) Kanunda başka türlü yazılmış olan h&acirc;ller dışında kamu davası;
a) Ağırlaştırılmış müebbet hapis cezasını gerektiren suçlarda otuz yıl, 
b) Müebbet hapis cezasını gerektiren suçlarda yirmibeş yıl,
c) Yirmi yıldan aşağı olmamak üzere hapis cezasını gerektiren suçlarda yirmi yıl,
d) Beş yıldan fazla ve yirmi yıldan az hapis cezasını "
"76840900","Yargıtay","Hukuk Genel Kurulu","2010/222","2010/234","28.04.2010","hgk","usul_hukuk","y2010_2019","0.783","0.764","0.653","0.95","İkrardan söz edilebilmesi için, bir tarafın bir vakıa ileri sürmüş olması, diğer tarafın da bu vakıanın doğru olduğunu bildirmesi gerekir. Davalı ise, davacı kardeşine aynı taşınmazdaki başka bir payını sattığını, bedelini ilerde alacağı emekli ikramiyesi ile ödeyeceğini söylemesine rağmen ödemediğini, kızı aracılığı ile gönderdiği paranın da önceki bu borçlarından bir kısmı olduğunu, davacıya sonradan başkaca bir pay satmadığını, taşınmazın taksiminin de söz konusu olmadığın"
"77549200","Yargıtay","Hukuk Genel Kurulu","2012/567","2012/909","28.11.2012","hgk","icra_iflas","y2010_2019","0.783","0.55","0.778","0.95","Açıklanan nedenlerle, Özel Daire bozma ilamında belirtilen gerekçelerle, Hukuk Genel Kurulu'nca da benimsenen bozma ilamına uyulmak gerekirken, önceki kararda direnilmesi usul ve yasaya aykırıdır. Borçlunun malvarlığını oluşturan mal, alacak ve hakları borç için haczedilebilirse de, borçlunun ve ailesinin yaşama ve ekonomik varlığını sürdürebilmesi için istisnai olarak bazı mal ve haklarının haczedilemeyeceği kabul edilmiştir."
"52040200","Yargıtay","Hukuk Genel Kurulu","2012/1581","2013/76","23.01.2013","hgk","usul_hukuk","y2010_2019","0.782","0.664","0.709","0.95","maddesine aykırı biçimde talep aşılarak"" kelime dizininin ilamdan çıkartılmasının gerektiği Genel Kurul çoğunluğunca benimsenmiştir. Hukuk Genel Kurulu'nun 03.10.2007 gün ve 2007/4-613 E., 2007/713 K.sayılı ilamında da aynı ilke benimsenmiştir."
"77171300","Yargıtay","Hukuk Genel Kurulu","2010/630","2010/670","22.12.2010","hgk","icra_iflas","y2010_2019","0.781","0.788","0.634","0.95","Diğer taraftan, yasanın aradığı anlamda oluşturulacak kısa ve gerekçeli kararların hüküm fıkralarının açık, anlaşılır, çelişkisiz, uygulanabilir olmasının gerekliliği kadar; kararın gerekçesinin de, sonucu ile tam bir uyum içinde, o davaya konu maddi olguların mahkemece nasıl nitelendirildiğini, kurulan hükmün hangi nedenlere ve hukuksal düzenlemelere dayandırıldığını ortaya koyacak; kısaca, maddi olgular ile hüküm arasındaki mantıksal bağlantıyı gösterecek nitelikte olması g"
"76707300","Yargıtay","Hukuk Genel Kurulu","2010/52","2010/89","17.02.2010","hgk","is_sgk","y2010_2019","0.781","0.659","0.709","0.95","sh.765;
Yargıtay Hukuk Genel Kurulu'nun 27.3.2968 ve 193-192 sayılı kararında da bu ilke benimsenmiştir. Kamu düzeninden; korunma ve uygulamasında, toplumun büyük yararı bulunduğu kabul edilen özel hukuk kuralları anlaşılmak gerekir."
"77423800","Yargıtay","Hukuk Genel Kurulu","2012/1617","2013/850","19.06.2013","hgk","is_sgk","y2010_2019","0.781","0.82","0.616","0.95","Yerel mahkeme; işverenin kaşesi ve imzasını taşıyan 05.05.2005 tarihli, T.E.B.'na verilen belgede, davacının aylık net maaşının 1.800,00 TL olduğunun belirtildiği ayrıca kayıt dışı çalışmanın çok olduğu ülkemizde, işçiyi kayıt altına almayan işverenin ücreti yazılı belgeye bağlamasının sözkonusu olmadığı, bu nedenle yazılı belge ile ısbat koşulunun aranmasının ciddi hak kayıplarına neden olacağı gerekçesiyle direnme kararı vermiştir. Anılan maddede ""Yönetmelikle tespit edilen"
"76984100","Yargıtay","Hukuk Genel Kurulu","2007/859","2010/544","20.10.2010","hgk","miras","y2010_2019","0.78","0.567","0.759","0.95","Bu konuda her türlü sorunu çözümleyen 16.05.1956 gün ve 1/6 sayılı Içtihadı Birleştirme Kararında, usulü dairesinde verilmiş bir kamulaştırma kararı olmadan ve bedeli ödenmeden taşınmazına el konulan kimsenin, ilgili kamu tüzel kişisi aleyhine el atmanın önlenmesi davası açabileceği gibi, değer karşılığının verilmesini de isteyebileceği, hükme bağlanmıştır. HUKUK GENEL KURULU KARARI

 Hukuk Genel Kurulu'nca incelenerek direnme kararının süresinde temyiz edildiği anlaşıldıktan"
"435803700","Yargıtay","Büyük Genel Kurulu","2018/1","2018/1","25.05.2018","yibk","usul_hukuk","y2010_2019","0.779","0.728","0.623","1","isimli eski Yargıtay üyelerinin davalı olarak ikame edilmesi suretiyle taraf değişikliğine karar verilmesini, bu yasal olarak mümkün olmadığı takdirde, değerli Yargıtay üyeleri olan davalıların açık rızaları ile davalı olmaktan çıkarılıp mezkur kişilerin davalı olarak ikame edilmek suretiyle taraf değişikliğine karar verilmesini talep etmiştir. maktu karar ve ilam harcının davacıdan alınarak Hazineye irat kaydına,
 Gerekçeli kararın tebliğinden itibaren 15 gün içinde Yargıtay"
"85679500","Yargıtay","Hukuk Genel Kurulu","2012/1141","2013/282","27.02.2013","hgk","is_sgk","y2010_2019","0.779","0.5","0.796","0.95","HUKUK GENEL KURULU KARARI 
Hukuk Genel Kurulu’nca incelenerek direnme kararının süresinde temyiz edildiği anlaşıldıktan ve dosyadaki kağıtlar okunduktan sonra gereği görüşüldü:
Dava, iş kazası nedeniyle malûl kalan sigortalıya Kurumca yapılan sosyal sigorta yardımlarının işverenden rücuan tahsili istemine ilişkindir. Gerçekten, Kurum “işe giriş bildirgesi” verilmeksizin çalıştırılan sigortalıya yapmış olduğu yardımları (zararı doğuran sosyal sigorta olayının meydana gelişinde"
"86654700","Yargıtay","Hukuk Genel Kurulu","2012/807","2013/390","20.03.2013","hgk","ticaret","y2010_2019","0.779","0.813","0.616","0.95","maddesine göre epeyce önce aracın bedelinin ödenmesi gerekir iken ve şikayetçinin onca gücüne rağmen bu ödevini usulü süreçlerden istifade ile geçiştirmesine adaletin asla izin vermeyeceği” belirtilerek önceki kararda direnilmiş; hükmü şikayetçi-borçlu U.. 26 ncı maddenin 3 ve 4 üncü fıkraları, gemi siciline kayıtlı olmıyan gemiler hakkında da uygulanır.” 
Hükmü yer almaktadır."
"77479500","Yargıtay","Hukuk Genel Kurulu","2013/436","2013/1748","25.12.2013","hgk","is_sgk","y2010_2019","0.778","0.474","0.809","0.95","01.10.2011 tarihinde yürürlüğe giren 6100 sayılı Hukuk Muhakemeleri Kanunu (HMK)'nun ""Zaman Bakımından Uygulanma"" başlığını taşıyan 448/1.maddesi de yapılan açıklama ve ilkelere uygun olarak; 
""(1) Bu Kanun hükümleri, tamamlanmış işlemleri etkilememek kaydıyla derh&acirc;l uygulanır"" 
hükmünü içermektedir. Davalı Sosyal Güvenlik Kurumu (SGK) vekili cevap dilekçesinde özetle, davacının hastane masraflarına ilişkin fatura miktarı belirli olduğundan, eda davası açması gerektiğin"
"77431000","Yargıtay","Hukuk Genel Kurulu","2012/1711","2013/860","19.06.2013","hgk","ceza_usul","y2010_2019","0.778","0.873","0.579","0.95","maddesinde ise, ""10 veya daha az adette, eczacı yada çalışanları dışında sahte olarak tanzim edildiği tespit edilen reçete veya kupür veya raporun Kuruma fatura edildiğinin tespiti halinde, bulunan sahte reçete veya sahte kupürlü reçete veya sahte raporlu reçete tutarının 5 katı tutarında cezai şart uygulanır ve sözleşme fesih edilerek 3 (üç) ay süreyle sözleşme yapılmaz. İnceleme sonucunda bu dönemlere ait eczacı yada çalışanları dışında sahte olarak tanzim edildiği tespit e"
"87356900","Yargıtay","Hukuk Genel Kurulu","2013/65","2013/1480","23.10.2013","hgk","usul_hukuk","y2010_2019","0.778","0.558","0.759","0.95","Açıklanan gerektirici nedenlere göre, Hukuk Genel Kurulu’nca da benimsenen Özel Daire bozma ilamına uyulması gerekirken, önceki kararda direnilmesi usul ve yasaya aykırı görüldüğünden, direnme kararının bozulması gerekmiştir. Davacı vekili, müvekkilinin, talebi üzerine davalıya 250.000 TL borç para verdiğini, aylık 11.250 dolar faizin düzenli ödenmesi, ana paranın ise 4 ay içinde ödenmesi hususunda anlaştıklarını, ancak davalının ilk ay faizi ödemesine rağmen sonraki ödemeler"
"45606600","Yargıtay","Ceza Genel Kurulu","2013/35","2013/266","28.05.2013","cgk","icra_iflas","y2010_2019","0.777","0.479","0.803","0.95","maddesinde bulunan, ""değişik zamanlarda"" ifadesi nedeniyle zincirleme suç hükümlerinin uygulanabilmesi için, suçların mutlaka değişik zamanlarda işlenmesi gereklidir ki bunun sonucu olarak, aynı mağdura, aynı zamanda, aynı suçun birden fazla işlenmesi durumunda tek suçun oluşacağı kabul edilmiştir. Ceza hukukunda kanundaki suç tanımına uygun olarak gerçekleşen her netice ilke olarak ayrı bir suç oluşturur ve fail kaç netice meydana getirmiş ise o kadar suç işlemiş sayılarak h"
"86489300","Yargıtay","Hukuk Genel Kurulu","2012/1049","2013/383","20.03.2013","hgk","is_sgk","y2010_2019","0.776","0.606","0.727","0.95","Bu itibarla, Hukuk Genel Kurulu çoğunluğunca da benimsenen Özel Daire bozma kararına uyularak somut olayda davacılar yakınında ortaya çıkan rahatsızlığın sebep-sonuç ilişkisi içerisinde incelenerek bu işlemleri gerçekleştiren davalıların sonuçtan sorumlu olup olmadıklarını ortaya koymaya yeterli ve denetime elverişli bilirkişi raporu alınarak sonucuna göre bir karar verilmesi gerekirken önceki kararda direnilmesi usul ve yasaya aykırıdır. Bu yönüyle de raporların mahkemeyi ba"
"77178400","Yargıtay","Hukuk Genel Kurulu","2010/649","2010/683","22.12.2010","hgk","aile","y2010_2019","0.776","0.831","0.598","0.95","Mahkemece, açıklanan özellikler yanında mümkün oldukça çocuğun alıştığı ortamın değiştirilmemesine, kardeşlerin ayrılmamasına özen gösterilmeli, velayetin verileceği taraf yanında kalmasının çocuğun bedeni, fikri, ahlaki gelişmesine engel olup olmayacağı yönünde ciddi ve inandırıcı delil olup olmadığı veya hemen meydana gelecek tehlikenin varlığının ispat edilip edilemediği hususları da mutlaka değerlendirilmelidir. Davacı-karşı davalı vekili, tarafların fikren uyuşamamaları "
"77000700","Yargıtay","Ceza Genel Kurulu","2011/3","2011/8","25.01.2011","cgk","aile","y2010_2019","0.776","0.893","0.56","0.95","Yalan söylerdi, herkes bilirdi ama o söylemeye devam ederdi&hellip;"", duruşmada ise ilave olarak ""&hellip;altında pijaması vardı üstü tamamen çıplaktı atlet ve südyen yoktu ama inanın nedenini bilmiyorum&hellip; Eve kimin geldiğini sorduğumda bana cevap vermedi&hellip;"",
Sanık ve maktulün gelini tanık B.E.. arayana kadar binada herhangi bir kavga sesi, bağırtı, çatırtı sesi duymadım, ancak görümcem A..beni aramadan 5-6 dakika kadar önce temizlik yaptığım yatak odasında bulund"
"17200900","Yargıtay","Hukuk Genel Kurulu","2010/722","2011/144","13.04.2011","hgk","aile","y2010_2019","0.775","0.666","0.69","0.95","Hukuk Genel Kurulu'nda yapılan görüşmeler sırasında bu yasal düzenlemeler üzerinde durulmuş; sonuçta somut olayda olduğu gibi, ölüm ile kayıt kapatıldıktan sonra mahkeme kararı ile söz konusu kayıtta değişiklik yapılamayacağı ilke olarak benimsenmiştir. Yerel mahkemece, yukarıda belirtilen maddi ve hukuki olgular dikkate alınmadan yazılı şekilde hüküm kurulması usul ve yasaya aykırı olup; direnme kararının yukarıda açıklanan değişik gerekçelerle bozulması gerekir."
"77500700","Yargıtay","Hukuk Genel Kurulu","2013/408","2013/770","29.05.2013","hgk","is_sgk","y2010_2019","0.775","0.472","0.802","0.95","Hukuk Dairesinin ilk derece mahkemesi sıfatıyla verdiği kararın onanması gerekir. Maddesi ile 2802 sayılı Hakimler ve Savcılar Kanunu'na eklenen 93/A-5 fıkrası ve 6217 sayılı Kanunun 30.maddesi ile 6100 sayılı Hukuk Muhakemeleri Kanunu'na eklenen ""Geçici madde 3"" atfıyla uygulanmakta olan 1086 sayılı Hukuk Usulü Muhakemeleri Kanunu'nun 440 maddesi uyarınca tebliğden itibaren 15 gün içerisinde karar düzeltme yolu açık olmak üzere 29.05.2013 gününde oybirliği ile karar verildi."
"77467800","Yargıtay","Hukuk Genel Kurulu","2013/18","2013/891","26.06.2013","hgk","usul_hukuk","y2010_2019","0.775","0.792","0.616","0.95","Basit yargılama usulü, daha çabuk sonuçlandırılması gereken, daha kısa bir incelemeye ihtiyaç duyan ve daha kolay bir inceleme ile sonuçlandırılabilecek dava ve işler için kabul edilmiş daha basit, daha seri bir yargılama usulüdür
Basit yargılama usulünde, dava ve davaya cevap verilmesi yazılı yargılama usulünde olduğu gibi dilekçe ile olur(m. Bu çerçevede, birer defa dilekçe vermek durumunda olan tarafların daha dikkatli davranmaları gerekir; bu şekilde dilekçe sayısının sın"
"77059300","Yargıtay","Hukuk Genel Kurulu","2011/368","2011/410","15.06.2011","hgk","is_sgk","y2010_2019","0.775","0.826","0.598","0.95","maddesinde öngörülen 10 günlük ""hakdüşürücü sürenin"" dolduğu, bu süre dolduktan sonra harç yatırılarak dahi sürenin yeniden ihyası usule, kanuna ve istikrar kazanmış Yargıtay uygulamalarına göre mümkün değildir. (Değişik üçüncü fıkra: 26/9/2004 &ndash; 5236/13 md.) Her iki h&acirc;lde kararın kesinleşmesi tarihinden itibaren on gün içinde yeniden dilekçe verilmesi veya yeniden çağrı k&acirc;ğıdı tebliğ ettirilmesi gerekir."
"435870700","Yargıtay","Büyük Genel Kurulu","2013/4","2013/4","21.01.2013","yibk","usul_hukuk","y2010_2019","0.774","0.75","0.596","1","Yinelemekte ve önem vurgulamakta yarar vardır ki; Hakimlerin hukuki sorumlulukları nedenine dayanan davalar kanunlarla özel usul ve müeyyidelere bağlanmış olup, söz konusu özel hükümler hem meydana gelecek zararlı durumu düzeltip tamir etmek, hem de haksız davaları önlemek amacıyla kabul edilmiştir. maddesinde tahdidi olarak sıralanan ve az yukarıda açıklanan sorumluluk sebepleri yönünden her hangi bir değişiklik cihetine gidilmemiş olup; 6110 sayılı Kanunla 2802 sayılı Hâkim"
"435871400","Yargıtay","Büyük Genel Kurulu","2013/2","2013/2","21.01.2013","yibk","ticaret","y2010_2019","0.774","0.686","0.634","1","O kişinin dava açmakta korunmaya değer bir hukuki yararı yoksa davanın bu yönden esasa girilmeden reddi gerekir; zira hukuki yarar dava şartıdır ve mahkeme dava şartlarını kendiliğinden (re'sen) incelenmekle görevlidir. Bu bakımdan, kamu düzeninin koruma amacını gütmesi nedeniyle yargılamanın her aşamasında bu hususun mahkemece kendiliğinden göz önünde tutulması gerekir.” Şeklinde ifade edilmiştir."
"77084500","Yargıtay","Hukuk Genel Kurulu","2011/303","2011/437","22.06.2011","hgk","icra_iflas","y2010_2019","0.774","0.662","0.69","0.95","Yukarıda da belirtildiği üzere, borçlunun gösterilen adresinde yapılan hacizde, haczi kabil malın bulunamamış olması halinde ilke olarak tutulan tutanak aciz vesikası hükmündedir. Nitekim, aynı ilkeler Hukuk Genel Kurulu'nun 02.03.2005 gün ve E:2005/15-100, K:119 sayılı ilamında da benimsenmiştir."
"77552700","Yargıtay","Hukuk Genel Kurulu","2012/602","2012/914","28.11.2012","hgk","ticaret","y2010_2019","0.774","0.79","0.616","0.95","fıkrasında yazılı alacaklar için haciz yolu ile yapılan yada yapılacak takipler hariç olmak üzere davacı şirket aleyhine 6183 sayılı Yasa'ya göre yapılan takiplerde dahil olmak üzere hiçbir icra takibinin yapılamamasına ve yapılmış takiplerin tedbiren durdurulmasına"" karar verilmiş; anılan kararın verilmesini takiben davalı/alacaklı, 18.08.2010 tarihinde davacı/borçlu aleyhine ilamsız takip yoluyla icra takibi başlatmıştır. İcra ve İflas Kanunu sermaye şirketleri ve kooperati"
"77449100","Yargıtay","Hukuk Genel Kurulu","2012/1158","2012/827","21.11.2011","hgk","aile","y2010_2019","0.774","0.507","0.778","0.95","Bu durumda, Hukuk Genel Kurulu'nca da benimsenen Özel Daire bozma kararına uyulması gerekirken, kadının kusuruna işaretle ve tedbir nafakasının hukuksal niteliğine aykırı gerekçelerle önceki kararda direnilmesi usul ve yasaya aykırıdır. (Aynı ilkeler HGK.nun 02.11.2011 gün ve 2011/2-533-670 sayılı kararında da benimsenmiştir.)
Görülmektedir ki, bir tarafın kusurlu olması; onun lehine tedbir nafakası tayin edilmesine engel teşkil etmemektedir."
"86218400","Yargıtay","Hukuk Genel Kurulu","2012/1039","2013/405","27.03.2013","hgk","is_sgk","y2010_2019","0.773","0.785","0.616","0.95","madde ile çalışanların ve onların bakmakla yükümlü olduğu kişilerin sağlık giderlerinin işveren tarafından karşılanmasının kararlaştırıldığını, bu değişikliklerden iki yıl sonra 24.09.2004 tarihinde yapılan vakıf olağanüstü genel kurul toplantısında bu defa 2002 değişikliklerinin eski hale getirilmesine ve Ek 41. maddenin kaldırılmasına karar verildiğini ve bu değişikliğin de mahkeme kararı ile tescil edildiğini, vakıf senedinde 2002 yılında yapılan değişikliğin tescil edildi"
"76971700","Yargıtay","Hukuk Genel Kurulu","2010/518","2010/517","20.10.2010","hgk","icra_iflas","y2010_2019","0.773","0.688","0.671","0.95","Yerel Mahkemece, hukuken geçerli bir karar uyarınca yapılan ödemenin, daha sonra değişen kurallar nedeniyle geri istenilmesinin kazanılmış hak ilkesine aykırı olacağı gerekçesine dayalı olarak verilen davanın reddine dair karar, Özel Dairece; yukarıda açıklanan nedenlerle bozulmuş; Yerel Mahkeme, gerekçesini tekrar ederek ve genişleterek önceki kararında direnmiş; direnme kararını davacı vekili temyiz etmiştir. Davacı Sümer Holding A.Ş.Yönetim Kurulu'nun; Başbakanlık Yüksek D"
"435841900","Yargıtay","Büyük Genel Kurulu","2014/9","2014/22","21.11.2014","yibk","icra_iflas","y2010_2019","0.772","0.836","0.541","1","Belirsiz alacak ve tespit davalarına ilişkin hükümlerin mukayeseli hukukta da yer aldığı dikkate alınarak, davanın açıldığı tarihte alacağın miktarını yahut değerini tam ve kesin olarak belirleyebilmesinin kendisinden beklenemeyeceği veya bunun imkânsız olduğu hâllerde, alacaklının, hukukî ilişki ile asgarî bir miktar ya da değer belirterek belirsiz alacak davası açabilmesi kabul edilmiştir. Örneğin manevi tazminat talebinde tazminat miktarının belirlenmesi hakimin takdirine "
"16993000","Yargıtay","Hukuk Genel Kurulu","2010/274","2010/356","30.06.2010","hgk","miras","y2010_2019","0.772","0.781","0.615","0.95","Görüldüğü üzere, tapu kütüğünün beyanlar sütununa bir beyanın yazılabilmesi için ya TMK'nunda bir hüküm olması veya özel kanunlarda bu konuda bir hükme yer verilmesi, yahut Tapu Sicili Tüzüğünde bir düzenleme yapılmış olması gerekir. Ancak, TMK 997/1.maddesindeki düzenleme ile taşınmazlar üzerindeki hakları göstermek üzere tapu sicilinin tutulacağını belirtmiş; anılan maddenin ikinci fıkrasında, ""tapu sicili, tapu kütüğü ve kat mülkiyeti kütüğü ile bunları tamamlayan yevmiye "
"77596400","Yargıtay","Hukuk Genel Kurulu","2013/203","2013/1505","30.10.2013","hgk","is_sgk","y2010_2019","0.772","0.749","0.635","0.95","16.07.1981 gün ve 2494 sayılı Kanun'un geçici maddesi ile temyiz ve karar düzeltme sınırlarına ilişkin değişikliklerin, Kanunun yürürlüğe girmesinden sonra verilecek nihai kararlara yönelik temyiz ve karar düzeltme istemleri hakkında uygulanacağı belirtilmiş; dolayısıyla, dava hangi tarihte açılmış olursa olsun, temyiz ve karar düzeltme sınırlarının saptanmasında, hakkında bu yollara başvurulan hükmün verildiği tarihteki yasal durumun esas alınacağı kabul edilmiştir. (3) Bu K"
"77443500","Yargıtay","Hukuk Genel Kurulu","2013/355","2013/1691","25.12.2013","hgk","icra_iflas","y2010_2019","0.772","0.618","0.709","0.95","O halde, Hukuk Genel Kurulu'nca da benimsenen Özel Daire bozma kararına uyulması gerekirken, önceki kararda direnilmesi usul ve yasaya aykırıdır. maddesi aynen; ""Türk Stantlardları Enstitüsünün toplanma esas ve usulleri, yönetimi, denetlenmesi, organlarının kuruluş, görev, yetki ve çalışma usulleri ile organ ve üyelerinin görev süreleri, bütçelerinin düzenlenmesi, gelirlerinin toplanması ve sarf şekilleri ile bu kanunun uygulanmasını ilgilendiren sair konular Türk Standardlar"
"77279300","Yargıtay","Hukuk Genel Kurulu","2011/578","2011/629","12.10.2011","hgk","icra_iflas","y2010_2019","0.772","0.596","0.721","0.95","Görülüyor ki hakim, kural olarak Yargıtay bozma ilamına uymak yada bu karara karşı direnme kararı vermek konusunda tarafların istekleri ile bağlı olmayıp serbest takdir yetkisine sahiptir.Eş anlatımla hakim bozma ilamına uymak zorunda olmayıp eski kararında direnebilir. Örneğin şartları mevcutsa, vesayet mahkemesi bir vasi tayin etmek zorunluluğunda olup, seçiminde kural olarak geniş bir takdir hakkına sahiptir.Bu örnekler daha da çoğaltılabilir."
"76983200","Yargıtay","Hukuk Genel Kurulu","2010/641","2011/218","27.04.2011","hgk","icra_iflas","y2010_2019","0.771","0.872","0.56","0.95","maddesinde sıralanan unsurları taşıyan bir takip talebini kabul etmek ve buna dayanarak ödeme emri göndermek zorundadır. Buna karşılık, icra müdürünün Kanunda yer alan unsurları taşımayan bir takip talebini kabul etmemesi gerekir."
"17000100","Yargıtay","Hukuk Genel Kurulu","2010/312","2010/338","23.06.2010","hgk","icra_iflas","y2010_2019","0.771","0.71","0.653","0.95","Davalı vekili; davacının, Kooperatif Genel Kurul Kararları gereği ödemesi gereken aidatlar konusunda ödemede bulunmadığını, kamelya yapımını da buna bahane ettiğini, aidatların tahsili amacıyla girişilen icra takibine vaki davacının itirazı üzerine açtıkları itirazın iptali davasının kabul edilmiş olması nedeniyle kesin hüküm bulunduğunu savunarak, davanın reddine karar verilmesini cevaben bildirmiştir. Mahkemenin; ""davacının aidat borcuna karşılık, davalı tarafından başlatıl"
"76493900","Yargıtay","Hukuk Genel Kurulu","2013/47","2013/1411","25.09.2013","hgk","is_sgk","y2010_2019","0.771","0.551","0.746","0.95","Aynı yöne işaret eden ve Hukuk Genel Kurulu'nca da benimsenen Özel Daire Bozma kararına uyulmak gerekirken, yanılgılı gerekçe ile önceki kararda direnilmesi usul ve yasaya aykırı olup; kararın bozulması gerekir. Sulh Hukuk Mahkemesi tarafından araç karşılığı yapılan ödemelerin müvekkiline geri ödenmesine ve aracın iadesine karar verildiğini, bononun bedelsiz kaldığını belirterek, müvekkilinin bonodan dolayı borçlu olmadığının tespitine karar verilmesini talep etmiştir."
"76906600","Yargıtay","Ceza Genel Kurulu","2010/80","2010/198","19.10.2010","cgk","ceza_genel","y2010_2019","0.771","0.87","0.56","0.95","K..ile buluşup ona teslim ettiği, daha sonra T..'in de mağdurun bulunduğu araçtan inerek kaybolduğu, mağdurun tedavisini yaptırmak için gittiği hastanede durumu polise bildirdiği, kendisini kaçıran şahısların Almanya'lı O..'ın borcunu önümüzdeki ayın 10'una kadar 13.000 Euro olarak ödemesini, çok masraf yaptıklarını, aksi halde ailesini ortadan kaldırmakla tehdit ettiklerini, olayı Almanya'da olduğunu bildiği O..'ın kayınbiraderi A. K..'ya borçlarına karşılık verdikleri 10.00"
"77058600","Yargıtay","Hukuk Genel Kurulu","2011/362","2011/409","15.06.2011","hgk","is_sgk","y2010_2019","0.77","0.802","0.598","0.95","Yersiz ödemenin gelir ve aylıklardan kesilmesinde, kesintinin başlayacağı ödeme dönemi başı itibarıyla kanun&icirc; faizi ile birlikte hesaplanan borç tutarı, gelir ve aylıktan % 25 oranında kesilmek suretiyle uygulanır. Bu hüküm ilgili hak sahiplerinin muvafakat etmeleri kaydıyla, aynı dosyadan diğer bir hak sahibine yapılan yersiz ödemelere mahsubunda da uygulanır."
"85831300","Yargıtay","Hukuk Genel Kurulu","2012/762","2013/278","27.02.2013","hgk","icra_iflas","y2010_2019","0.77","0.545","0.746","0.95","Açıklanan nedenlerle, Özel Daire bozma ilamında belirtilen gerekçelerle, Hukuk Genel Kurulu’nca da benimsenen bozma ilamına uyulmak gerekirken, önceki kararda direnilmesi usul ve yasaya aykırıdır. Davacılar vekili, kiracıları olan davalının 29.09.2011 düzenleme tarihli tahliye taahhütnamesi ile 17.10.2011 tarihinde kiracısı bulunduğu taşınmazı ihtara gerek kalmaksızın tahliye edeceğini kabul ve taahhüt ettiği halde taşınmazı halen tahliye etmediğini ileri sürerek, davalının t"
"77400400","Yargıtay","Hukuk Genel Kurulu","2012/1828","2013/819","12.06.2013","hgk","miras","y2010_2019","0.77","0.739","0.635","0.95","Hemen belirtmek gerekir ki, motorlu taşıt işletenin sorumluluğu bir tehlike sorumluluğu olup, 2918 sayılı Kanunun 85. Özel sigorta hukuku alanında sigorta sözleşmesi yapma zorunluluğunun amacı, bazı meslek ve faaliyetler sonucu ortaya çıkabilecek mal veya can zararlarının ödenmesini sağlayarak, toplumda bu çeşit risklere maruz kalan kişileri korumaktır (Karayalçın, Yaşar, Özel Sigorta Hukuku Açısından Ölüm ve Cismani Zarar Riskleri, 1993, s:127)."
"76376100","Yargıtay","Ceza Genel Kurulu","2012/1239","2013/383","24.09.2013","cgk","is_sgk","y2010_2019","0.77","0.642","0.69","0.95","Özel Daire ile yerel mahkeme arasında oluşan ve Ceza Genel Kurulunca çözümlenmesi gereken uyuşmazlıklar;

 1) Sanık hakkında mala zarar verme suçundan usulüne uygun olarak açılmış bir kamu davası bulunup bulunmadığı,

 2) Sanığın eyleminin; çocuğa karşı işlenen cinsel istismar suçunu mu, yoksa nitelikli cinsel istismar suçuna teşebbüsü mü oluşturacağı,

 Noktalarında toplanmaktadır. Uyuşmazlık konularının sırasıyla ele alınmasında;

 1) Sanık hakkında mala zarar verme suçunda"
"77523500","Yargıtay","Hukuk Genel Kurulu","2012/1827","2013/802","31.05.2013","hgk","icra_iflas","y2010_2019","0.769","0.55","0.74","0.95","Bu itibarla; Hukuk Genel Kurulu'nca da benimsenen Özel Daire bozma kararına uyulmak gerekirken, önceki kararda direnilmesi usul ve yasaya aykırıdır. Aynı görüş, Hukuk Genel Kurulu'nun 24.11.1982 gün ve 1982/7-1874 E.-914 K.; 05.06.1996 gün ve 1996/18-337 E.-542 K.; 05.02.1997 gün ve 1997/18-797 E.-53 K.; 11.03.1998 gün ve 1998/8-176 E.-217 K.; 20.10.1999 gün ve 1999/14-840 E.-859 K.; 10.11.1999 gün ve 1999/1-937 E.-946 K.; 30.05.2001 gün ve 2001/14-443 E.-458 K.; 29.05.2002 g"
"17078200","Yargıtay","Hukuk Genel Kurulu","2010/754","2011/137","13.04.2011","hgk","usul_hukuk","y2010_2019","0.769","0.64","0.69","0.95","Kural olarak; bir davada, dava açıldıktan sonra yürürlüğe giren yeni bir kanun hükmü veya yeni bir içtihadı birleştirme kararı gereğince davanın reddine karar verilmesi halinde taraflar yararına yargılama giderlerine ve vekalet ücretine hükmedilemez. Açıklanan maddi olgu, bozma ve direnme kararlarının kapsamları itibariyle Hukuk Genel Kurulu önüne gelen uyuşmazlık; davacının, davanın açıldığı tarih itibarıyla davasında haklı olup olmadığı, bunun sonucu olarak da yargılama gid"
"76491600","Yargıtay","Hukuk Genel Kurulu","2013/193","2013/1077","11.09.2013","hgk","icra_iflas","y2010_2019","0.769","0.519","0.759","0.95","Hal böyle olunca, icra takibinden önce temerrüde düşürülmemiş olan davalı borçludan ""işlemiş"" temerrüt faizi talep edilmesi mümkün olmadığından, Hukuk Genel Kurulu'nca da benimsenen Özel Daire bozma kararına uyulmak gerekirken, önceki kararda direnilmesi usul ve yasaya aykırıdır. Hemen belirtilmelidir ki, temerrüdün oluşması için borcun muaccel olması kural olarak tek başına yeterli değildir."
"77650300","Yargıtay","Hukuk Genel Kurulu","2012/1369","2012/1221","19.12.2012","hgk","usul_hukuk","y2010_2019","0.769","0.745","0.629","0.95","Aynı zamanda verilen bu iki dilekçenin birbirinin devamı niteliğinde olduğu ve davadan feragatin bir yerde temyizden feragat isteğini de içereceği görüşü ile, davadan feragat isteği esas alınarak çözüme ulaşılması gerektiği görüşü benimsenmiştir. Bu durumda, direnme kararının davacının davadan feragati hakkında mahkemesince bir karar verilmek üzere bozulması gerekir."
"77133100","Yargıtay","Ceza Genel Kurulu","2010/216","2011/144","28.06.2011","cgk","ceza_ozel","y2010_2019","0.769","0.638","0.69","0.95","CEZA GENEL KURULU KARARI
Sanık hakkında hakaret suçundan açılan davanın süresinde yapılmış şikayet bulunmaması nedeniyle düşmesine karar verilen somut olayda, Ceza Genel Kurulunca çözümlenmesi gereken uyuşmazlık, sanığın Malatya Adliyesinde görevli bekçi olan katılana yönelik işlediği iddia olunan hakaret eyleminin, katılanın yürütmüş olduğu kamu görevinden kaynaklanıp kaynaklanmadığı ve buna bağlı olarak şikayet yokluğu nedeniyle kamu davasının düşürülmesinin isabetli olup o"
"77098700","Yargıtay","Ceza Genel Kurulu","2011/106","2011/111","24.05.2011","cgk","is_sgk","y2010_2019","0.769","0.828","0.579","0.95","maddesinde onbeş gün içinde iade edilmeyen iddianamenin kabul edilmiş sayılacağı, 175. İncelenen dosya içeriğinden; 
Katılan bankanın 19.07.2002 tarihli şik&acirc;yet dilekçesi üzerine sanık hakkında İstanbul C.Başsavcılığınca soruşturmaya başlanıldığı ve 19.09.2002 tarihli iddianame ile kamu davası açıldığı, 01.09.2003 tarihli bilirkişi raporuna göre, sanığın 10.888.549.501 Lirayı zimmetine geçirdiği, katılan bankanın 11.11.2002 tarihli yazısına göre bu paranın 3.689.454.367"
"76703900","Yargıtay","Hukuk Genel Kurulu","2010/114","2010/81","17.02.2010","hgk","ticaret","y2010_2019","0.768","0.793","0.598","0.95","53-58) asli müdahale doktrin ve Yargıtay tarafından geliştirilmiş ve kabul edilmiştir. maddesinde düzenlenen kiralananı sözleşmede amaçlanan şekilde kullanmaya elverişli bulundurma yükümünü ihlal ettiği, davacının ise eklenti yaptırmak suretiyle olayda müterafik kusurunun bulunduğu, tarafların sorumluluk durumu ve tazminat miktarının da buna göre belirlenmesi gerektiği hususu bozma nedeni yapılmıştır."
"52075100","Yargıtay","Ceza Genel Kurulu","2012/1252","2012/1826","31.10.2012","cgk","ceza_usul","y2010_2019","0.768","0.814","0.585","0.95","maddesindeki;

 ""(1) Ceza Muhakemesi Kanununun 141 il&acirc; 144 üncü maddeleri hükümleri, 1 Haziran 2005 tarihinden itibaren yapılan işlemler hakkında uygulanır. (2) Bu tarihten önceki işlemler hakkında ise, 07.05.1964 tarihli ve 466 sayılı Kanun Dışı Yakalanan veya Tutuklanan Kimselere Tazminat Verilmesi Hakkında Kanun hükümlerinin uygulanmasına devam olunur"" hükmü uyarınca, 466 sayılı Yasa hükümlerinin 1 Haziran 2005 tarihinden önce gerçekleşen işlemler yönünden varlığını "
"16999700","Yargıtay","Hukuk Genel Kurulu","2010/295","2010/333","16.06.2010","hgk","miras","y2010_2019","0.767","0.823","0.579","0.95","Denkleştirmenin var olup olmadığının anlaşılabilmesi içim tüm mirasçılara verilen mal ve kıymetlerin; tanık dinlemek, ilgili mercilerden bilgi ve belge istemek, tüm taraf delillerini toplamak, uzman bilirkişi aracığı ile her bir mirasçıya verilen mal ve değerleri birbirleri ile kıyaslamak gerekir. Uygulamada ""denkleştirme"" olarak da tanımlanan bu paylaştırmanın kabulü için, miras bırakanın tüm mirasçılar arasında paylaştırma yapması, paylaştırmada tam bir eşitlik olmasa dahi "
"87581400","Yargıtay","Hukuk Genel Kurulu","2013/215","2013/1487","23.10.2013","hgk","ticaret","y2010_2019","0.767","0.49","0.771","0.95","Hal böyle olunca; Hukuk Genel Kurulu’nca da benimsenen Özel Daire bozma kararına uyulmak gerekirken, önceki kararda direnilmesi usul ve yasaya aykırı olup direnme kararının bozulması gerekmiştir. Yerel Mahkemece, Ankara 2.Asliye Ticaret Mahkemesi’nin 2006/587 esas sayılı dava dosyasının, aynı sözleşmeye dayalı 2005 yılı rödövans alacağına ilişkin olduğu, bu dosyada ortaya çıkan olgu ve bulguların eldeki dava bakımından güçlü delil sayılacağı gerekçesi ile önceki kararda diren"
"86476300","Yargıtay","Hukuk Genel Kurulu","2012/855","2013/376","20.03.2013","hgk","esya_tapu","y2010_2019","0.767","0.478","0.778","0.95","Bu itibarla; Hukuk Genel Kurulu’nca da benimsenen Özel Daire bozma kararına uyulmak gerekirken, önceki kararda direnilmesi usul ve yasaya aykırıdır. Nitekim YHGK’nun 06.02.1957 gün ve 1957/6-1-6 sayılı kararında da aynı husus kabul edilmiştir."
"77177900","Yargıtay","Hukuk Genel Kurulu","2010/648","2010/684","22.12.2010","hgk","miras","y2010_2019","0.767","0.821","0.578","0.95","Bu durumda Hakim, akitteki asıl kastın ne olduğunu yorumlayarak, tarafların gerçekte hangi tür sözleşmeyi yapmak istediklerini ve ancak bunu gizlemek için neden başka tür bir akit yapmak zorunluluğunu duyduklarını, gerçekte yaptıkları akdin yasal unsurları taşıyıp taşımadığını ve resmi şekil yönünden de geçerli olup olamayacağını saptamak durumundadır. Bunun yanı sıra , bir kimsenin mirasçısını miras hakkından yoksun bırakmak amacıyla gerçekte bağışlamak istediği tapulu taşın"
"77624300","Yargıtay","Hukuk Genel Kurulu","2013/372","2013/1606","27.11.2013","hgk","icra_iflas","y2010_2019","0.767","0.788","0.598","0.95","maddesinde de aynı yönde düzenleme bulunmakta olup, aksi kararlaştırılmadıkça, para borcunun, alacaklının ödeme zamanında ikamet ettiği yerde ödenmesi gerekir. Öte yandan, itirazın iptali davasının görülebilmesi için usulüne uygun şekilde yapılmış, geçerli bir icra takibinin bulunması gerekir."
"76996600","Yargıtay","Hukuk Genel Kurulu","2011/135","2011/251","29.04.2011","hgk","usul_hukuk","y2010_2019","0.767","0.629","0.69","0.95","Nitekim, aynı ilke Hukuk Genel Kurulu'nun 26.09.2007 gün ve E:2007/11-652, K:624 sayılı ilamında da, benimsenmiştir. Bu noktada konuyu düzenleyen Hukuk Usulü Muhakemeleri Kanunu'nun ilgili hükmüne değinmek gerekir."
"77548100","Yargıtay","Hukuk Genel Kurulu","2012/607","2012/907","28.11.2012","hgk","idare","y2010_2019","0.767","0.566","0.727","0.95","Somut olay itibariyle kiracı davacının Hazinenin ecrimisil talebine karşı dava açmasına rağmen bu davanın reddedilmiş bulunması karşısında Hazineye ödediği ecrimisil miktarını, akdi feshetmesine gerek olmaksızın, ödenen kira bedelini aşmamak üzere kiralayan davalıdan talep etmesinde usul ve yasaya aykırılık bulunmadığından Hukuk Genel Kurulu'nca da benimsenen Özel Daire bozma kararına uyulmak gerekirken, önceki kararda direnilmesi usul ve yasaya aykırıdır. Yerel Mahkemece, üç"
"406457800","Yargıtay","Büyük Genel Kurulu","2017/9","2017/8","05.05.2017","yibk","usul_hukuk","y2010_2019","0.766","0.745","0.579","1","Bu istemin Hukuk Genel Kurulu'nun 14.12.2016 tarihli kararıyla temyiz mahiyetinde olduğu kabul edilmiştir. Büyük Genel Kurul'da yapılan görüşmeler sırasında ikinci ön soruna ilişkin olarak bir kısım üyeler; usul kurallarının derhal uygulanması gerektiğini, 01.04.2015 tarihinde yapılan düzenlemeyle görevli mahkemenin değiştiğini, Hukuk Genel Kurulunun önüne gelen bu tür dosyalarda, dava anılan değişiklikten önce açılmış olsa dahi görevsizlik kararı vererek dosyaları Hukuk Muha"
"77320700","Yargıtay","Hukuk Genel Kurulu","2011/677","2011/815","16.12.2011","hgk","usul_hukuk","y2010_2019","0.766","0.317","0.868","0.95","HUKUK GENEL KURULU KARARI 
 
Hukuk Genel Kurulunca incelenerek, 4.Hukuk Dairesinin ilk derece mahkemesi sıfatıyla verdiği karara karşı davacı tarafın temyiz isteminin süresinde olduğunun anlaşılmasından ve dosyadaki tüm kağıtların okunmasından sonra gereği düşünüldü: 
Dava, hakimlerin sorumluluğundan kaynaklanan, hukuka aykırılığın tespiti ile hükmün yayımlanması istemine ilişkindir. ve H.Ç.hakkında, Bakanlığa intikal eden şikayetler ile akıbetlerinin bildirilmesinin istenilm"
"77619300","Yargıtay","Hukuk Genel Kurulu","2013/444","2013/1593","27.11.2013","hgk","is_sgk","y2010_2019","0.766","0.626","0.69","0.95","maddesi ile sigortalı olmak hak ve yükümlülüğünden vazgeçilemeyeceği, ve kaçınılamayacağı, bu kanuna göre sigortalı sayılanların sigortalı sayıldıkları tarihten itibaren 3 ay içinde kuruma başvurarak kayıt ve tescillerini yaptırmak zorunda oldukları, kayıt ve tescilini yaptırmayan sigortalıların kurumca resen kayıt ve tescil edileceklerinin hüküm altına alındığını, bu Kanunla 20.04.1982 tarih ve 2654 sayılı Kanun ile eklenen Ek Geçici 13. madde ile sigortalı olma hak ve yüküm"
"77179900","Yargıtay","Hukuk Genel Kurulu","2010/664","2010/689","22.12.2010","hgk","ticaret","y2010_2019","0.766","0.85","0.56","0.95","Öğretide de, kasko sigorta sözleşmesinden kaynaklanan davaların iki yıllık zamanaşımı süresine tabi olduğu benimsenmiştir (Eriş, G.: Açıklamalı-İçtihatlı Türk Ticaret Kanunu, Cilt 5, Ankara 2010, s.6105; Ulaş, I.: a.g.e., s.644; Gökcan, H.T./Kaymaz, S.:Karayolları Trafik Kanununa Göre Hukuki Sorumluluk, Tazminat-Sigorta Rücu Davaları Trafik Suç ve Kabahatleri, Ankara 2010, s.528; Doğanay, İ.: Türk Ticaret Kanunu Şerhi, Cilt 3, Ankara 1990, s.2957). Bu arada, konuyla ilgisi ba"
"77277400","Yargıtay","Hukuk Genel Kurulu","2011/629","2011/613","12.10.2011","hgk","icra_iflas","y2010_2019","0.766","0.722","0.634","0.95","Harçlar konusunda genel düzenleme içeren 492 sayılı Harçlar Kanunu'nun gerekçesinde harcın tanımı, ""fertlerin özel menfaatlerine ilişkin olarak, kamu kurumları ve hizmetlerinden yararlanmaları karşılığında yaptıkları ödemelerdir"" biçiminde yapılmış ve bu tanım, Anayasa Mahkemesi'nin 31.03.1987 gün ve E:1986/20, K:1987/9; 14.02.1991 gün ve E:1990/18, K:1991/14; 28.09.1995 gün ve E:1995/24, K:52;Yargıtay Hukuk Genel Kurulu'nun 12.05.1982 gün ve E:1982/5-341, K:493 sayılı kararl"
"76489000","Yargıtay","Hukuk Genel Kurulu","2013/182","2013/1401","25.09.2013","hgk","is_sgk","y2010_2019","0.766","0.709","0.641","0.95","Davalı Sosyal Güvenlik Kurumu (SGK) vekili cevabında, davacının işe giriş bildirgesi ve 01.12.2004 tarihinde işe başladığına dair beyanını içeren müfettiş tutanağında imzası bulunduğunu, Kurum kayıtlarının aksinin ancak yazılı delil ile kanıtlanabileceğini ayrıca, dava konusu dönem içinde çakışan hizmet bildirimi bulunduğunu belirterek davanın reddini savunmuştur. Yerel mahkemece, davacının ilk işe giriş bildirgesinden itibaren kesintisiz çalıştığı, dava dışı işyerinden bildi"
"77278100","Yargıtay","Hukuk Genel Kurulu","2011/633","2011/620","12.10.2011","hgk","icra_iflas","y2010_2019","0.766","0.85","0.56","0.95","Kat irtifakı kurulmuş gayrimenkullerde yapı fiilen tamamlanmış ve bağımsız bölümlerin üçte ikisi fiilen kullanılmaya başlanmışsa, kat mülkiyetine geçilmemiş olsa dahi anagayrimenkulün yönetiminde kat mülkiyeti hükümleri uygulanır.""
hükmü yer almaktadır. Kat mülkiyeti yöneticisinin görev, yetki ve sorumluluklarına dair hükümler, bu yönetici hakkında da uygulanır."
"76902900","Yargıtay","Hukuk Genel Kurulu","2010/440","2010/430","29.09.2010","hgk","usul_hukuk","y2010_2019","0.766","0.59","0.709","0.95","Hukuk Genel Kurulu'nca da benimsenen Özel Daire bozma kararına uyulmak gerekirken, önceki kararda direnilmesi usul ve yasaya aykırıdır. dava konusu büroda 20.02.1987 başlangıç tarihli kira sözleşmesiyle kiracı olmasına rağmen vergi levhasının şirket adına kayıtlı olduğunu, kira sözleşmesinin özel şartlarında kiralayanın müsaade ve muvafakati olmadıkça kiralananı başka bir şahsa kısmen veya tamamen devretmemeyi, kiralamayı, ortak almamayı kabul ve taahhüt ettiğinin kayıtlı old"
"77614800","Yargıtay","Hukuk Genel Kurulu","2013/1761","2013/1588","15.11.2013","hgk","miras","y2010_2019","0.766","0.699","0.648","0.95","Bu nedenlerle ve önceki karşı oy yazısı kapsamındaki açıklanan diğer nedenlerle Hukuk Genel Kurulu'nda çoğunluk tarafından benimsenen görüşe katılmak olanaklı değildir. Neticeten hukuk Genel Kurulunun çoğunluğu tarafından benimsenen formül ret şeklindeki görüşe katılmak mümkün değildir."
"77481300","Yargıtay","Ceza Genel Kurulu","2012/1281","2013/630","24.12.2013","cgk","ceza_ozel","y2010_2019","0.766","0.848","0.56","0.95","İncelenen dosya kapsamından;
 18.05.2002 günü saat 10.55 de düzenlenen görgü tespit tutanağına göre; şik&acirc;yetçinin otomobilinin sol ön kapısının açık olduğu, teybinin yerinde olmadığı ve teybe ait kabloların dışa sarkık olduğunun belirlendiği, 
 Saat 17.00 de düzenlenen olay, yakalama ve üst arama tutanağına göre; aynı gece ve daha önce gerekleştirilen beş ayrı otomobilden hırsızlık eylemleri nedeniyle yapılan araştırmalar neticesinde suçla ilgili olduğu tespit edilen A."
"76978600","Yargıtay","Hukuk Genel Kurulu","2010/489","2010/529","20.10.2010","hgk","is_sgk","y2010_2019","0.765","0.777","0.598","0.95","Davacı vekili, tarım ürünleri alım satımı ile uğraşan davacının, satın aldığı tarım ürünleri bedellerinden prim tevkifatı yaparak Kuruma intikal ettirmediği gerekçesiyle tahakkuk ettirilen prim borcunun zamanaşımına uğradığı ve ürün bedellerinden tevkifat yapma zorunluluğu bulunmadığı, talebin yasal dayanağının yürürlükten kalktığı gerekçesiyle Kurum işleminin iptali ile borçlu bulunmadığının tespitini talep ve dava etmiştir. Yerel mahkemece, Bakanlar Kurulu kararı ile primle"
"77614300","Yargıtay","Hukuk Genel Kurulu","2012/1150","2012/1432","26.12.2012","hgk","is_sgk","y2010_2019","0.765","0.684","0.654","0.95","maddesi uyarınca 1479 sayılı Kanuna tabi sigortalılığının başlaması nedeniyle 03.10.2000 tarihinde sona erdirildiği ve 5510 sayılı Kanun uyarınca 01.10.2008 tarihinde yeniden başlayan sigortalılığının halen devam ettiğini, ayrıca 13.8.2008 tarihli talebine istinaden 28.6.2006 tarihli ödemesine göre yeniden başlayan tarım Bağ-Kur sigortalılık başlangıcının 01.07.2006 olarak düzeltildiğini belirterek davanın reddini savunmuştur. maddesine göre:
""Bu Kanuna göre sigortalı sayılan"
"76714400","Yargıtay","Ceza Genel Kurulu","2009/150","2010/1","26.01.2010","cgk","is_sgk","y2010_2019","0.765","0.845","0.56","0.95","Nitekim öğretide de bu görüş kabul görmüş, rüşvet alma suçu yönünden, kamu görevlisinin rüşvet talep etmesine karşılık, ferdin, kamu görevlisini yakalatmak için onunla anlaşmış görünmesi durumunda, suç tipini düzenleyen maddenin aradığı anlamda bir rüşvet anlaşması olmadığından, rüşvet suçunun alan açısından kalkışma derecesinde kalacağı, çünkü bu halde icra hareketlerinin, failin elinde olmayan engel nedenler yüzünden tamamlanamadığı kabul edilmiştir. Teklif veya önerinin fe"
"77447200","Yargıtay","Hukuk Genel Kurulu","2013/295","2013/1695","25.12.2013","hgk","icra_iflas","y2010_2019","0.764","0.805","0.579","0.95","Karşı taraf-alacaklı vekili, şikayetçinin belirttiği yasanın kapsamının görülmekte olan ve açılacak kamulaştırmasız elkoyma tazminatına ilişkin davaları kapsadığını, kesinleşmiş mahkeme kararlarının kapsam dışında kaldığını, ayrıca hacizlerin kaldırılmasını gerektiren açık bir düzenlemenin de bulunmadığını belirterek, şikayetin reddini dilemiştir. Yerel Mahkemece, ""konuya ilişkin yasal düzenlemenin yerine getirildiğine dair şikayetçi tarafından bir delilin sunulmadığı, buna g"
"76930100","Yargıtay","Hukuk Genel Kurulu","2010/539","2010/480","13.10.2010","hgk","is_sgk","y2010_2019","0.764","0.581","0.709","0.95","Hal böyle olunca; Yerel Mahkemece, Özel Daire bozma kararının kesin olduğu ve direnme yolunun kapalı bulunduğu gözetilerek, bozma ilamına bu nedenle uyulmak gerekirken, önceki kararda direnilmesi usul ve yasaya aykırıdır. Açıklanan nedenlerle, (kesin karar verme) hususunun Yargıtay Özel Daire kararının kesin olduğunu amaçladığı, bunun için de direnmeye konu edilemeyeceğini kabul etmek gerekir."
"85682300","Yargıtay","Hukuk Genel Kurulu","2012/770","2013/285","27.02.2013","hgk","ticaret","y2010_2019","0.764","0.808","0.579","0.95","4721 Sayılı Türk Medeni Kanunu'nun 691/1.maddesindeki; “İşletme usulünün veya tarım türünün değiştirilmesi, adi kiraya veya ürün kirasına ilişkin sözleşmelerin yapılması veya feshi, toprağın ıslahı gibi önemli yönetim işleri için pay ve paydaş çoğunluğuyla karar verilmesi gerekir....” hükmü ile paylı mülkiyette taşınmazın kiraya ne şekilde verileceği hususu düzenlenmiştir.Buna göre paylı mülkiyette taşınmaz pay ve paydaş çoğunluğu kararıyla kiraya verilebilir. şirketi vekilin"
"17066000","Yargıtay","Ceza Genel Kurulu","2011/49","2011/28","29.03.2011","cgk","usul_hukuk","y2010_2019","0.764","0.763","0.605","0.95","maddesinde düzenlenen itiraz, kural olarak hâkim kararlarına, yasada açık hüküm bulunması koşulu ile de mahkeme kararlarına karşı başvurulabilen olağan bir yasa yoludur. İncelenen dosya içeriğinden;





 
Sanığın, kemik kırılmasına neden olacak şekilde silahla kasten yaralama ve 6136 sayılı Yasaya aykırılık suçlarından yürütülen soruşturma kapsamında, 01.01.2009 tarihinde sevk edildiği sulh ceza mahkemesince tutuklandığı, hakkında kemik kırılmasına neden olacak şekilde silah"
"77109000","Yargıtay","Ceza Genel Kurulu","2011/122","2011/187","27.09.2011","cgk","ceza_genel","y2010_2019","0.764","0.839","0.56","0.95","Burada sayılan ""failin geçmişi, sosyal ilişkileri, fiilden sonraki ve yargılama sürecindeki davranışları, cezanın failin geleceği üzerindeki olası etkileri"" gibi nedenler, uygulamada h&acirc;kimi sınırlayıcı değil yol gösterici nitelikteki gerekçelerdir. İncelenen dosya içeriğinden;
16.11.2005 günü saat 16.45 sıralarında Erdemli istikametinden Mersin istikametine seyir halinde iken, Kargıpınarı Mevkiinde Çetinkaya Kavşağı ile Kargıpınarı Kavşağında, bariyerlerle bölünerek tek"
"17001700","Yargıtay","Hukuk Genel Kurulu","2010/241","2010/354","30.06.2010","hgk","esya_tapu","y2010_2019","0.763","0.739","0.615","0.95","Çekişmeli taşınmazın bulunduğu yörede 3116 Sayılı Yasa hükümlerine göre yapılıp 23.06.1949 tarihinde ilan edilerek kesinleşen orman kadastrosu, 1950 yılında 5653 Sayılı Yasa hükümlerine göre yapılan makiye ayırma, 1963 yılında genel arazi kadastrosu, 21.12.1982 tarihinde ilanı yapılıp kesinleşen aplikasyon ve 1744 Sayılı Yasanın 2. maddesi ile orman sınırları dışına çıkarılması ve tapu kaydının çekişmeli yerleri miktarı ve sınırları itibariyle kapsaması, tapu kaydının orman k"
"77646300","Yargıtay","Hukuk Genel Kurulu","2012/1056","2012/1269","19.12.2012","hgk","usul_hukuk","y2010_2019","0.763","0.77","0.598","0.95","Şu hususta unutulmamalıdır ki, çekişmeli taşınmazlara ilişkin dayanak tescil ilamlarının gözetilmesi, kesin hüküm itirazları mülkiyet iddiasını ilgilendireceğinden görevli mahkemece değerlendirilmesi gerekir. İşin esasına gelince; Hukuk Genel Kurulu önüne gelen uyuşmazlık; 1- Dava dilekçesinin 3402 sayılı Kadastro Kanunu 22/2-a maddesine dayalı itiraz ile mülkiyet iddiasına yönelik davayı içerip içermediği, buna göre;
2- 3402 Sayılı Kadastro Kanunu 22/2-a maddesi uyarınca boz"
"77129100","Yargıtay","Ceza Genel Kurulu","2011/111","2011/137","21.06.2011","cgk","icra_iflas","y2010_2019","0.763","0.837","0.56","0.95","İncelenen dosya içeriğinden; 
13.08.2008 tarihli Olay Yeri İnceleme Raporunda; ""olay yerinde yapılan incelemede ......H 1251 plakalı çekici ve buna bağlı....H 1252 plakalı dorsenin Gesi Kasabası Kuzey Mahalle Mimarsinan Caddesi üzerinde sol yan tarafının 14 numaralı evin duvarına doğru yan yattığı, gidiş istikametinin ise Kayseri olduğu görüldü. maddesi sürücüye ait asli kusurlardan 06 kod nolu, (doğrultu değiştirme manevralarını yanlış yapma), tali kusurlardan 52/1-B kod nol"
"76842900","Yargıtay","Hukuk Genel Kurulu","2010/210","2010/240","28.04.2010","hgk","is_sgk","y2010_2019","0.762","0.763","0.598","0.95","Tehlikeyle karşılaşan, yoksulluğa düşen bireylere asgari bir güvence sağlamak, sosyal güvenlik anlayışının hakim yönü olmak zorundadır. (5901 sayılı Türk Vatandaşlık Kanununun 25.) maddesi gereğince, Türk vatandaşlığından Bakanlar Kurulu kararı ile çıkmasına izin verilip, 26.08.1999 tarihi itibariyle Türk vatandaşlığını kaybeden ve halen Türk vatandaşı olmayan davacının, vatandaşlıktan çıkmadan önce Türk vatandaşı olarak Almanya'da gerçekleşen çalışma sürelerinin, 3201 sayılı"
"76700300","Yargıtay","Hukuk Genel Kurulu","2010/46","2010/75","17.02.2010","hgk","aile","y2010_2019","0.762","0.833","0.56","0.95","Özel Dairenin bu yönlere ilişkin saptaması ilke olarak doğru ve yerindedir. Ne var ki, bu ilkeler doğru olmakla birlikte, soyut normların olaylara uygulanması sırasında somut olayın özelliğinin gözetilmesi, hak ve adaleti gözetir bir uygulama yoluna gidilmesi gerekir."
"17000300","Yargıtay","Hukuk Genel Kurulu","2010/283","2010/340","23.06.2010","hgk","usul_hukuk","y2010_2019","0.762","0.832","0.56","0.95","Kural olarak mülkiyet hakkının tanınmasına ilişkin tapu iptali ve tescil davası genel mahkemelerde açılır. İmara bir itiraz olmaksızın, imara yansıyan mülkiyet durumuna itiraz olduğu taktirde meseleyi ikiye ayırarak incelemek gerekir."
"45603200","Yargıtay","Ceza Genel Kurulu","2012/534","-","22.01.2013","cgk","ticaret","y2010_2019","0.762","0.263","0.89","0.95","maddesi uyarınca tedavi ve denetimli serbestlik tedbirinin uygulanmasına karar verildiği ve bu kararın Cumhuriyet savcısı tarafından eylemin uyuşturucu madde ticareti suçunu oluşturacağı görüşüyle aleyhe temyiz edildiği göz önüne alındığında, öncelikle hükmün temyizen incelenmesinin mümkün olup olmadığı değerlendirilmelidir. CEZA GENEL KURULU KARARI

 Özel Daire ile yerel mahkeme arasında oluşan ve Ceza Genel Kurulunca çözümlenmesi gereken uyuşmazlık; sanığın sübuta eren eyle"
"87781100","Yargıtay","Ceza Genel Kurulu","2012/1274","2013/33","29.01.2013","cgk","icra_iflas","y2010_2019","0.762","0.797","0.579","0.95","Suç konusu mal üzerinde malikin bulunabileceği tasarruflarla zimmet olgusu ortaya çıktığına göre; kullanmanın malikin bulunabileceği tasarruf niteliğinde olup olmadığına bakmak gerekir. Bu nedenle, her bir kullanmanın, ilgili somut olayın koşulları göz önünde bulundurularak yapılacak bir değerlendirmeyle, zimmeti oluşturup oluşturmadığının belirlenmesi gerekir."
"77544300","Yargıtay","Hukuk Genel Kurulu","2012/413","2012/901","28.11.2012","hgk","borclar","y2010_2019","0.761","0.481","0.759","0.95","Böylece, kural olarak hukuk hakimi ceza yasasındaki hükümlerle ve ceza hakiminin kararıyla bağlı tutulmamış; BK'nun 53.maddesi ile bağımsızlık ilkesi benimsenmiştir (Mustafa Reşit Karahasan, Tazminat Hukuku, 1996, s. Hukuk h&acirc;kiminin kural olarak ceza mahkemesinin beraat kararı ile bağlı olmadığı ancak aynı olay nedeniyle ceza yargılamasında hükme dayanak alınan maddi olgularla ve özellikle ""fiilin hukuka aykırılığı"" konusunda tamamen bağlı olacağı gerek öğreti gerekse d"
"76936100","Yargıtay","Hukuk Genel Kurulu","2011/95","2011/122","13.04.2011","hgk","is_sgk","y2010_2019","0.761","0.732","0.615","0.95","2003/441 sayılı kararlarında da; maddi yanılgıya dayalı onama ve bozma kararlarının karşı taraf lehine sonuç doğurmayacağı, iş mahkemelerince verilen kararlara karşı karar düzeltme yolunun kapalı oluşunun maddi yanılgıya dayalı yargı kararlarının düzeltilmesine engel olamayacağı, hatalı biçimde hak sahibi olmanın evrensel hukukun temel ilkelerine ters düşeceği, maddi gerçeğin her zaman önde geleceği kabul edilmiştir. Davalı TCDD Genel Müdürlüğü vekili toplu iş sözleşmesinde e"
"87155500","Yargıtay","Hukuk Genel Kurulu","2013/132","2013/1389","25.09.2013","hgk","aile","y2010_2019","0.761","0.503","0.746","0.95","Hal böyle olunca; aynı hususa işaret eden ve Hukuk Genel Kurulu’nca da benimsenen Özel Daire bozma kararına uyulması gerekirken, önceki kararda direnilmesi usul ve yasaya aykırıdır. Az yukarda belirtildiği üzere, zamanaşımı hukuki açıdan ""def'i"" (kişisel savunma nedeni) niteliğinde olduğundan, davalı ifadan kaçınmak istiyorsa, açıkça zamanaşımı def’inde bulunması ve alacağın zamanaşımına uğradığını beyan etmesi gerekir."
"76973500","Yargıtay","Hukuk Genel Kurulu","2010/494","2010/521","20.10.2010","hgk","icra_iflas","y2010_2019","0.761","0.536","0.727","0.95","Açıklanan nedenlerle; Mahkemece, Hukuk Genel Kurulu'nca da benimsenen Özel Daire bozma kararına uyulmak gerekirken, önceki kararda direnilmesi usul ve yasaya aykırı olup, direnme kararı bozulmalıdır. Yerel Mahkemece ""&hellip;teslimin 21.04.2005(aracın servise bırakıldığı tarih) tarihinde yapıldığı ancak hükümde faize ilişkin karar olmadığından karar tarihinden itibaren alacaklının faiz talep edebileceği"" kabul edilmiş ve ""Müdürlük kararı kanuna aykırı görüldüğünden iptaline"" "
"77088600","Yargıtay","Ceza Genel Kurulu","2011/102","2011/103","24.05.2011","cgk","ceza_genel","y2010_2019","0.761","0.624","0.678","0.95","CEZA GENEL KURULU KARARI
Sanıkların nitelikli yağma suçundan cezalandırılmalarına karar verilen somut olayda, Özel Daire ile Yargıtay C.Başsavcılığı arasında oluşan ve Ceza Genel Kurulunca çözümlenmesi gereken uyuşmazlık; hükmün eksik araştırmaya dayalı olarak verilip verilmediği ve 5237 sayılı TCY'nın 150/2. 23.10.2003 günü Merter Ş.O.K Polis Merkezi Amirliğinde; ""22.10.2003 günü saat 11.50 sıralarında oğlum İ., İ.Bahçe Ticaret Meslek Lisesinden dersten çıkıp eve gelirken ok"
"77580500","Yargıtay","Hukuk Genel Kurulu","2013/332","2013/1563","13.11.2013","hgk","ticaret","y2010_2019","0.76","0.598","0.69","0.95","Bundan başka, davacının dava açmakta hukuki bir yararının bulunması gerekir; yani, dava hakkı, hukuki yarar ile sınırlıdır. Mahkemece davacı tarafça sözleşmenin feshedilmediği, sözleşmenin halen geçerli olduğu gerekçesiyle erken açılan davanın reddine, yargılamada kendisini vekil ile temsil ettiren davalı yararına maktu vekalet ücreti verilmesine karar verilmiş, hükmün taraf vekillerince temyizi üzerine; Özel Dairece, metni yukarıda aynen yazılı gerekçeler ile karar bozulmuşt"
"52070200","Yargıtay","Ceza Genel Kurulu","2012/828","2012/1824","31.10.2012","cgk","usul_hukuk","y2010_2019","0.76","0.822","0.56","0.95","Uyuşmazlığın çözümünde sağlıklı bir hukuki sonuca varılabilmesi için, 2659 sayılı Adli Tıp Kurumu Yasasının, cinsel dokunulmazlığa karşı suçlar ile ilgili olarak rapor düzenlemekle görevli Altıncı Adli Tıp İhtisas Kurulu başta olmak üzere İhtisas Kurullarının kuruluş şekli ve çalışma düzeni hakkındaki düzenlemelerinin incelenmesinde yarar bulunmaktadır. Aşağıdaki ihtisas kurulları, bir başkan ve adli tıp uzmanı iki üye ile;

 &hellip;f) Altıncı Adli Tıp İhtisas Kurulu birer;
"
"77317900","Yargıtay","Hukuk Genel Kurulu","2011/668","2011/806","16.12.2011","hgk","usul_hukuk","y2010_2019","0.759","0.385","0.811","0.95","Hukuk Dairesi'nin ilk derece mahkemesi sıfatıyla verdiği karara karşı davacı tarafın temyiz isteminin süresinde olduğunun anlaşılmasından ve dosyadaki tüm kağıtların okunmasından sonra gereği düşünüldü: 
Dava, hakimler aleyhine açılmış; yargılama faaliyeti nedeniyle hukuka aykırılığın tespiti ve kararın yayımlanması istemine ilişkindir. Hukuk Dairesi'nce ilk derece mahkemesi sıfatıyla, 2802 sayılı Hakimler ve Savcılar Kanunu'na 6110 sayılı yasa ile eklenen 93/A maddesi vurgul"
"76501700","Yargıtay","Hukuk Genel Kurulu","2013/226","2013/1506","30.10.2013","hgk","miras","y2010_2019","0.759","0.722","0.616","0.95","Konut Yapı Kooperatifi vekili cevap dilekçesinde özetle; davacının kendi isteği ile üyelikten ayrıldığını, öncesinde kooperatiften talepte bulunmadan doğrudan dava açtığını, genel kurul kararları ile uygulanan %10 gecikme zammından dolayı davacının, ödediği aidat miktarının üzerinde gecikme zammı borcu bulunduğunu, ayrıca istifa eden üyeye alacağının, devam eden inşaatların etkilenmemesi amacıyla kooperatifin ana sözleşmesine göre üç yıl içinde ödenebileceğini belirterek, dav"
"76680200","Yargıtay","Hukuk Genel Kurulu","2010/6","2010/36","27.01.2010","hgk","miras","y2010_2019","0.759","0.869","0.529","0.95","Davacı Ümit ile murisi Behice Tavaslıoğlu hakkında 11.04.1997 tarihinde kısıtlanmaları için açılan vesayet davasında her ikisinin de, kumar tutkunu oldukları ve bu nedenle kötü yaşama tarzı ile malvarlığını kötü yönetmelerine ilişkin maddi ve hukuki olgu Yargıtay denetiminden geçerek kesinleşmiştir. ve B.T 'nun kumar oynamak suretiyle tam bir israf, kötü yaşam ve kötü idare örneği gösterdiklerinin tespit edilmesinin Yargıtay denetiminden geçerek kesinleşmesi sonucu bu maddi o"
"76920000","Yargıtay","Ceza Genel Kurulu","2010/153","2010/206","19.10.2010","cgk","icra_iflas","y2010_2019","0.759","0.818","0.56","0.95","Özel Dairece benimsenen sübjektif teori kabul edilerek, eylemin öldürmeye teşebbüs olarak nitelen&not;dirilmesi, 5237 sayılı TCY'nın 35. 378 vd.)
Bir kimsenin suça kalkışmaktan dolayı cezalandırılabilmesi için, yapılan hareketlerin objektif olarak suçun yasal tanımında öngörülen sonucu meydana getirmeye elverişli olmasıyla birlikte, aracın fail tarafından bu sonucu gerçekleştirmeye uygun biçimde kullanılması, ancak failin elinde olmayan nedenlerle, icra hareketlerinin tamamla"
"77447900","Yargıtay","Hukuk Genel Kurulu","2013/652","2013/872","26.06.2013","hgk","esya_tapu","y2010_2019","0.758","0.632","0.665","0.95","Taraf sıfatına gelince, bir hakkı dava etme yetkisi (dava hakkı) kural olarak o hakkın sahibine aittir (Bunun, C.Savcısının kamu yararının bulunduğu durumlarda bazı hukuk davalarını açabilme yetkisinin bulunması gibi bazı istisnaları vardır). O halde, dava konusu şey üzerinde kim veya kimler hak sahibi ise, davayı da bu kişi veya kişilerin açması gerekir."
"87158300","Yargıtay","Hukuk Genel Kurulu","2012/1925","2013/1407","25.09.2013","hgk","is_sgk","y2010_2019","0.758","0.782","0.579","0.95","Görüldüğü üzere, bir eylemin psikolojik taciz olarak kabul edilebilmesi için, bir işçinin hedef alınarak gerçekleştirilmesi, belli bir süreye yayılması ve bu durumun sistematik bir hal alması gerekir. Belirtilen şartların gerçekleşip gerçekleşmediğinin, her somut olayda ayrı ayrı değerlendirilmesi gerekir."
"77278300","Yargıtay","Hukuk Genel Kurulu","2011/535","2011/622","12.10.2011","hgk","aile","y2010_2019","0.758","0.814","0.56","0.95","Şahsa sıkı sıkıya bağlı haklar, kural olarak, bizzat şahsın kendisi tarafından kullanılabilir. Reşit olmayan bir çocuk, reşit olana kadar aile soyadını kullanmak zorundadır ancak reşit olduktan sonra soyadını değiştirmek üzere dava açabilir."
"77511500","Yargıtay","Hukuk Genel Kurulu","2012/1929","2013/782","29.05.2013","hgk","miras","y2010_2019","0.758","0.811","0.56","0.95","Hemen belirtmek gerekir ki, vakıflar, bizzat kendi kararlarıyla sona erme hali dışında, tüzel kişiliğin sona erme sebepleriyle sona ererler. Davacı vekili, Vakıflar Genel Müdürlüğü'nce düzenlenen denetim raporu ile davalı vakfın hiç gelirinin olmadığını, bu mal varlığı ile vakfın hayatiyetini devam ettirmesinin mümkün olmadığını ve vakıf yöneticilerinin ilgisiz kaldığı hususlarının tespit edildiğini belirterek, Türk Medeni Kanunu'nun 116."
"77298800","Yargıtay","Hukuk Genel Kurulu","2011/696","2011/727","30.11.2011","hgk","aile","y2010_2019","0.758","0.791","0.573","0.95","6100 sayılı HMK'nun yürürlüğünden sonraki dönemde de Hukuk Genel Kurulu'nun 05.10.2011 gün ve 2011/20-607 E.-604 K.sayılı kararıyla bu ilkeler aynen kabul edilmiştir. Buna göre, hüküm sonucu kısmında gerekçeye ait her hangi bir söz tekrar edilmeksizin isteklerin her biri hakkında verilen hükümle, taraflara yüklenen borç ve tanınan hakların mümkünse sıra numarası altında birer birer açık şüphe ve tereddüt uyandırmayacak şekilde gösterilmesi gerekir."
"77112500","Yargıtay","Ceza Genel Kurulu","2011/144","2011/192","27.09.2011","cgk","ceza_genel","y2010_2019","0.758","0.814","0.56","0.95","H..'nun ailelerine bildirdikleri ve hep birlikte sanık hakkında şikayetçi oldukları,
Aşamalarda sanığın mağdureye yönelik gerçekleştirdiği iddia edilen cinsel istismar eyleminin tarihinin tespit edilemediği, 
Aynı gün şikayet konusu edilen diğer mağdurelere yönelik eylemler nedeniyle yapılan soruşturmalar sonucunda; 
Sanık hakkında, mağdure A. Mağdure Kayseri Emniyet Müdürlüğünde, olay günü eve çıkarken sanığın kendisini evine çağırdığını, kolundan tutarak evin içine götürdüğ"
"52003200","Yargıtay","Ceza Genel Kurulu","2012/1334","2013/92","19.03.2013","cgk","ceza_usul","y2010_2019","0.758","0.586","0.69","0.95","Temyiz yargılama makamı olan Yargıtayın görevi, kural olarak, denetimini yaptığı hükümde hukuka aykırılık bulunup bulunmamasına göre hükmü bozmak veya onamaktır. maddeleri uyarınca 6 yıl hapis ve 3.000 Lira adli para cezasıyla cezalandırılmasına karar verilen somut olayda, Özel Daire ile Yargıtay Cumhuriyet Başsavcılığı arasında oluşan ve Ceza Genel Kurulunca çözümlenmesi gereken uyaşmazlık; Özel Dairece yapılan temyiz incelemesi sonucunda sanık hakkında TCK'nun 227."
"77282600","Yargıtay","Hukuk Genel Kurulu","2011/538","2011/648","19.10.2011","hgk","ticaret","y2010_2019","0.757","0.646","0.653","0.95","Bir kişinin satıcı olarak kabul edilebilmesi için, bu mal sunmanın, ayrıca onun ""ticari veya mesleki faaliyetleri kapsamında"" olması, yani, bunu iş edinmiş olması gerekir (İlhan, Cengiz, Tüketicinin Korunması Hakkında Kanun-Şerh, Ankara 2006, 1. Öncelikle, tüketici ve satıcı kavramları üzerinde durulmasında fayda vardır:
4077 sayılı Tüketicinin Korunması Hakkında Kanun(TKHK)'un 3/e maddesine göre tüketici, bir mal veya hizmeti ticari ve mesleki olmayan amaçlarla edinen, kulla"
"77547200","Yargıtay","Hukuk Genel Kurulu","2012/542","2012/905","28.11.2012","hgk","miras","y2010_2019","0.757","0.497","0.74","0.95","Miras bırakanın saklı pay dışındaki mallarda dilediği gibi tasarruf etme hakkı varsa da, bu temliki yaparken kanunlarda öngörülen şekil koşuluna uymak zorundadır. HUKUK GENEL KURULU KARARI

 Hukuk Genel Kurulunca incelenerek direnme kararının süresinde temyiz edildiği anlaşıldıktan ve dosyadaki k&acirc;ğıtlar okunduktan sonra gereği görüşüldü:
Dava; ehliyetsizlik ve muris muvazaası hukuksal nedenine dayalı tapu iptal-tescil, olmazsa terekeye iade isteğine ilişkindir."
"76735200","Yargıtay","Ceza Genel Kurulu","2009/176","2010/31","23.02.2010","cgk","icra_iflas","y2010_2019","0.757","0.806","0.56","0.95","Suçlamaya neden olan Didim Asliye Hukuk Mahkemesinin 31.07.2007 gün ve 218-361 sayılı dosyasının incelenmesinde; 
 İlgililerin Didim Şoförler ve Otomobilciler Odası'ndan, Oda Başkanlığının da İlçe Trafik Komisyonu Başkanlığı'ndan talep etmesi üzerine, İlçe Trafik Komisyonca 13.05.2002 gün ve 2002/02 sayı ile ...Mahallesi .. oturumdan itibaren ise Hakim S...B...tarafından yargılamanın sürdürüldüğü, 
 Duruşmalara katılan avukat isimlerinin tutanağa yazılmadığı, buna karşılık av"
"77551400","Yargıtay","Hukuk Genel Kurulu","2012/379","2012/912","28.11.2012","hgk","ceza_genel","y2010_2019","0.756","0.805","0.56","0.95","Hemen belirtmelidir ki, davacı kendisinin ve davalıların Osmangazi Üniversitesi Tıp Fakültesi Doğum ve Kadın Hastalıkları Anabilim Dalı'nda görev yaptıkları esnada, kendisi hakkında haksız işlemlerde bulunulduğu iddiası ile açtığı eldeki davada, davalılar açısından salt hizmet kusuruna dayanıldığı ve davanın bu hukuki neden üzerine kurulu olduğu kuşkusuzdur. T.C.Anayasası'nın 125/son fıkrasında ""İdare, kendi eylem ve işlemlerinden doğan zararı ödemekle yükümlüdür."" hükmüne ye"
"77046700","Yargıtay","Hukuk Genel Kurulu","2011/179","2011/356","25.05.2011","hgk","is_sgk","y2010_2019","0.756","0.611","0.671","0.95","O halde, harca ilişkin bir yasa hükmünün yorumu ve uygulanmasında, bu ilke ve amacın gözden uzak tutulmaması gerekir. Hukuk Genel Kurulunda yapılan görüşmeler sırasında işin esasının incelemesine geçilmezden evvel davacı/alacaklı bankanın 492 sayılı Harçlar Kanunun değişik 123/son maddesindeki istisnadan faydalanıp faydalanamayacağı, dolayısıyla başvuru harcı ve peşin harçtan müstesna olup olmadığı ön sorun olarak irdelenmiştir."
"87159000","Yargıtay","Hukuk Genel Kurulu","2013/61","2013/1409","25.09.2013","hgk","icra_iflas","y2010_2019","0.756","0.739","0.598","0.95","Kural olarak, davalı kiracı, davacıların talep ettiği kira miktarına karşı çıktığına göre taşınmazı iktisap eden davacılar, kiralayan sıfatı ile talep ettikleri aylık kira miktarını kanıtlamak zorundadırlar. Mahkemenin; davacıların taşınmazı iktisap ettiğini davalıya bildirdikleri tarihten itibaren davalının taşınmazda fuzuli işgalci durumuna düştüğü bu tarih esas alınmak suretiyle davacıların fuzuli işgal tazminatına hak kazandıkları gerekçesi ile davanın kabulüne ilişkin ve"
"77514100","Yargıtay","Hukuk Genel Kurulu","2012/1609","2013/786","29.05.2013","hgk","icra_iflas","y2010_2019","0.756","0.491","0.74","0.95","Açıklanan nedenlerle, Özel Daire bozma ilamında belirtilen gerekçelerle, Hukuk Genel Kurulu'nca da benimsenen bozma ilamına uyulmak gerekirken, önceki kararda direnilmesi usul ve yasaya aykırıdır. Mahkemece; ""davacının, davalı tarafından verilen vekaletnameyle, dava ve takiplerde davalıyı temsil ettiği, bu nedenle karşı taraf vekalet ücretlerinden davacının da yararlanması gerektiği"" gerekçesi ile, davanın kabulüne, 9.458,02 TL vekalet ücretinin dava tarihinden itibaren işley"
"92524000","Yargıtay","Ceza Genel Kurulu","2010/147","2010/200","19.10.2010","cgk","usul_hukuk","y2010_2019","0.756","0.858","0.529","0.95","Poliklinik defterinden olay günü sanığa ait muayenehanede muayene olduğu anlaşılan mağdura ilişkin hasta takip formu incelendiğinde;
02.09.2003 tarihli notta; “halsizlik, idrarda sızlama, lomber ağrı, cinsel isteksizlik, ereksiyonda zayıflık, suprapubik ağrı, perineye vuran zonklayıcı ağrı ve kabızlık tespit edildi, bol su ve sıcak suya oturma tavsiye edildi ve ilaç verildi”,
11.09.2003 tarihli notta; “önceki şikayetleri azalmakla beraber devam ediyor. Birlikte dışarı çıktık,"
"76773800","Yargıtay","Ceza Genel Kurulu","2009/228","2010/69","30.03.2010","cgk","ceza_genel","y2010_2019","0.756","0.866","0.523","0.95","K.tarafından ifade edilip, kayıtlarla da doğrulanan telefondan, olay saatinden çok kısa bir süre önce Denizli Demokrasi Meydanı'ndan arama yapılmış olması, aynı dakikalarda maktulün de o bölgede bulunduğunun otogaz fişinden açıkça anlaşılması ve sanık İ..'e ait otomobilde yoğun miktarda atış artıklarına rastlanması hususları bir bütün olarak değerlendirildiğinde; 18.02.2005 tarihinde gece 24.00 ile 01.00 saatleri arasında A. ile A.Ç.'nın talimatıyla H.Ç.'nın yaptığı iddiasınd"
"87782200","Yargıtay","Ceza Genel Kurulu","2012/1259","2013/34","29.01.2013","cgk","ceza_usul","y2010_2019","0.756","0.769","0.579","0.95","maddesinde yakalama ve tutuklama şartlarının ayrıntılı olarak düzenlenmesinden sonra maddenin son fıkrasında; ""Bu esaslar dışında bir işleme tabi tutulan kişilerin uğradıkları zarar, kanuna göre, Devletçe ödenir"" hükmüne yer verilmiş, ancak bu hüküm 17.10.2001 tarihli Resmi Gazetede yayımlanarak yürürlüğe giren 4709 sayılı Kanunun 4. maddesinde de; tazminat davalarının incelenmesi ve mahkemece karara bağlanması süreç ve yöntemi, olağan ceza ve hukuk yargılama yöntemlerinden f"
"77572200","Yargıtay","Ceza Genel Kurulu","2012/1504","2013/390","24.09.2013","cgk","usul_hukuk","y2010_2019","0.756","0.577","0.69","0.95","Diğer taraftan, CGK tarafından istikrarlı olarak sürdürülen uygulama uyarınca, öğretici ve yol gösterici nitelikteki ""kabule göre"" yapılan bozmalara karşı direnme mümkün olmadığı gibi itiraz kanun yoluna da başvurulması imkanı bulunmamaktadır. CEZA GENEL KURULU KARARI
Özel Daire ile Yargıtay Cumhuriyet Başsavcılığı arasında oluşan ve Ceza Genel Kurulunca çözümlenmesi gereken uyuşmazlık; yerel mahkeme hükmünün Özel Dairece;
 1- Sanığın eyleminin, 5237 sayılı TCK'nun 142/2-d ma"
"77510000","Yargıtay","Hukuk Genel Kurulu","2012/1698","2013/779","29.05.2013","hgk","is_sgk","y2010_2019","0.755","0.334","0.828","0.95","Bu genel açıklamalardan sonra, zaman bakımından uygulama ile ilgili 6100 sayılı Hukuk Muhakemeleri Kanunu (HMK)'nun ilgili hükmüne de değinmek gerekir: 
HMK'nun ""Zaman bakımından uygulanma"" başlığını taşıyan 448.maddesi; 
""(1) Bu Kanun hükümleri, tamamlanmış işlemleri etkilememek kaydıyla derh&acirc;l uygulanır."" 
hükmünü içermektedir. Oturum gününün belli edilmesi için tarafların başvurması gereken hallerde, gün tespit ettirilmemiş ise, son işlem tarihinden başlayarak bir ay"
"76596500","Yargıtay","Hukuk Genel Kurulu","2013/1363","2013/1507","30.10.2013","hgk","usul_hukuk","y2010_2019","0.755","0.574","0.69","0.95","Açıklanan gerektirici nedenlere göre, Hukuk Genel Kurulu'nca da benimsenen Özel Daire bozma ilamına uyulmak gerekirken, önceki kararda direnilmesi usul ve yasaya aykırıdır. Davacı yan, İstanbul ili, Şişli ilçesi, Ayazağa'da bulunan Birlik Apartmanı'nda daire sahipleri olduklarını, davalının da aynı taşınmazda zilyedi bulunduğu dükkanını bahçeye doğru genişleterek, bu kısımda bulunan ağaçları, telleri ve gülleri söktüğünü ileri sürerek, zilyetliğe dayalı olarak bu kısımların e"
"77245100","Yargıtay","Hukuk Genel Kurulu","2012/693","2013/162","30.01.2013","hgk","esya_tapu","y2010_2019","0.755","0.434","0.771","0.95","Hal böyle olunca; aynı hususa işaret eden ve Hukuk Genel Kurulu'nca da benimsenen Özel Daire bozma kararına uyulmak gerekirken, önceki kararda direnilmesi usul ve yasaya aykırıdır. Kural olarak bir şeye malik olan kimse o şeyin bütünleyici parçalarının da malikidir."
"77134200","Yargıtay","Ceza Genel Kurulu","2011/99","2011/145","28.06.2011","cgk","ceza_genel","y2010_2019","0.755","0.678","0.63","0.95","maddesinin uygulanmama gerekçesinin yasal ve yeterli olup olmadığının, 
3- 6136 sayılı Yasaya aykırılık suçundan sanık hakkında hükmün açıklanmasının geri bırakılmasına yer olmadığına karar verilirken, gösterilen gerekçenin yasal olup olmadığının belirlenmesine ilişkin ise de; bu suç yönünden direnme hükmünün eylemli uyma niteliğinde olup almadığı,
Hususlarının belirlenmesine ilişkindir. ile dışarı çıkmak için merdivenlerden aşağı inen sanığın, maktul M.'nın peşinden koşarak "
"76989300","Yargıtay","Ceza Genel Kurulu","2010/251","2010/267","21.12.2010","cgk","usul_hukuk","y2010_2019","0.755","0.8","0.56","0.95","Kendisine zorunlu bir müdafii görevlendirileceğinin sanığa bildirilmediği ve sanığın bu konudaki iradesine değer verilmediği ya da başka bir ifadeyle sanığın bu konudaki iradesinin dosya kapsamından anlaşılamadığı durumlarda, hükmün müdafii yanında sanığın kendisine de tebliğinin, adil yargılanma hakkının bir gereği olduğu kabul edilmelidir. Zorunlu müdafii görevlendirilmiş ve sanığın bunu kabul etmiş ya da bu atamaya karşı herhangi bir itirazda bulunmamış olduğu durumlarda; "
"52073400","Yargıtay","Ceza Genel Kurulu","2012/850","2012/1828","31.10.2012","cgk","ceza_genel","y2010_2019","0.755","0.886","0.51","0.95","Mağdurun gıyabında hakaretin cezalandırılabilmesi için fiilin en az üç kişiyle ihtil&acirc;t ederek işlenmesi gerekir. atölyeden çıkmayarak bize hitaben 'ben burada çalışacağım, benim çalışmamı engelleyemezsiniz, sizin yaptığınız şerefsizliktir, şerefsizler' dedi, biz de kendisine hiçbir şekilde cevap vermeden tutanak tuttuk ve onu orada bırakarak kurum müdürünün yanına gittik"" şeklinde anlatımda bulunmuştur,

 Tanık C."
"98678100","Yargıtay","Hukuk Genel Kurulu","2012/670","2013/171","30.01.2013","hgk","ticaret","y2010_2019","0.754","0.827","0.541","0.95","Dosyadaki mevcut belge ve delillerden anlaşıldığı üzere; davanın tarafları arasında 06.10.1998 tarihinden itibaren geçerli olmak üzere, akaryakıt ürünleri (benzin, gaz, motorin) ve diğer malları bulundurmayı, teşhir etmeyi ve satmayı, davacı şirketin izni olmaksızın başkaca bir mal bulundurmamayı hedef tutan bir bayilik sözleşmesi imzalanmıştır. Anılan sözleşmenin 15.maddesinde, davalı şirketin (Bayi), yılda asgari sekizbin (8.000) ton beyaz mal (Benzin, Motorin, Gaz) satmayı"
"87582800","Yargıtay","Hukuk Genel Kurulu","2013/41","2013/1511","30.10.2013","hgk","ticaret","y2010_2019","0.754","0.849","0.529","0.95","Anılan Kanunun “Av hayvanları ve sınıfları” başlıklı 1.maddesinde;
“ Türkiye’de yabani olarak yaşayan faydalı ve zararlı hayvanların (Memeliler, kuşlar, yerde sürünenler) her türlü vasıta ile avlanması bu kanun hükümlerine bağlıdır.” 
Hükmü yer almakta; 
 2.maddesinde de; 
“Av hayvanları üç gruba ayrılmıştır:
I - Her vakit avlanabilenler:
A) Memelilerden (Vaşak, kurt, çakal, yaban domuzu, pars, sırtlan, kaplan)
  B) Kuşlardan (Kargalar);
  C) Yerde sürünenlerden (Yılanlar, ka"
"77440500","Yargıtay","Hukuk Genel Kurulu","2013/2","2013/866","19.06.2013","hgk","ticaret","y2010_2019","0.754","0.816","0.548","0.95","Ancak şu hususu belirtmek gerekir ki, ticaret şirketlerinin tümünde ticari mümessil şirket ana sözleşmesiyle de tayin edilebilir. sayılı dosyası ile kambiyo senetlerine mahsus haciz yolu ile takip başlatıldığını, müvekkili şirketin alacaklı şahsa herhangi bir borcunun bulunmadığını, takibe konu senetlerde borcun sebebi ile neye karşılık verildiğinin belirtilmediğini, müvekkili tarafından alacaklı şahsa herhangi bir senedin verilmediğini, istenilen faizin fahiş olduğunu, senet"
"76731600","Yargıtay","Hukuk Genel Kurulu","2010/145","2010/155","17.03.2010","hgk","icra_iflas","y2010_2019","0.754","0.57","0.69","0.95","madde uygulama alanı olarak belirlenmesinin, Sarıyer Belediye Encümeninin 23.06.2005 tarih ve 595 sayılı kararı ile kabul edilmiş olduğu, çalışmaların devam ettiğinin bildirildiği anlaşılmıştır. Hal böyle olunca, bozma ilamında da bildirilen nedenlere göre Özel Dairenin bozma kararına uyulmak gerekirken, önceki kararda direnilmesi usul ve yasaya aykırıdır."
"76963500","Yargıtay","Ceza Genel Kurulu","2010/137","2010/236","23.11.2010","cgk","usul_hukuk","y2010_2019","0.754","0.793","0.56","0.95","ile birlikte gerçekleştirdiği eylemin ""toplu kaçakçılık"" suçunu mu, yoksa ""münferit kaçakçılık"" suçunu mu oluşturduğu ve bu bağlamda, sanık M...'ya teklif edilmesi gereken ön ödeme miktarının saptanmasına ilişkin ise de; ele geçirilen bazı eşyaların iddianamede belirtilmemiş olmasının ek iddianame düzenlenmesini gerektirir nitelikte bir noksanlık sayılıp sayılamayacağı hususunun Yargıtay İç Yönetmeliğinin 27. Bu durumda, somut olay açısından en temel sorunun, ele geçirilen eş"
"76988200","Yargıtay","Ceza Genel Kurulu","2010/230","2010/264","21.12.2010","cgk","ticaret","y2010_2019","0.754","0.795","0.56","0.95","Bası, sh.1160)
Yargısal kararlarda da öğretideki bu görüşlere koşut olarak; hükümle (son kararla) verilen tedbir kararlarının temyiz edilebileceği kabul edilmiş, bu doğrultuda, temyizi olanaklı olmayan bir hükümle bağlantılı olarak verilen ""sürücü belgesinin geri alınması"" (CGK'nun 25.04.1988 gün 91-173), ""müsadere"" (CGK'nun 01.10.1989 gün ve 200-274), ""erteli cezanın TCY'nın 95/2. Bu nedenle de; hükmün içerisinde birden fazla ""cezanın"" bulunduğu hallerde, temyiz sınırının be"
"84302800","Yargıtay","Ceza Genel Kurulu","2012/1312","2013/99","26.03.2013","cgk","usul_hukuk","y2010_2019","0.754","0.76","0.579","0.95","Bu hükümler birlikte değerlendirildiğinde, kural olarak temyiz istemi; süresinde verilen bir dilekçe veya zabıt kâtibine yapılacak bir beyanla hükmü veren mahkemeye yapılacaktır. Anayasa'nın 40 ncı maddesinin 2 nci fıkrasında, “Devlet, işlemlerinde, ilgili kişilerin hangi kanun yolları ve mercilere başvuracağını ve sürelerini belirtmek zorundadır”; 5271 sayılı CYY'nın 34/2 nci maddesinde, “Kararlarda, başvurulabilecek kanun yolu, süresi, mercii ve şekilleri belirtilir"" ve ayn"
"76937800","Yargıtay","Hukuk Genel Kurulu","2010/500","2010/490","13.10.2010","hgk","is_sgk","y2010_2019","0.753","0.724","0.598","0.95","Davacı vekili trafik kazasında yaralanan sigortalıya Kurumca yapılan yardımların, trafik kazasının meydana gelmesinde kusurlu bulunan aracı sigortalayan davalı sigorta şirketinden tahsiline ilişkin icra takibine davalının itirazının iptali ile takibin devamı ve icra inkar tazminatına hükmedilmesini istemiştir. Taraf vekillerinin temyizi üzerine karar Özel Dairece yukarıda açıklanan gerekçelerle bozulmuş, yerel mahkemece bozma ilamının (a) bendine karşı ilk gerekçesinde de bel"
"77502600","Yargıtay","Hukuk Genel Kurulu","2012/1611","2013/773","29.05.2013","hgk","ticaret","y2010_2019","0.753","0.789","0.56","0.95","D.'nin eşinin sahip olduğu şirketin sektörde alacağı yeri engellemek ve müvekkilini yıpratmak amacıyla, davalı şirketin çalıştığı tüm şirketlere, iş yapılan tüm özel, kamu kurum ve kuruluşlarına, okullara ""şirketimizde çalışan Sedat TELİMEN yüz kızartıcı suç işlediğinden dolayı şirketimizle ilişiği kesilmiştir ve verdiği zararın boyutları tespit edilmeye başlanmıştır. Rakam belli olduktan sonra hakkında yasal kovuşturmayı başlanacaktır"" ifadelerinin yazılı olduğu imzalı faks "
"77550800","Yargıtay","Hukuk Genel Kurulu","2012/453","2012/911","28.11.2012","hgk","usul_hukuk","y2010_2019","0.753","0.789","0.56","0.95","Nitekim, 10.07.1940 gün ve E:1940/7, 1940/75 sayılı Yargıtay İçtihadı Birleştirme Kararının gerekçesinde de; ""...Davanın son dereceye kadar takibi için vekil tayin etmiş olan bir kimseye ilam tebliği mümkün bulundukça müvekkiline tebligat yapılması kanuna aykırı ve bu sebeple tebliğ dahi hükümsüz olduğundan, kanun yoluna başvurma için belli olan süre böyle yolsuz bir tebliğ üzerine cereyan etmez..."" denilmek suretiyle aynı ilke benimsenmiştir. Açıklanan nedenlerle; dosyanın, "
"17057700","Yargıtay","Ceza Genel Kurulu","2010/110","2010/161","29.06.2010","cgk","ceza_genel","y2010_2019","0.753","0.735","0.592","0.95","maddesinin uygulanma olanağının bulunup, bulunmadığı değerlendirilmelidir. gerekçeleriyle itiraz yasa yoluna başvurularak, Yargıtay 8 Ceza Dairesinin 25.12.2009 gün ve 14088-16644 sayılı kararının kaldırılmasına, yerel mahkeme hükmünün, sanıkların mağdurlar Cüneyt, Ayhan ve Oktay'a yönelik hürriyeti kısıtlama suçları yönünden bozulmasına karar verilmesi talep olunmuştur."
"77512000","Yargıtay","Ceza Genel Kurulu","2013/326","2013/461","19.11.2013","cgk","ceza_genel","y2010_2019","0.753","0.877","0.51","0.95","Tıp Fakültesi Adli Tıp Ana Bilim Dalı Başkanlığınca hazırlanan rapora göre; vücudunda akut travmatik bulguya rastlanılmadığı, hymen da dantelalı yapıda, saat 3 ve 11 hizasında doğal çentik, saat 7 hizasında yara dudaklarında iyileşme reaksiyonu izlenen yara dudakları kanamalı minimal kaide devamlılığı izlenen yırtık saptandığı, muayene tarihinden 7-10 gün önce organ veya sair cisim sokulmak sureti ile vajinal yolla cinsel ilişki gerçekleştiği, 
Adli Tıp Kurumu 6. A.'ün 26.09."
"17159400","Yargıtay","Hukuk Genel Kurulu","2011/554","2011/684","23.11.2011","hgk","miras","y2010_2019","0.752","0.321","0.828","0.95","Bir dâvada dâvalının, dâvacının açmış olduğu dâvadan haberdar olması, dâvaya cevap vermesi ve hatta cevap süresinin işlemeye başlaması için dâva dilekçesinin tebliğ edilmesi gerekir. HUKUK GENEL KURULU KARARI





 

Hukuk Genel Kurulu'nca incelenerek direnme kararının süresinde temyiz edildiği anlaşıldıktan ve direnme kararının verildiği tarih itibariyle H.U.M.K.2494 sayılı Yasa ile değişik 438/II.fıkrası hükmü gereğince duruşma isteğinin reddine karar verilip dosyadaki kağı"
"77616500","Yargıtay","Hukuk Genel Kurulu","2012/1145","2012/1430","26.12.2012","hgk","is_sgk","y2010_2019","0.752","0.592","0.673","0.95","Davalı Sosyal Güvenlik Kurumu (SGK) vekili, 2926 sayılı Kanun Uygulama Tebliğinde Değişiklik Yapılmasına Dair 7 nolu Tebliğ uyarınca davacının Kuruma başvurması halinde sigortalılığı ilk tevkifata göre sigortalılığı başlatılacağından davanın konusuz kalacağını belirterek davanın reddini savunmuştur. 2926 sayılı Kanunun 2.maddesinde, kanunla veya kanunların verdiği yetkiye dayanılarak kurulan sosyal güvenlik kuruluşları kapsamı dışında kalan ve herhangi bir işverene hizmet akd"
"77256500","Yargıtay","Hukuk Genel Kurulu","2011/441","2011/574","28.09.2011","hgk","is_sgk","y2010_2019","0.752","0.786","0.56","0.95","Kural olarak; sigortalı, bildirimsiz kalan çalışmalarının tespitini, hak düşürücü sürenin işlemeye başladığı, hizmetin geçtiği yılın sonundan itibaren beş yıl içerisinde isteyebilir. İddianın bu niteliğine ve yukarıda açıklanan ilkelere göre; 506 sayılı Sosyal Sigortalar Kanunu'nun 79/10 maddesinde yer alan ""hizmet"" kavramının, somut olay yönünden hem sigortalı hem de emekli sandığına tabi hizmeti birlikte değerlendirilmek suretiyle belirlenmesi ve hak düşürücü sürenin hesabı"
"77460900","Yargıtay","Hukuk Genel Kurulu","2013/1176","2013/884","26.06.2013","hgk","ticaret","y2010_2019","0.752","0.784","0.56","0.95","Diğer taraftan, aynı yasanın 92/b maddesinde ise, sadece işletenin kendisinin değil, bu maddede sayılan yakınlarının mallarına gelecek zararın da KZMSS kapsamı dışında kaldığı belirlenmiş olup, doktrin ve yargı içtihatlarında sadece bu maddede sayılan kişilerin bedensel zararlarının KZMSS kapsamında olması gerektiği kabul edilmiştir. Yerel mahkeme ile Yüksek Özel Daire arasında uyuşmazlık hukuki nitelikte olup, aracın işleteni olması nedeniyle eyleminden sorumlu olduğu sürücü"
"76900200","Yargıtay","Hukuk Genel Kurulu","2010/392","2010/417","22.09.2010","hgk","miras","y2010_2019","0.752","0.473","0.74","0.95","Açıklanan nedenlerle, Hukuk Genel Kurulu'nca da benimsenen Özel Daire bozma kararına uyulmak gerekirken, önceki kararda direnilmesi usul ve yasaya aykırıdır. Özel Daire bozma ilamında da işaret olunduğu üzere, kural olarak; ölüme bağlı tasarrufun iptali davasını, mirasçıların birlikte açma zorunluluğu bulunmamaktadır (TMK.yeni md.558,eski 449)."
"76905400","Yargıtay","Ceza Genel Kurulu","2010/166","2010/197","19.10.2010","cgk","usul_hukuk","y2010_2019","0.752","0.352","0.811","0.95","Kabahatler Yasasının konuluş amacı; gerekçesinde özetle, bu düzenleme ile, özellikle ekonomik hayata ilişkin düzenlemelerde kazuistik olarak idari yaptırım öngören ve bir sistemden yoksun olan hükümlerin önüne geçebilmek ve ayrıca hukuk uygulamasında birliği ve hukuk güvenliğini temin etmek amacıyla belirlenen genel ilkelerin, özel yasalarda tanımlanan kabahatler hakkında da uygulanmasının sağlanması, şeklinde belirtilmiştir. maddesinde ""Bu Yasada; toplum düzenini, genel ahl&"
"77464800","Yargıtay","Ceza Genel Kurulu","2012/1447","2013/628","24.12.2013","cgk","icra_iflas","y2010_2019","0.752","0.787","0.56","0.95","maddesinde ise sekiz bent halinde gösterilen hususlarda kanuna ""mutlaka muhalefet"" edilmiş sayılacağı kabul edilmiştir. maddesinde; ""Yargıtay, temyiz dilekçesi ile layihasında irad olunan hususlar ile temyiz talebi usule ait noksanlardan dolayı olmuş ise temyiz dilekçesinde bu cihete dair beyan edilecek vakıalar hakkında tetkikler yapabileceği gibi hükme tesiri olacak derecede kanuna muhalefet edilmiş olduğunu görürse talepte mevcut olmasa dahi bu hususu tetkik eder"",
321."
"77410300","Yargıtay","Hukuk Genel Kurulu","2012/1584","2013/834","14.06.2013","hgk","ticaret","y2010_2019","0.751","0.748","0.578","0.95","Davalı vekili, müvekkiline ait termik santralin kanunlara göre kurulup, gerekli izinleri alarak faaliyet gösterdiğini, eldeki davanın idari yargıda açılması gerektiğini, santralde filtreleme sisteminin bulunduğunu dolayısı ile %99 oranında zararlı maddelerin çevreye salınmadığını, istenilen tazminatın fahiş olduğunu ileri sürerek davanın reddine karar verilmesini istemiştir. Mahkemece, 25/05/2011 tarihli bilirkişi raporundan, davalı tarafından işletilen A.-E..(A) ve (B) termi"
"17103600","Yargıtay","Hukuk Genel Kurulu","2011/61","2011/188","15.04.2011","hgk","ticaret","y2010_2019","0.751","0.717","0.598","0.95","maddesine göre birden fazla kişiye (ihtiyari dava arkadaşlarına) karşı açılan dava, davalılardan bazısı için ticari dava, diğerleri için ticari dava değil ise ve haklarındaki dava ticari dava olan davalılar süresince İşbölümü itirazında bulunursa, asliye hukuk mah-kemesinin işbölümü itirazını kabul ederek davanın tümünün ticaret mahkemesine gönderilmesine karar vermesi gerekir. 1- Dava, davacının davalılara herhangi bir borcunun bulunmamasına rağmen, davacı adına tahsis edile"
"77584400","Yargıtay","Hukuk Genel Kurulu","2013/395","2013/1568","13.11.2013","hgk","is_sgk","y2010_2019","0.751","0.8","0.548","0.95","Öncelikle belirtilmelidir ki, icra dairesinin yetkisi kamu düzenine ilişkin olmayıp, alacaklının yetkisiz bir icra dairesinde takip yapması halinde, icra dairesi kendiliğinden yetkisizliğini gözetemeyeceği için borçlunun itiraz yolu ile bunu ileri sürmesi gerekir. maddesi uyarınca öncelikle icra dairesinin yetkisine yönelik itiraz incelenir ve eğer takibin yapıldığı icra dairesinin yetkisiz olduğu anlaşılırsa davanın bu nedenle reddi gerekir."
"76820700","Yargıtay","Ceza Genel Kurulu","2010/61","2010/117","25.05.2010","cgk","ceza_genel","y2010_2019","0.751","0.782","0.56","0.95","Sulh Ceza Hakimi olarak görev yapmakta olan sanığın, daha önceden verilen karar uyarınca mahkemenin 2008/175 esas sayılı dosyasında, 13.06.2008 tarihinde keşif yapılması kararlaştırıldığı halde, 06.06.2008 tarihinde keşif yaptığı, ayrıca aynı tarihte, 2008/350 ve 2008/351 esas sayılı dosyalarda ise henüz keşif günü belirlenmemesine karşın, taraflar ve vekillerine haber verilmeden keşiflerini yaptığı ve yine aynı tarihte Kahramanmaraş 1. Sulh Ceza Mahkemesi'ne ait 2008/188 ve "
"17106900","Yargıtay","Ceza Genel Kurulu","2010/192","2011/1","25.01.2011","cgk","ticaret","y2010_2019","0.751","0.782","0.56","0.95","maddelerinde öngörülen zamanaşımı kapsamında olmayan mallar yönünden yeniden hukukçu, emlakçı ve muhasebeci olmak üzere konusunda uzman 3 kişilik bilirkişi heyetine incelettirilerek sanığın savunmaları da değerlendirilip yasal ve genel ahlaka uygun gelirleri ile giderleri denetime imkan verecek şekilde karşılaştırılarak edinimlerinin tamamının veya bir kısmının haksız mal edinme niteliğinde olup olmadığının tespiti gerekir' gerekçesi ile mahkememiz kararının bozulması üzerine"
"77341900","Yargıtay","Ceza Genel Kurulu","-","2013/107","26.03.2013","cgk","icra_iflas","y2010_2019","0.751","0.865","0.51","0.95","İncelenen dosya içeriğinden;
Türkiye üzerinden Yunanistan'a gitmek isteyen göçmenlerden Irak uyruklu olan 3 kişinin Habur Sınır Kapısından pasaportları ile Türkiye'ye giriş yaptığı, geriye kalan ve Afganistan uyruklu olan göçmenlerin ise yasal olmayan yollardan Türkiye'ye giriş yaptıkları, tüm göçmenlerin Tatvan ilçesinde bir araya getirildiği, sanıklar H. ve İ.'ın kaçak göçmenleri İstanbul'a getirmek amacıyla Tatvan'dan otobüsle göçmenleri alarak yola çıktıkları, Diyarbakır'"
"77479700","Yargıtay","Hukuk Genel Kurulu","2013/485","2013/1749","25.12.2013","hgk","is_sgk","y2010_2019","0.75","0.744","0.579","0.95","Bu kapsamda açılan ve sürekli işgöremezlik oranının tespitine ilişkin davaların asıl amacı, 5510 sayılı Kanun (ve mülga 506 sayılı Kanun) uyarınca sigortalıya sürekli işgöremezlik geliri bağlanmasının teminine yönelik olup, sigortalıya bağlanacak gelir ve hükmedilecek tazminatın miktarını doğrudan etkilemesi nedeniyle, işçide oluşan meslekte güç kayıp oranının hiçbir kuşku ve duraksamaya yer vermeksizin kesin olarak saptanması gerekir. Davalı Sosyal Güvenlik Kurumu vekili cev"
"77516900","Yargıtay","Hukuk Genel Kurulu","2013/672","2013/791","29.05.2013","hgk","miras","y2010_2019","0.75","0.68","0.616","0.95","Bilindiği üzere çekişmeli yargıda kural olarak duruşma yapılması zorunludur. maddesinde de açıkça belirtildiği üzere, mahkemece davalı yan; dinlenmek ve savunması alınmak üzere kanuni şekillere uygun olarak davet edilmedikçe hüküm verilmesi mümkün bulunmamaktadır, aksi halde savunma hakkının kısıtlanmış sayılacağı, gerek öğreti, gerekse yargısal kararlarda tartışmasız olarak kabul edilmektedir (Prof."
"17054300","Yargıtay","Hukuk Genel Kurulu","2010/2","2010/329","16.06.2010","hgk","aile","y2010_2019","0.75","0.711","0.598","0.95","Hukuk Dairesi 11.02.1982 gün ve 8582/1186 sayılı kararında hakimi hüküm vermeye hukuken zorlayan gerekçenin kesin hüküm niteliğinde olduğu kabul edilmiştir (Y.K.D. Ne var ki, tazminat miktarına yönelik davalı vekilinin temyiz itirazları Özel Dairece incelenmediğinden, dosyanın Özel Daireye gönderilmesi gerekir."
"77082400","Yargıtay","Hukuk Genel Kurulu","2011/398","2011/434","22.06.2011","hgk","usul_hukuk","y2010_2019","0.75","0.712","0.598","0.95","K...l D..'un işleten sıfatı yönünden direnmeye ilişkin kararına yönelik temyiz isteminin incelenmesinde: 
Bozma ve direnme kararlarının içeriği itibariyle Hukuk Genel Kurulu önüne gelen uyuşmazlık, trafik kazasına karışan aracın, malikinin rızası dışında alınıp alınmadığı; dolayısıyla araç malikinin, aracın sevk ve idaresi sırasında meydana gelen ölümle sonuçlanan trafik kazasında sorumluluğu bulunup bulunmadığı noktasında toplanmaktadır. Buna göre; bir motorlu aracın işletil"
"76991500","Yargıtay","Hukuk Genel Kurulu","2011/6","2011/236","27.04.2011","hgk","ticaret","y2010_2019","0.75","0.776","0.56","0.95",".tarafından müvekkiline ciro edildiğini, ancak ciro sırasında adı geçen davalının bu çeki alarak başka bir çek verdiğini, davaya konu çek üzerinde de tahrifat yaparak keşide tarihini 22.06.2007 olarak değiştirip çekin bedelini de 27.500,00 TL'ye yükselttiğini ileri sürerek çekten dolayı müvekkilinin davalılara borçlu olmadığının tespitine, takibin iptaline ve % 40 icra inkar tazminatına hükmedilmesini istemiştir. olduğu, çekin kendisine ciro edildiği sırada 7.500,00.-TL bedel"
"77068800","Yargıtay","Hukuk Genel Kurulu","2011/363","2011/419","15.06.2011","hgk","idare","y2010_2019","0.75","0.553","0.69","0.95","Bu nedenle, Hukuk Genel Kurulu'nca da benimsenen Özel Daire bozma kararına uyulmak gerekirken, önceki kararda direnilmesi usul ve yasaya aykırı olup direnme kararı bozulmalıdır. İdarece herhangi bir ayni hakka müdahalede bulunulduğu, özel mülkiyete konu taşınmaza kamulaştırmasız el atıldığı veya plan ve projeye aykırı iş görüldüğü iddiasıyla açılacak müdahalenin men'i ve meydana gelen zararın tazmini davalarının ise, mülkiyete tecavüzün önlenmesine ve haksız fiillere ilişkin "
"52032700","Yargıtay","Hukuk Genel Kurulu","2012/1851","2013/264","20.02.2013","hgk","usul_hukuk","y2010_2019","0.75","0.795","0.548","0.95","Dosyada harç eksikliği saptandığından, bu eksikliğin tamamlanması için dosyanın geri çevrilmesi gerekir. Davanın katılma alacağı istemine ilişkin bulunması nedeniyle, konusu belli bir değer (para veya para ile değerlendirilebilen bir şey) ile ilgili bir dava niteliği taşıdığı; dolayısıyla, Harçlar Kanunu'nun 16.maddesi anlamında ""Değer ölçüsüne göre harca tabi"" işlemlerden biri olduğu; esas hakkında hüküm verilmesi halinde (1) Sayılı Tarife uyarınca nispi harç alınması gerekt"
"52025700","Yargıtay","Ceza Genel Kurulu","2012/527","2013/14","22.01.2013","cgk","ticaret","y2010_2019","0.75","0.861","0.51","0.95","İcra Müdürlüğünün 2007/171 esas sayılı dosyasında kambiyo senetlerine mahsus haciz yoluna başvurduğu ve icra müdürlüğünce borçlu şirkete ödeme emri gönderildiği,

 Sanıkların yasal temsilcisi olduğu şirketin Yüzüncü Yıl Bulvarı Kosova İş merkezi No:137/1 Ostim/Ankara adresine 16.01.2007 tarihinde ilk hacze gidildiği, düzenlenen menkul haciz tutanağında ""Adreste çalıştığını beyan eden Ertan hazır. Öğretide, ""ticari işletmeyi kendi adına işletmekten vazgeçmek veya ticari işletm"
"77317200","Yargıtay","Hukuk Genel Kurulu","2011/666","2011/804","16.12.2011","hgk","usul_hukuk","y2010_2019","0.749","0.241","0.868","0.95","HUKUK GENEL KURULU KARARI 
 
Hukuk Genel Kurulunca incelenerek, 4.Hukuk Dairesinin ilk derece mahkemesi sıfatıyla verdiği karara karşı davacı tarafın temyiz isteminin süresinde olduğunun anlaşılmasından ve dosyadaki tüm kağıtların okunmasından sonra gereği düşünüldü: 
Dava, mülga 1086 sayılı Hukuk Usulü Muhakemeleri Kanunu'nun 573. maddesinde sayılan koruma tedbirinin uygulanmasından kaynaklanan tazminat istemine ilişkin bulunması nedeniyle, 5271 sayılı Ceza Muhakemesi Kanunu"
"77655700","Yargıtay","Hukuk Genel Kurulu","2012/516","2012/1352","28.12.2012","hgk","ticaret","y2010_2019","0.749","0.461","0.74","0.95","Hal böyle olunca; yerel mahkemece, Hukuk Genel Kurulu'nca da benimsenen ve aynı hususlara işaret eden Özel Daire bozma kararına uyulmak gerekirken, önceki kararda direnilmesi usul ve yasaya aykırıdır. Nitekim, aynı ilkeler Hukuk Genel Kurulu'nun 16.03.2012 gün ve E:2012/12-34, K:159 sayılı ilamında da benimsenmiştir 
Somut olayda:
Şikayetçi, dilekçesinde tahliye emrinin iptali istemine dayanak olarak taşınmazda yasanın aradığı nitelikte kira sözleşmelerine dayalı olarak bulun"
"77233600","Yargıtay","Hukuk Genel Kurulu","2011/439","2011/540","21.09.2011","hgk","is_sgk","y2010_2019","0.749","0.793","0.548","0.95","sayılı kararlarında da belirtildiği gibi; bir hakkın elde edilmiş olması, objektif bir hukuk kuralının kişiye uygulanması, hakkın elde edilebilir ve Anayasa ile diğer Yasalarla korunmaya değer duruma gelmiş olması ve idarece tek taraflı tasarrufla geri alınamayacak durumda bulunması gerekir. Davacı vekili, davacının avukatlık mesleği nedeniyle topluluk sigortasına tabi olan geçen sürelere ait tüm primleri ödediğini, 5434 ve 506 sayılı Kanunlar kapsamında olan hizmetleri ile b"
"76712100","Yargıtay","Hukuk Genel Kurulu","2010/106","2010/107","24.02.2010","hgk","icra_iflas","y2010_2019","0.749","0.704","0.598","0.95","(Hukuk Genel Kurulu'nun 21.12.2005 gün ve 2005/6-762-755 sayılı kararında da aynı ilke benimsenmiştir.) icra hukukuna özgü şikayet başvurularında da durum aynıdır. Davanın konusuz kalması halinde, mahkemenin yargılamaya devam ederek, dava açıldığı zaman hangi tarafın haksız olduğunu tespit edip, o tarafı yargılama giderlerine mahkum etmesi gerekir."
"17003400","Yargıtay","Hukuk Genel Kurulu","2010/357","2010/390","14.07.2010","hgk","ticaret","y2010_2019","0.749","0.793","0.548","0.95","Somut olayda, davalıya ait MR cihazı kesintisiz güç kaynağının kullanılması kaydı ile elektriksel nedenlerle meydana gelen hasarları da kapsayacak şekilde davacı tarafından sigorta teminatı altına alınmış, 5.7.2005 tarihinde cihazın final stage elektronik kartı arızalanmış ve davacı tarafından arızanın anılan karttaki malzeme yorgunluğu nedeniyle meydana geldiği ve bu nedenle teminat kapsamı dışında olduğu iddia edilerek, davacı tarafından hasar bedeli ödenmemiştir. Mahkemece"
"76894800","Yargıtay","Hukuk Genel Kurulu","2010/381","2010/398","22.09.2010","hgk","usul_hukuk","y2010_2019","0.749","0.77","0.56","0.95","14 Temmuz 2010 günü yapılan ilk görüşmede davalı aleyhine HUMK'nun 576/2 maddesi gereğince resen hükmedilen 600,00 TL para cezasının talep olsun olmasın yasada öngörülen koşulların gerçekleşmesi halinde resen hükmedileceği düzenlenmiş olduğundan dava değeri kapsamında yer almadığı, bu nedenle de temyiz kesinlik sınırının belirlenmesinde dava değerine dahil kabul edilemeyeceği, oybirliği ile kabul edilmiştir. Hal böyle olunca, davacının temyiz dilekçesinin reddi gerekir."
"52029500","Yargıtay","Ceza Genel Kurulu","2012/1294","2013/16","22.01.2013","cgk","ticaret","y2010_2019","0.749","0.86","0.51","0.95","Ekin'in de bulunduğu, ev ve müştemilatında yapılan aramada herhangi bir suç unsuruna rastlanılmadığı, arama yapılan evin bitişiğinde bulunan tek katlı, üzerinde yeni takıldığı belli olan bir asma kilit bulunan demir kapılı, pencereleri demir parmaklıklı ve açık, içeriden tavuk seslerinin geldiği anlaşılan yerden yoğun bir şekilde esrar kokusunun alındığı, bunun üzerine söz konusu yer için de usulüne uygun olarak arama ve el koyma kararı alındığı, F. Yaşar'a eve kimin kilit vu"
"77131600","Yargıtay","Ceza Genel Kurulu","2010/261","2011/141","21.06.2011","cgk","ceza_genel","y2010_2019","0.749","0.771","0.56","0.95","maddesinde yer verilmemiş, böylece iddianamede gösterilen suçtan daha az ceza verilmesini gerektiren hallerde bile sanığa veya müdafiine mutlaka ek savunma hakkı tanınması kabul edilmiştir. maddenin; ""İddianamede gösterilen suçun temas ettiği kanun maddelerinde belirtilen cezadan daha az bir ceza verilmesini gerektiren hallerde sanık, meşruhatlı davetiye tebliğine rağmen duruşmaya gelmez veya davetiye tebliğ edilemez ise bu maddenin birinci fıkrası hükmü uygulanmaz"" şeklindek"
"77321600","Yargıtay","Ceza Genel Kurulu","2013/99","2013/253","21.05.2013","cgk","aile","y2010_2019","0.749","0.545","0.69","0.95","(5) Cinsel istismar için başvurulan cebir ve şiddetin kasten yaralama suçunun ağır neticelerine neden olması h&acirc;linde, ayrıca kasten yaralama suçuna ilişkin hükümler uygulanır. CEZA GENEL KURULU KARARI
Sanığın, çocuğun cinsel istismarı suçundan cezalandırılmasına karar verilen ve suçun sübutunda uyuşmazlık ve bu kabulde dosya içeriği itibarıyla da herhangi bir hukuka aykırılık bulunmayan olayda, Özel Daire ile yerel mahkeme arasında oluşan ve Ceza Genel Kurulunca çözümle"
"77250600","Yargıtay","Hukuk Genel Kurulu","2011/523","2011/567","28.09.2011","hgk","icra_iflas","y2010_2019","0.748","0.829","0.523","0.95","(Değişik fıkra: 09/11/1988-3494/8 md.) Borçlu yahut borçlu ile birlikte malı elinde bulunduran şahıslar, taşınır mal üzerinde üçüncü bir şahsın mülkiyet veya rehin hakkı gibi sınırlı bir ayni hakkının bulunması veya taşınır malın üçüncü şahıs tarafından haczedilmiş olması halinde bu hususu haciz yapan memura beyan etmek ve beyanının haciz tutanağına geçirilmesini talep etmek, haczi yapan memur da borçluyu yahut borçlu ile birlikte malı elinde bulunduran şahısları bu beyana da"
"77247100","Yargıtay","Hukuk Genel Kurulu","2011/471","2011/561","28.09.2011","hgk","usul_hukuk","y2010_2019","0.748","0.48","0.727","0.95","Hemen belirtmelidir ki, davacı sıfatı, kural olarak dava konusu hakkın sahibine aittir. HUKUK GENEL KURULU KARARI
 
Hukuk Genel Kurulunca incelenerek direnme kararının süresinde temyiz edildiği anlaşıldıktan ve dosyadaki kağıtlar okunduktan sonra gereği görüşüldü:
Dava, nüfus kayıtlarında tescilli anne adının silinmesi ile gerçek anne adının nüfus kayıtlarına tescili istemine ilişkindir."
"77399200","Yargıtay","Hukuk Genel Kurulu","2012/1702","2013/818","12.06.2013","hgk","usul_hukuk","y2010_2019","0.748","0.39","0.778","0.95","Tarafların karşılıklı iddia ve savunmalarına, dosyadaki tutanak ve kanıtlara, bozma kararında açıklanan gerektirici nedenlere ve özellikle, evvelce tek köy halinde iken daha sonra ayrılmış olmaları nedeniyle, kadim yayladan yararlanma hakkı, eskiden ne şekilde ise öylece devam etmesi ve çekişmeli yaylanın aidiyet durumunun belirlenmesinin gerekmesine göre, Hukuk Genel Kurulu'nca da benimsenen Özel Daire bozma kararına uyulmak gerekirken, önceki kararda direnilmesi usul ve yas"
"76677700","Yargıtay","Hukuk Genel Kurulu","2010/31","2010/24","27.01.2010","hgk","ticaret","y2010_2019","0.748","0.789","0.548","0.95","maddesi şahsi hak içeren sözleşmelerde de istisnasız uygulanır. Bilindiği gibi bir dava açıldıktan sonra ve davanın devamı sırasında sınırlayıcı bir neden bulunmadığı takdirde, dava konusu olan mal veya hakkın (müddeabihin) üçüncü kişiye devredilmesi, temlik edilmesi caizdir ve tasarruf serbestisi kuralının bir gereği, hak sahibi veya malik olmanın doğal bir sonucudur."
"76752900","Yargıtay","Hukuk Genel Kurulu","2010/188","2010/168","24.03.2010","hgk","borclar","y2010_2019","0.748","0.763","0.563","0.95","maddesinde anlamını bulan ""münasebetsiz"" evrak niteliğinde bulunduğu kabul edilmiş; nezaket ve saygı kuralları içerisinde kalınarak icapsız sözlere yer verilmeden ve hukuk kuralları dışına çıkılmadan sadece hukuki nedenlerin açıklanıp belirtilmek suretiyle yeniden düzenlenmesi halinde inceleneceği sonucuna varılmıştır. Hukuk Genel Kurulundaki müzakere sırasında işin esasına girilmeden, öncelikle davacının karar düzeltme dilekçesinde yer verdiği ibarelerin, adli yazışmalarda v"
"465099900","Yargıtay","Ceza Genel Kurulu","2012/1397","2013/265","28.05.2013","cgk","aile","y2010_2019","0.748","0.802","0.541","0.95","maddesinde ancak aile arasındaki bağların devamının temini bakımından bir düzenleme getirildiği ve bu hususun ceza kanunu yönünden cezayı artırıcı bir sebep olamayacağı"" kabul edilmiştir. Kanun koyucu tarafından TCK'nda yer alan suçlar açısından bu kavramların ilgili kanunlardaki tanımlamalar dışında anlaşılması ve sonuç doğurmasının istenmesi halinde istisnai düzenleme getirilmesi mümkün iken, bunun tercih edilmediği göz önüne alındığında, TCK'nda yer alan bu kavramların, ak"
"84717400","Yargıtay","Hukuk Genel Kurulu","2012/798","2013/568","24.04.2013","hgk","ticaret","y2010_2019","0.747","0.794","0.541","0.95","Eldeki davada iki gerçek kişi ve bir tüzel kişinin bir araya geldiği gözetilerek, adi şirketin varlığı için aranan kişi unsurunun, uyuşmazlık konusu olayda bulunduğu kabul edilmelidir 
Sözleşme Unsuru: Borçlar Kanunu'nun ilgili maddesinde adi ortaklık tanımlanırken, ""şirket bir akittir ki..."" denilmektedir. arasında düzenlenen taşınmaz mal satış sözleşmesine davalı-arsa maliklerinin taraf olmadıklarından, husumet nedeniyle davanın reddine karar verilmiş, hükmün davacılar tara"
"76493400","Yargıtay","Hukuk Genel Kurulu","2013/658","2013/1399","25.09.2013","hgk","miras","y2010_2019","0.747","0.365","0.79","0.95","Tarafların karşılıklı iddia ve savunmalarına, dosyadaki tutanak ve kanıtlara, bozma kararında açıklanan gerektirici nedenlere ve özellikle bozmada belirtilen ve muristen gelip gelmediği araştırılmayan taşınmazlar hakkında yazılı şekilde karar verilmesinde isabet bulunmamasına göre, Hukuk Genel Kurulu'nca da benimsenen Özel Daire bozma kararına uyulmak gerekirken, önceki kararda direnilmesi usul ve yasaya aykırıdır. Davalılar vekili cevap dilekçesinde özetle, taşınmazların bed"
"17085700","Yargıtay","Ceza Genel Kurulu","2010/246","2010/266","21.12.2010","cgk","usul_hukuk","y2010_2019","0.747","0.761","0.56","0.95","maddesi ile cezasının takdiren 1/2 oranında artırılması ile hükümlünün sonuç olarak 4 yıl 9 ay ağır hapis ve 7.261.050.000 TL ağır para cezası ile cezalandırılmasına karar verildiği, cezanın infazı sırasında yürürlüğe giren 5237 sayılı TCK'nın lehe hükümlerinin uygulanması talebi üzerine, mahkemece bozma üzerine duruşma açılarak, hükümlünün olayda uygulama yeri olmayan 5237 sayılı TCK'nın 158/1-f-son ve 43. maddelerinin karşılaştırılmasında 5237 sayılı TCK'nın uygulanması sur"
"466307400","Yargıtay","Ceza Genel Kurulu","2012/338","2012/1785","25.09.2012","cgk","icra_iflas","y2010_2019","0.747","0.732","0.579","0.95","maddesinin birinci fıkrası ile yapılan düzenlemenin, anılan Yasada geçen tüm suçları mı, yoksa sadece karşılıksız yararlanma suçuna dönüştürülen suçları mı kapsadığı,
 2- Dosyanın esasına girilerek inceleme yapılmasının mı, yoksa esasa girilmeden mahalline gönderilmesinin mi gerektiği,
 3- Dosyanın esasına girilmeden gönderilmesine karar verilmesinin kabul edilmesi halinde ise bunun gönderme kararı ile mi yoksa bozma kararı ile mi yapılması gerektiği hususları değerlendirilme"
"77319400","Yargıtay","Hukuk Genel Kurulu","2011/673","2011/811","16.12.2011","hgk","usul_hukuk","y2010_2019","0.746","0.226","0.868","0.95","HUKUK GENEL KURULU KARARI 
 
Hukuk Genel Kurulunca incelenerek, 4.Hukuk Dairesinin ilk derece mahkemesi sıfatıyla verdiği karara karşı davacı tarafın temyiz isteminin süresinde olduğunun anlaşılmasından ve dosyadaki tüm kağıtların okunmasından sonra gereği düşünüldü: 
Dava, mülga 1086 sayılı Hukuk Usulü Muhakemeleri Kanunu'nun 573. maddesi kapsamında sorumlulukları doğduğunu ileri sürerek; müvekkilinin özgürlüğünden yoksun kalmasına ve manevi eziyet çekmesine neden olan daval"
"77318400","Yargıtay","Hukuk Genel Kurulu","2011/670","2011/808","16.12.2011","hgk","usul_hukuk","y2010_2019","0.746","0.226","0.868","0.95","HUKUK GENEL KURULU KARARI 
 
Hukuk Genel Kurulunca incelenerek, 4.Hukuk Dairesinin ilk derece mahkemesi sıfatıyla verdiği karara karşı davacı tarafın temyiz isteminin süresinde olduğunun anlaşılmasından ve dosyadaki tüm kağıtların okunmasından sonra gereği düşünüldü: 
Dava, mülga 1086 sayılı Hukuk Usulü Muhakemeleri Kanunu'nun 573. tarafından soyut-klişe ifadelerle gerekçelendirilmek suretiyle verildiğini ve ayrıca bu aşamada dosya üzerinde kısıtlama kararı bulunması sebebiyl"
"77238300","Yargıtay","Hukuk Genel Kurulu","2012/574","2013/146","23.01.2013","hgk","usul_hukuk","y2010_2019","0.746","0.471","0.727","0.95","Yerel mahkemece istemin bir bölümü kabul edilmiş; karar, taraflarca temyiz olunmuştur. HUKUK GENEL KURULU KARARI 
 
Hukuk Genel Kurulunca incelenerek direnme kararının süresinde temyiz edildiği anlaşıldıktan ve dosyadaki k&acirc;ğıtlar okunduktan sonra gereği görüşüldü:
Dava; davalıların haksız işgali sırasında, davacı taşınmazına verilen zarar ile bu işgalin önlenmesi amacıyla açılan davalar nedeniyle uğranılan maddi ve manevi zararın tazmini istemine ilişkindir."
"52039700","Yargıtay","Hukuk Genel Kurulu","2012/705","2013/154","30.01.2013","hgk","icra_iflas","y2010_2019","0.746","0.777","0.548","0.95","İcra Müdürlüğü'nün 2000/1821 E sayılı dosyasının da mevcut olduğunu, davacının aynı alacak için mükerrer takipler yaptığını, tahsilde tekerrüre sebebiyet vermemek ibaresinin afaki bir ibare olduğunu, bu ifadeye ilişkin yasalarda bir düzenleme bulunmadığını, derdestlik nedeni ile davanın reddi gerektiğini, Müvekkili şirket tarafından Antalya 2. İcra Müdürlüğü'nün 2000/1821 E sayılı dosyasına 71.000,00 TL ödeme yaptığını, buna rağmen davacının takip dosyalarında bu miktarı düşm"
"76756900","Yargıtay","Hukuk Genel Kurulu","2010/154","2010/177","24.03.2010","hgk","usul_hukuk","y2010_2019","0.746","0.759","0.56","0.95","İki tarafça muayyen deliller ile ispatı tahriren kabul edilmiş olan veya muhakeme esnasında olveçhile beyinlerinde karar verildiği ikrar olunan maddeler hakkında başka delil kabul olunmaz.""
Hükmünü amirdir. Yeri gelmişken, uyuşmazlığın çözümüne esas olmak üzere ispat hukuku yönünden geçerli kurallar, somut olayda bu kuralların hangilerinin geçerli olacağı ve tarafların anne ve kızı olmalarının bu kurallara etkisi irdelenmelidir; 
1086 sayılı Hukuk Usulü Muhakemeleri Kanunu'nu"
"77617200","Yargıtay","Hukuk Genel Kurulu","2013/24","2013/1591","27.11.2013","hgk","ticaret","y2010_2019","0.746","0.469","0.727","0.95","O halde, bozma kararında ve yukarıda açıklanan gerektirici nedenlere göre, Hukuk Genel Kurulu'nca da benimsenen Özel Daire bozma kararına uyulmak gerekirken, önceki kararda direnilmesi usul ve yasaya aykırıdır. Bir konutun ortağa tahsis edildiğinden söz edilebilmesi için ya kur'a sonucu konutun tahsis edilmiş olması veya konutların genel kurulca belirlenecek esaslar dahilinde ortaklara dağıtılmış olması ve genel kurulun bu dağıtımı açık veya zımni olarak onaylaması gerekir."
"77083300","Yargıtay","Hukuk Genel Kurulu","2011/409","2011/435","22.06.2011","hgk","usul_hukuk","y2010_2019","0.746","0.363","0.79","0.95","Eş söyleyişle, hukuk h&acirc;kiminin kural olarak ceza mahkemesinin beraat kararı ile bağlı olmadığı ancak aynı olay nedeniyle ceza yargılamasında hükme dayanak alınan maddi olgular ile bağlı olduğu yargısal uygulamada yerleşik biçimde kabul edilmiştir. Öncelikle konuya ilişkin kavram ve kurumların irdelenmesinde yarar vardır: 
Ceza mahkemesi kararlarının hukuk davasına etkisi, eş deyişle, ceza mahkemesinin hangi kararlarının hukuk mahkemelerini bağlayacağı, hukukumuzda Borçl"
"76898200","Yargıtay","Hukuk Genel Kurulu","2010/466","2010/410","22.09.2010","hgk","icra_iflas","y2010_2019","0.746","0.535","0.69","0.95","Hal böyle olunca; Yerel Mahkemece, Hukuk Genel Kurulu'nca da benimsenen ve aynı yöne işaret eden Özel Daire bozma ilamına uyularak, davalının yasal oranda faiz isteyebileceği göz önünde bulundurulmak suretiyle bilirkişi incelemesi yaptırılması ve sonucuna göre karar verilmesi gerekirken, 6183 sayılı Yasa gereğince değişen oranlarda gecikme faizi yürütülmesine dair önceki kararda direnilmesi usul ve yasaya aykırıdır. Bu noktada, genel işlem şartlarının açık ve anlaşılır olmama"
"87782600","Yargıtay","Ceza Genel Kurulu","2012/1369","2013/29","29.01.2013","cgk","ceza_genel","y2010_2019","0.746","0.792","0.541","0.95","fıkrasında da; ""Suçun işlendiği zaman yürürlükte bulunan kanun ile sonradan yürürlüğe giren kanunların hükümleri farklı ise, failin lehine olan kanun uygulanır ve infaz olunur"" hükmü yer almakta olup, bu maddenin gerekçesinde; ""Madde, kanunun zaman bakımından uygulanmasına ilişkindir. M..nün 27.09.2007 tarihli Kaçak Eşyaya Mahsus Tespit Varakasına göre, suç konusu eşyaların toplam CIF değerinin 762,45 Lira, gümrüklenmiş değerinin ise 5.320 Lira olduğunun belirlendiği, 
Sanığı"
"77472200","Yargıtay","Hukuk Genel Kurulu","2013/1350","2013/1740","25.12.2013","hgk","miras","y2010_2019","0.745","0.754","0.56","0.95","Söz konusu belge içeriğine göre; davacının hizmet tespiti talebinde bulunduğu 01.01.1999 tarihinden 12.08.2010 dava tarihine kadar olan dönemde prim borcu nedeniyle durdurulan 01.01.1998-01.05.2008 tarihleri arasındaki 3629 günlük süreyi (19) kodu ile borçlandığı ve Kurum tarafından kabul edilmiş olması nedeniyle davacının talebinin yargılama sırasında karşılandığı anlaşıldığından dava konusuz kalmıştır. Bu taleplerden yalnız birinin ya da bir kaçının veya asıl talebin bir bö"
"76969200","Yargıtay","Hukuk Genel Kurulu","2010/375","2010/515","20.10.2010","hgk","icra_iflas","y2010_2019","0.745","0.838","0.51","0.95","Kredi kartı hamili, yapacağı başvuruda, hesap özetinin hangi unsurlarına itiraz ettiğini gerekçesiyle belirtmek zorundadır. Hesap özetinin kesinleşmesi genel hükümlere göre dava hakkını ortadan kaldırmaz."" Hükümleri yer almakta; sonuçta hesap özetinin borçluya tebliği husus ve süresi içinde itiraz olunmaması halinde kesinleşeceği açıklıkla düzenlenmekte ve yine çok açık biçimde hesap özetinin kesinleşmesinin genel hükümlere göre dava hakkını ortadan kaldırmayacağı belirtilmek"
"77339800","Yargıtay","Ceza Genel Kurulu","2012/956","2012/1781","25.09.2012","cgk","icra_iflas","y2010_2019","0.745","0.631","0.63","0.95","CEZA GENEL KURULU KARARI
Sanığın yargı görevi yapanları etkileme suçundan cezalandırılmasına karar verilen somut olayda, Yargıtay Ceza Genel Kurulunca çözümlenmesi gereken uyuşmazlık, sanığın eylemlerinin yargı görevi yapanları etkileme suçunu oluşturup oluşturmadığının belirlenmesine ilişkin ise de;
Yargıtay İç Yönetmeliğinin 27. maddesinin birinci fıkrası ile yapılan düzenlemenin, yargı görevi yapanları etkileme suçunu da kapsayıp kapsamadığı,

 2) Anılan düzenlemenin yargı"
"76951100","Yargıtay","Ceza Genel Kurulu","2010/191","2010/227","23.11.2010","cgk","usul_hukuk","y2010_2019","0.745","0.807","0.529","0.95","maddelerine uygun olarak yeni hüküm vermemiş olması ile aleyhe bozma üzerine yapılan yargılamada sanıkların çağrılıp bozmaya karşı diyeceklerinin sorulmaması suretiyle, savunma hakkının kısıtlanması sonucunu doğuracak şekilde 1412 sayılı CYUY'nın, 326 ve 5271 sayılı CYY'nın 307. Savunma hakkının sınırlandırılamayacağı ilkesine dayanan bu zorunlu&not;luk uyarınca, sanığa, bozmada belirtilen ve aleyhinde sonuç doğuracak olan hususlarda beyanda bulunma, kendisini savunma ve bu k"
"16895100","Yargıtay","Hukuk Genel Kurulu","2010/349","2010/318","19.06.2010","hgk","miras","y2010_2019","0.744","0.848","0.504","0.95","Tazminat talebine dayanak taşınmazın evveliyat kaydı 21.07.1959 gün ve 107 sıra 4268 yevmiye ile 33 umum kapı 2014 eski kapı no ile Tarla (içinde soğuk su çıkar) vasfı ile tamamı 16 hisse itibariyle iki hissesi H…



… kızı E…



… Ü…



…, yedişerden ondört hissesi S…



… evlatları S…



… ve S…



… Ş…



… adlarına senetsizden Bursa Asliye Birinci Hukuk Mahkemesinin 6.4.1959 gün 1958/1372 esas 1959/441 karar sayılı tescil kararına dayanılarak tapuya tescil edilmiştir. U.."
"77310600","Yargıtay","Hukuk Genel Kurulu","2011/539","2011/783","14.12.2011","hgk","ticaret","y2010_2019","0.744","0.707","0.585","0.95","Müspet zarar yönünden ise, bu zararın %25 oranında olduğu benimsenmek suretiyle verilen karar, davalı vekilinin temyiz istemi üzerine Özel Dairece; kar oranının tespitine yönelik olarak aralarında nakliye işlerinde uzman bir bilirkişinin de olduğu heyetten, dava konusu taşımanın yapılmaması nedeniyle davacının talep edebileceği, müspet zarar miktarı hususunda rapor alınması yönünde bozulmuştur. Bilindiği üzere; direnme kararının varlığından söz edilebilmesi için, mahkeme bozm"
"76981600","Yargıtay","Hukuk Genel Kurulu","2010/502","2010/536","20.10.2010","hgk","icra_iflas","y2010_2019","0.744","0.715","0.579","0.95","faiz alacağını, bu faiz alacağının da 20 Milyar TL.sini satış parasına ek olarak müvekkiline vereceğini söylediğini, davalı ve arkadaşlarının müvekkilini uzun süre bugün yarın şeklinde oyaladıklarını ancak davalının taşınmazların bedelini ödemediği gibi taşınmazları da iade etmediğini belirterek, hile hukuksal nedeniyle 7221 Ada 1 parsel, C-3 BL. Davalı, davanın zamanaşımı bakımından reddi gerektiğini, Borçlar Kanunu'nda hata yahut hilenin öğrenildiği tarihten itibaren 1 yıll"
"76896500","Yargıtay","Hukuk Genel Kurulu","2010/372","2010/408","22.09.2010","hgk","is_sgk","y2010_2019","0.744","0.682","0.598","0.95","Hal böyle olunca; dosyanın, yeni hükme yönelik temyiz itirazlarının incelenmesi için Özel Daireye gönderilmesi gerekir. İlkin belirtilmelidir ki, direnme kararının varlığından söz edilebilmesi için; yeni bir araştırmaya girişilmeksizin, yeni bir belgeye dayanmaksızın karar verilmiş olması, kararın bozulan ilk kararda da yer verilmiş olan hususları içermesi ve gerekçenin ancak yine ilk kararda yer alan ana çerçeveden çıkmadan, değiştirilmeden yasal sınırlarda genişletilmiş olm"
"76754400","Yargıtay","Hukuk Genel Kurulu","2010/169","2010/171","24.03.2010","hgk","is_sgk","y2010_2019","0.744","0.75","0.56","0.95","Bu nedenle; dosyanın, temyiz incelemesi yapılmak üzere, görevli bulunan 9.Hukuk Dairesine gönderilmesi gerekir. Yerel Mahkemece, ilk hükümde yer almayan ve yapılan bu araştırmaya dayanarak oluşturulan ""854 Sayılı Deniz İş Kanunu'nun 46/2.maddesine göre bağlama limanının bulunduğu yer mahkemesinin davaya bakmaya yetkili olduğu, geminin bağlı olduğu İstanbul Liman Başkanlığı'nın Beyoğlu'nda bulunduğu"" şeklindeki yeni gerekçe ile yetki itirazı reddedilmiş; davanın kabulüne karar"
"17001200","Yargıtay","Hukuk Genel Kurulu","2010/320","2010/349","30.06.2010","hgk","miras","y2010_2019","0.744","0.784","0.541","0.95","Kiralanan arsa niteliğinde olup kira süresi de belli olmadığından uyuşmazlığın Borçlar Kanunu'nun 262.maddesine göre çözümlenmesi gerekir. Davacı altı aylık dönem sonu olan 1.11.2007 tarihini göstererek fesih iradesini 26.4.2007 tarihinde altı ay önceden davalı kiracıya bildirmiştir.Yani davacı feshi ihbarında yasada belirtilen süreden daha fazla olmak üzere akdin fesh edileceği tarihi göstermiş olup yapılan bu ihbarın süresinde kabul edilmemesi düşünülemez."
"76862600","Yargıtay","Ceza Genel Kurulu","2010/115","2010/158","29.06.2010","cgk","ceza_ozel","y2010_2019","0.744","0.835","0.51","0.95","Bana bir saat ver ben seni istediğin yerden alayım, malzemeleri geri ver, senin kılına bile zarar gelmesin"" dediğini, ""ne malzemeleri"" diye sorunca, çalıntı malzemelerin hepsi dediğini, kendisini hırsızlık ile suçladığını söyleyerek araçtan inmek istediğini belirtince, şahsın sert bir tavırla ""ben izin vermeden arabadan inemezsin"" dediğini, bir süre daha kaldıktan sonra araçtan indiğini, 23.11.2004 günü saat 19.30 sıralarında eniştesi A..İ.. i..Y..'nın birlikte beklediklerini"
"77053900","Yargıtay","Ceza Genel Kurulu","2010/245","2011/72","26.04.2011","cgk","usul_hukuk","y2010_2019","0.744","0.747","0.56","0.95","fıkrası uyarınca; lehe olan hüküm, ""önceki ve sonraki kanunların ilgili bütün hükümleri olaya uygu&not;lanarak, ortaya çıkan sonuçların birbirleriyle karşılaştırılması suretiyle belirlenir""
Sanığın eyleminin Özel Dairece ölümle biten kavgaya katılma suçunu oluşturduğu 05.11.2002 günlü bozma ilamında kabul edilmiş olup, 765 sayılı Türk Ceza Yasasının 464/1. Yargıtay Ceza Genel Kurulunun 10.03.2009 gün ve 25-58 ile 29.04.2008 gün ve 79-90 sayılı kararlarında da vurgulandığı üze"
"77469700","Yargıtay","Hukuk Genel Kurulu","2012/1406","2013/748","22.05.2013","hgk","usul_hukuk","y2010_2019","0.743","0.582","0.653","0.95","Mülga 818 sayılı Borçlar Kanunu'na göre haksız fiil sorumluluğu, kural olarak failin (zarar verenin) kusurlu olmasına bağlıdır. tarafından kendisine ait taşınmazı satın alması için yetki verdiği vekilinin, vekalet görevini kötüye kullandığı ileri sürülmüşse de, bu durum tarafların iç ilişkilerini ilgilendirmekte olup, davalının davacılara ait taşınmazı iade etmeyerek, aynı gün içinde üçüncü kişiye satması da kötü niyetli olduğunu göstermektedir."
"77206400","Yargıtay","Ceza Genel Kurulu","2011/203","2011/238","22.11.2011","cgk","aile","y2010_2019","0.743","0.521","0.69","0.95","maddesi uyarınca cezasının mükerrirlere özgü infaz rejimine göre çektirilemeyeceğinin kabul edilmiş olması nedeniyle bu uyuşmazlık konusunun değerlendirilmesine gerek görülmemiştir. Sanığın kamu görevlisine görevinden dolayı hakaret suçundan cezalandırılmasına karar verilen ve suçun sübutuna ilişkin herhangi bir uyuşmazlık bulunmayan olayda, Özel Daire ile Yargıtay Cumhuriyet Başsavcılığı arasında oluşan ve Ceza Genel Kurulunca çözümlenmesi gereken uyuşmazlıklar;
1- 14.02.200"
"77523900","Yargıtay","Ceza Genel Kurulu","2012/1415","2013/462","19.11.2013","cgk","ceza_genel","y2010_2019","0.743","0.833","0.51","0.95","(2) Haklı bir neden olmaksızın, sahipli hayvanı öldüren, işe yaramayacak h&acirc;le getiren veya değerinin azalmasına neden olan kişi hakkında yukarıdaki fıkra hükmü uygulanır"" şeklinde mala zarar verme suçunun basit şekli düzenlenmiş, 152. mevkiinde bulunmadıklarını, zaten sıcaktan dolayı gündüz saatlerinde hayvan otlatılamayacağını belirtmiş, 
Mahkemedeki beyanında ise; atılı suçlamayı kabul etmediğini, olay günü hayvanları otlatıp saat 19.00 sıralarında eve döndüğünü, yold"
"465123000","Yargıtay","Ceza Genel Kurulu","2012/1449","2013/534","26.11.2013","cgk","ceza_usul","y2010_2019","0.743","0.796","0.529","0.95","maddesinin ikinci fıkrasında; “...Cürüm ile mahkum olan kimse hüküm tarihinden itibaren beş sene içinde işlediği diğer bir cürümden dolayı evvelce verilen ceza cinsinden bir cezaya yahut hapis veya ağır hapis cezasına mahkum olmazsa, cezası tecil edilmiş olan mahkumiyeti esasen vaki olmamış sayılır. maddesinin yedinci fıkrasında ise; “Hükümlünün denetim süresi içinde kasıtlı bir suç işlemesi veya kendisine yüklenen yükümlülüklere, hâkimin uyarısına rağmen, uymamakta ısrar etm"
"77241900","Yargıtay","Hukuk Genel Kurulu","2011/447","2011/556","28.09.2011","hgk","aile","y2010_2019","0.742","0.483","0.709","0.95","HUKUK GENEL KURULU KARARI

 Hukuk Genel Kurulu'nca incelenerek direnme kararının süresinde temyiz edildiği anlaşıldıktan ve dosyadaki kağıtlar okunduktan sonra gereği görüşüldü:
 Davacı vekili, tarafların ortak çalışmaları sonucu alınan ancak davalı üzerine kayıtlı bulunan taşınmazın davalı tarafından satılma veya başkasına devredilme ihtimaline binaen tapu kaydı üzerine aile konutu şerhi konulmasını talep ve dava etmiştir. Davalı vekili, dava konusu taşınmazın aile konutu ol"
"457380400","Yargıtay","Hukuk Genel Kurulu","2011/13","2011/191","15.04.2011","hgk","miras","y2010_2019","0.742","0.483","0.709","0.95","Şu hale göre, sigortacının sorumluluğundan bahsedebilmek için, zorunlu trafik sigortası yapılan aracın üçüncü kişilerin zararına neden olacak bir kazaya karışması ve bu kazada sigortalı araç işleteninin sorumluluğunun bulunması gerekir. HUKUK GENEL KURULU KARARI

Hukuk Genel Kurulunca incelenerek direnme kararının süresinde temyiz edildiği anlaşıldıktan ve dosyadaki kağıtlar okunduktan sonra gereği görüşüldü:
Dava, davacının işleteni olduğu iki tramvayın birbirleriyle çarpışm"
"77581600","Yargıtay","Hukuk Genel Kurulu","2013/238","2013/1564","13.11.2013","hgk","is_sgk","y2010_2019","0.742","0.762","0.548","0.95","Davacı vekili, müvekkilinin davalı kooperatif bünyesinde Ocak-1986 tarihinden itibaren aralıksız olarak işçi sıfatı ile çalışmakta iken Nisan-1999 tarihinde göreve gelen yeni yönetim tarafından haksız ve İş Kanunu hükümlerine aykırı olarak 28.11.2000 tarihinden itibaren işten çıkartıldığını, müvekkilinin 14 sene 11 ay süre ile bu işte çalışmış olduğunu, en son aldığı aylık maaş bürütünün 578.000.000 TL olduğunu, belirterek kıdem ve ihbar tazminatı davalıdan tahsilini talep ve"
"77162700","Yargıtay","Hukuk Genel Kurulu","2010/658","2010/665","15.12.2010","hgk","icra_iflas","y2010_2019","0.742","0.74","0.56","0.95","Kural olarak, kiralayan olabilmek için kiralananın maliki olmak gerekmemektedir. Davalı borçlunun, borcunu ödediğini 2004 sayılı İcra İflas Kanunu'nun 269/c maddesinde sayılan belgelerden birisi ile kanıtlaması gerekir."
"76896800","Yargıtay","Hukuk Genel Kurulu","2010/378","2010/415","22.09.2010","hgk","is_sgk","y2010_2019","0.742","0.759","0.548","0.95","Somut olayın incelenmesinde, yerel mahkemece Özel Dairenin 05.03.2009 günlü ilk bozma ilamına uyulmasına karar verilerek, davacının toplu iş sözleşmesi zamlarının uygulanmamasından kaynaklanan alacağı bulunup bulunmadığı yönünde bilirkişi raporu alınmak suretiyle inceleme yapılarak hüküm kurulduğu anlaşılmıştır. Yerel mahkemece alınan 30.06.2009 günlü ilk bilirkişi raporunda; toplu iş sözleşmesi ile getirilen zamların davacıya aynen uygulandığı, davacının toplu iş sözleşmesi "
"77705900","Yargıtay","Hukuk Genel Kurulu","2013/577","2013/1358","18.09.2013","hgk","idare","y2010_2019","0.742","0.706","0.579","0.95","Bu durumda, Yargıtay özel dairesinin 30.06.2008 tarihli bozma ilamında belirtildiği üzere, davacının dava konusu taşınmazdaki payına karşılık, yapılan imar uygulaması sonucu başka taşınmazlardan pay verildiği, imar uygulamasının kesinleşerek davacı adına tapu kayıtlarının oluştuğu gözetilerek davanın reddine karar verilmesini işaret eden bozma ilamına uyulması gerekirken direnilmesi usul ve kanuna uygun düşmemiştir. Bu bağlamda, imar uygulaması neticesinde davacıya verilen pa"
"16896300","Yargıtay","Hukuk Genel Kurulu","2010/1","2010/32","27.01.2010","hgk","miras","y2010_2019","0.742","0.547","0.673","0.95","SONUÇ: Davalının temyiz itirazlarının kabulü ile direnme kararının Özel Daire bozma kararında gösterilen nedenlerden dolayı HUMK.’un 429.maddesi gereğince BOZULMASINA, istek halinde temyiz peşin harcının geri verilmesine 27.01.2010 gününde, oyçokluğu ile karar verildi."
"45606400","Yargıtay","Ceza Genel Kurulu","2012/1531","2013/254","21.05.2013","cgk","ticaret","y2010_2019","0.742","0.828","0.51","0.95","Asayiş Büro Amirliği görevlileri olarak polis merkezine gidilerek şahıslarla yapmış olduğumuz karşılıklı görüşmede, ifadelerinin samimi olmadığı, yine Ahmet'in daha önceden uyuşturucu suçundan yakalandığı, kendisine ait iki adet cep telefonunun yakalandığında üzerinde olduğu, cep telefonları tarafımızdan incelendiğinde, hafızada kayıtlı bazı şahısların mesaj atarak uyuşturucu istedikleri görülmüş, Hasanpaşa Polis Merkezi'nde bulunduğumuz esnada şüpheli Ahmet'e ait 0 531 &hell"
"77280500","Yargıtay","Ceza Genel Kurulu","2011/183","2011/304","27.12.2011","cgk","ceza_usul","y2010_2019","0.742","0.774","0.54","0.95","Buna karşın, 03.04.1989 gün ve 73-129 sayılı kararında ise, deneme süresi içinde işlenen suçtan dolayı kurulan mahkumiyet kararı ile birlikte koşulları oluştuğu takdirde tecilin düşmesine de karar verilmesi gerektiği kabul edilmiş, deneme süresi içinde işlenen suçtan dolayı kurulan mahkumiyet kararı ile birlikte aynen infaza karar verildiği takdirde her iki hükmün de temyiz yasa yoluna tabi olacağı ve bu suretle de uygulamada birliğin sağlanacağı ve yanılgıların önleneceği be"
"77321500","Yargıtay","Hukuk Genel Kurulu","2011/678","2011/816","16.12.2011","hgk","usul_hukuk","y2010_2019","0.741","0.205","0.868","0.95","HUKUK GENEL KURULU KARARI 
 
Hukuk Genel Kurulunca incelenerek, 4.Hukuk Dairesinin ilk derece mahkemesi sıfatıyla verdiği karara karşı davacı tarafın temyiz isteminin süresinde olduğunun anlaşılmasından ve dosyadaki tüm kağıtların okunmasından sonra gereği düşünüldü: 
Dava, mülga 1086 sayılı Hukuk Usulü Muhakemeleri Kanunu'nun 573. hakkında Bakanlığa intikal eden şikayetler ile akıbetlerinin bildirilmesinin istenilmesini, Hakimler ve Savcılar Yüksek Kurulu Başkanlığı'na müzek"
"17160700","Yargıtay","Hukuk Genel Kurulu","2011/606","2011/717","30.11.2011","hgk","usul_hukuk","y2010_2019","0.741","0.789","0.529","0.95","Kişinin onuru, saygınlığı gibi kişilik haklarını oluşturan değerlere saldırı halinde manevi bir zarar yani kişilik hak ve değerlerinde irade dışında gerçekleşen bir eksilmenin oluştuğunun kabulü gerekir. Manevi tazminat için üzüntü/elemin yoğunluk arz etmesi gerekir."
"457379300","Yargıtay","Hukuk Genel Kurulu","2011/367","2011/439","22.06.2011","hgk","icra_iflas","y2010_2019","0.741","0.79","0.529","0.95","maddesi gereğince paranın icra dosyasına iade edilmesi konusunda icra dairesince gönderilen muhtıradaki son gün itibariyle paranın iade edilmesi gerektiği, bu tarihten sonra iade edilmesi durumunda, geç kalınan dönem için zararın oluştuğunun kabulü gerekir. Ancak, alacaklının icra prosedürü içinde aldığı parayı, icra dosyasına yatırmakla yükümlü olduğu tarihten sonra iade etmesi halinde, geç kaldığı dönem itibariyle kusurlu olduğu ve bu döneme ait zararın alacaklıdan istenebi"
"77412900","Yargıtay","Hukuk Genel Kurulu","2012/1839","2013/843","14.06.2013","hgk","ticaret","y2010_2019","0.741","0.736","0.56","0.95","Bu durumda, keşide tarihi üzerinde yapılan değişikliğin altına atılmış bulunan parafın keşide tarihindeki her iki değişikliği(ay ve yıl) da kapsadığının kabulü gerektiği Kurul çoğunluğunca kabul edilmiştir. Mahkemece, davaya konu çekin yıl hanesindeki rakamın sonradan değiştirildiği, ayrıca aylar hanesindeki rakamın da mekanik olarak silindiği, paraf imzasının sadece yıl hanesindeki değişikliği kapsadığı, oysa ay hanesindeki değişikliğin keşidecisi tarafından onaylanmadığı, b"
"17086300","Yargıtay","Ceza Genel Kurulu","2010/212","2010/263","21.12.2010","cgk","usul_hukuk","y2010_2019","0.741","0.822","0.51","0.95","Davanın açıldığı Kadıköy Birinci Ağır Ceza Mahkemesi, gerekli işlemlerin yapılması İçin naip hakim görevlendirmiş, naip hakim tarafından, davacı vekiline, davacının ikametgah belgesi ile davaya ilişkin delillerini tebliğinden itibaren bir ay içinde bildirmesi, bildirmediği takdirde davanın reddedileceği hususunu içeren açıklamalı tebligat yapılmış, yapılan tebliğe rağmen eksiklikler giderilmediğinden Kadıköy Birinci Ağır Ceza Mahkemesi'nin 22.09.2008 gün, 2008/72235 sayılı ka"
"76361100","Yargıtay","Ceza Genel Kurulu","2012/1365","2013/381","24.09.2013","cgk","ceza_ozel","y2010_2019","0.741","0.734","0.56","0.95","Bu düzenleme ile toplumda yaşayan insanlar üzerinde yoğun bir etkisi bulunan dini inanç ve duyguların istismarının önlenmesi amaçlanmış ve maddenin bu bölümüne ilişkin gerekçesinde de; ""Birinci fıkranın (a) bendinde, dolandırıcılık suçunun din&icirc; inanç ve duyguların istismar edilmesi suretiyle işlenmesi, bu suçun temel şekline göre daha ağır ceza ile cezalandırılmayı gerektiren bir durum olarak kabul edilmiştir. Malvarlığının yanında irade özgürlüğünün de korunduğu doland"
"77383900","Yargıtay","Ceza Genel Kurulu","2012/1060","2012/1820","31.10.2012","cgk","is_sgk","y2010_2019","0.741","0.734","0.56","0.95","Bu bilgi ve belgeler ışığında somut olay değerlendirildiğinde; 
Özel Daire tarafından yerel mahkeme kararının, ""sanıkların hukuki durumlarının belirlenmesi amacıyla, boşanma dosyasının getirtilerek incelenip, içeriği ve boşanma nedeni ile sanıkların boşandıktan sonra aynı evde birlikte yaşamaya devam edip etmediklerinin tespiti gerektiğinden bahisle eksik inceleme ile hüküm kurulduğu"" gerekçesiyle bozulmasına karar verilmiş ise de, aslına uygun onaylı sureti dosya içerisinde "
"435865200","Yargıtay","Büyük Genel Kurulu","2013/19","2014/25","01.12.2014","yibk","usul_hukuk","y2010_2019","0.74","0.69","0.541","1","HÜKÜM: Yukarıda açıklanan nedenlerle;
1.Açılan davanın 2802 sayılı yasaya 6110 sayılı yasa ile eklenen 93/A maddesinde belirtilen kararın kesinleştiği tarihten bir yıl geçtikten sonra açıldığı anlaşıldığından açılan davanın bu nedenle reddine, 
2.6100 sayılı HMK 333 maddesi uyarınca hükmün kesinleşmesinden sonra yatırılan avanstan kullanılmayan kısmın davacıya iadesine,
3.Davanın reddedildiği dikkate alındığında alınması gereken 24,30 TL. maddeleri gereğince reddedilen manevi"
"77582100","Yargıtay","Hukuk Genel Kurulu","2013/394","2013/1565","13.11.2013","hgk","is_sgk","y2010_2019","0.74","0.785","0.529","0.95","Sosyal Güvenlik Hukukunun özelliğinden kaynaklanan ve davanın adı geçen işçiler ile SGK'ya birlikte yöneltilmesini zorunlu kılan bu gereklilik karşısında, SGK ile dava dışı işçiler arasında zorunlu dava arkadaşlığının bulunduğu kabul edilmelidir. ve M.B.'yü de etkileyecek şekilde sonuç doğuracağından, davanın davalı Sosyal Güvenlik Kurumu Başkanlığı ile birlikte, anılan işçilere de yöneltilmesi gerekir."
"77692100","Yargıtay","Hukuk Genel Kurulu","2013/1001","2013/1274","11.09.2013","hgk","idare","y2010_2019","0.74","0.751","0.548","0.95","Davacı vekili, Birecik Barajı ve HES yapımı nedeniyle müvekkilimin maliki bulunduğu taşınmazın yerleşme düzeninin bozulduğunu, sosyal ve ekonomik yönden taşınmazdan fiilen yararlanma ve ulaşım imk&acirc;nlarının kısıtlandığını ileri sürerek taşınmaz bedelin tespiti ve tazminini talep ve dava etmiştir. maddesi ile değişen 04.11.1983 tarihli ve 2942 sayılı Kamulaştırma Kanununun geçici 6 ncı maddesinin görev yönünden eldeki davaya etkisinin ne olacağı hususunun öncelikle görüşü"
"77205200","Yargıtay","Ceza Genel Kurulu","2011/129","2011/236","22.11.2011","cgk","usul_hukuk","y2010_2019","0.74","0.816","0.51","0.95","Sulh Ceza Mahkemesince 19.11.1998 gün ve 81 sayı ile Kocaeli Hadep bürolarında suç delillerinin elde edilebilmesi için gündüzleyin bir defaya mahsus olmak üzere 1412 sayılı CYUY'nın 94 ve devam eden maddeleri uyarınca arama yapılmasına karar verildiği, 
Kocaeli Valiliğince 19.11.1998 gün ve 98/177-4 sayılı yazı ile Ankara 1 numaralı Devlet Güvenlik Mahkemesi ve Kocaeli 1. çaplı, sol ayak tabanı dış kısmında 3x8 cm.lik, sağ ayak dış malleol üzerinde 2 cm.lik koyu mor renkte ek"
"45604400","Yargıtay","Ceza Genel Kurulu","2012/1286","2013/264","28.05.2013","cgk","ceza_genel","y2010_2019","0.74","0.819","0.51","0.95","maddesinde; ""Gerek kendisine ve gerek başkasına ait bir hakka yönelmiş, gerçekleşen, gerçekleşmesi veya tekrarı muhakkak olan haksız bir saldırıyı o anda hal ve koşullara göre saldırı ile orantılı biçimde defetmek zorunluluğu ile işlenen fiillerden dolayı faile ceza verilmez"" şeklinde düzenlenmiştir. Saldırının var olmasını geniş olarak anlamak, başlayacağı muhakkak olan ve başladığı takdirde savunmayı imk&acirc;nsız kılacak veya güç hale getirecek bir saldırıyı başlamış, kez"
"77107900","Yargıtay","Ceza Genel Kurulu","2011/141","2011/184","20.09.2011","cgk","usul_hukuk","y2010_2019","0.74","0.729","0.56","0.95","Bu hükümler uyarınca; fiilin hukuki anlam ve sonuçlarını algılama ve davranışlarını buna göre yönlendirme yeteneğinin bulunması halinde kusur yeteneğinin bulunduğu kabul edilmiştir. Algılama ve irade yeteneği denilen bu iki öğenin bir kişide bir arada bulunmaması veya bu yeteneklerinde azalma meydana gelmesi durumunda kusur yeteneğinin tam olmadığı kabul edilmelidir."
"77573900","Yargıtay","Ceza Genel Kurulu","2013/16","2013/527","26.11.2013","cgk","ceza_usul","y2010_2019","0.74","0.818","0.51","0.95","İncelenen dosya kapsamından; iddianamede olayın ""şüphelinin savunmasının genel hayat tecrübelerine ve hayatın olağan akışına aykırı olduğu ve kendisini suçtan kurtarmaya yönelik olduğu kanaatine varıldığı, şüphelinin 6136 sayılı Kanuna göre yasak niteliği haiz olan tabancayı taşıdığı ve bulundurduğu, söz konusu tabancanın ruhsatının olmadığı, bu suretle üzerine atılı suçu işlediği"" şeklinde anlatıldığı, sevk maddesinin de 6136 sayılı Kanunun 13/1. Buna göre; 
""Sulh Ceza Mahke"
"86480200","Yargıtay","Hukuk Genel Kurulu","2012/760","2013/378","20.03.2013","hgk","icra_iflas","y2010_2019","0.739","0.781","0.529","0.95","masraflar toplamı olarak 29.800 TL'nin belirlendiğini ve 06/04/2010 tarihinde 3.kişiye ait kredi kartından çekilmek suretiyle ödeme yapıldığını, 08.04.2010 tarihli ibraname aldıklarını, ibraname gereğince borçları kalmadığı halde takibin devam ettiğini, ödemenin dosyaya işlenmediğini ileri sürerek, Sakarya 1.İcra Müdürlüğünün 2009/7977 esas sayılı dosyasından dolayı davalıya borçlu olmadıklarının tespitine karar verilmesini talep ve dava etmiştir. Açıklanan maddi olgu, iddia "
"52030800","Yargıtay","Hukuk Genel Kurulu","2012/690","2013/260","20.02.2013","hgk","usul_hukuk","y2010_2019","0.739","0.628","0.616","0.95","Ayrıca mahkemece, ilk kararda davacı tarafından davalıya ödenen vekalet ücretine yönelik talep kabul edilmiş, özel dairece de bu karar yerinde bulunduğundan bu yönde bir bozma yapılmamış, bu suretle bu husus kesinleşmiş olmasına rağmen direnmeye konu 14.09.2010 gün ve 2010/465-322 sayılı karar ve direnme kararında 1.100.TL vekalet ücretine yönelik davanın da kanıtlamadığından reddedilmesi usul ve yasaya aykırıdır. Bu nedenle: belirtilen genişletilmiş gerekçelerle Özel Daire B"
"17155100","Yargıtay","Hukuk Genel Kurulu","2011/757","2011/776","14.12.2011","hgk","is_sgk","y2010_2019","0.739","0.415","0.74","0.95","Sonuç itibariyle, aynı hususlara işaret eden ve Hukuk Genel Kurulu'nca da benimsenen Özel Daire bozma kararına uyularak davanın reddine karar verilmesi gerekirken, önceki kararda direnilmesi usul ve yasaya aykırıdır. Nitekim Hukuk Genel Kurulu'nun 22.12.2004 gün, 2004/9-711-735 ve 22.12.2004 gün 2004/9-712-736 sayılı ilamlarında da aynı ilkeler benimsenmiştir."
"17109700","Yargıtay","Hukuk Genel Kurulu","2011/434","2011/522","13.07.2011","hgk","ticaret","y2010_2019","0.739","0.761","0.541","0.95","İcra mahkemesi kararları kural olarak maktu karar ve ilam harcına tabidirler. Hemen belirtmek gerekir ki, yukarıda açıklanan işlemlerin aynı günde yapılıp bitirilmesi halinde, davanın o gün açılmış sayılacağında herhangi bir duraksama yoktur."
"77078300","Yargıtay","Hukuk Genel Kurulu","2011/308","2011/428","15.06.2011","hgk","aile","y2010_2019","0.739","0.728","0.56","0.95","Ceza Genel Kurulu'nca da CUMK.nın benzer hükümleri taşıyan 261 ve 268 maddelerinin uygulanmasında, bozulan kararın geçerliliğini ve yerine getirilme yeteneğini yitirdiğinden ""önceki hükümde direnilmesine"" denilmekle yetinilerek ve atıf suretiyle hüküm kurulamayacağı kabul edilmiştir(Ceza Genel Kurulu'nun 02.02.1976 gün 22-25 sayılı kararı ). Yerel mahkemece, her ne kadar evlilik birliğinin temelinden sarsılmasında davacı daha ağır kusurlu ise de evlilik birliğinin bu şekilde "
"76492100","Yargıtay","Hukuk Genel Kurulu","2013/231","2013/1370","18.09.2013","hgk","aile","y2010_2019","0.739","0.34","0.784","0.95","Tarafların karşılıklı iddia ve savunmalarına, dosyadaki tutanak ve kanıtlara, bozma kararında açıklanan gerektirici nedenlere ve özellikle davacı vekilinin 03.01.2012 tarihli temyiz dilekçesinde taleplerinin yoksulluk nafakasına ilişkin olduğunu belirtmiş olmasına göre, Hukuk Genel Kurulu'nca da benimsenen Özel Daire bozma kararına uyulması gerekirken, önceki kararda direnilmesi usul ve yasaya aykırıdır.Bu nedenle direnme kararı bozulmalıdır. Görüldüğü üzere, boşanma yüzünden"
"76985000","Yargıtay","Hukuk Genel Kurulu","2011/62","2011/223","27.04.2011","hgk","usul_hukuk","y2010_2019","0.739","0.811","0.51","0.95","Bilirkişi raporunu hazırlarken raporun dayanağı olan somut ve özel nedenleri raporunda göstermek zorundadır. Ayrıca raporu hazırlayan kişinin konusunda uzman olması da gerekir."
"76959100","Yargıtay","Ceza Genel Kurulu","2010/171","2010/232","23.11.2010","cgk","ceza_genel","y2010_2019","0.739","0.813","0.51","0.95","Fail, hareketinin yasal tipi gerçekleştireceğini biliyor ve bunu istiyorsa kasten hareket ettiği kabul edilmelidir, ancak failin hareketiyle hedeflediği doğrudan sonuçların yanısıra, hareketinin zorunlu sonuçları ya da kaçınılmaz yan sonuçları da, açık bir isteme olamasa dahi kast kapsamında değerlendirilmelidir. Yine failin hareketiyle hedeflediği doğrudan neticelerle birlikte, hareketin zorunlu veya kaçınılmaz olarak ortaya çıkan sonuçları da, açıkça istenmese dahi doğrudan"
"76360400","Yargıtay","Ceza Genel Kurulu","2012/1226","2013/384","24.09.2013","cgk","ceza_genel","y2010_2019","0.739","0.813","0.51","0.95","maddesinin üçüncü fıkrasında; ""Banka yönetim kurulu başkan ve üyeleri ile diğer mensupları görevleri dolayısıyla kendilerine tevdi olunan veya muhafazaları, denetim veya sorumlulukları altında bulunan bankaya ait para veya sair varlıkları zimmetlerine geçirirlerse altı yıldan oniki yıla kadar ağır hapis cezası ile cezalandırılacakları gibi bankanın uğradığı zararı tazmine mahk&ucirc;m edilirler. Uyuşmazlık konusunu teşkil eden ""zincirleme suç hükümleri uygulanırken lehe kanun"
"76751300","Yargıtay","Hukuk Genel Kurulu","2010/157","2010/166","24.03.2010","hgk","is_sgk","y2010_2019","0.738","0.808","0.51","0.95","Diğer bir ifade ile uyuşmazlığın çözümünde sözleşme hükümlerinin esas alınması gerekir(Hukuk Genel Kurulunun 8/10/2008 gün ve 2008/15-579 E., 2008/620 K.sayılı ilamı). maddesine uygun olarak hakedişlere 19.09.2005 tarihli dilekçesi ile açıkça itirazda bulunduğu, itirazında da kum ve çakılın ocaktan çıkartılması ile beton bünyesine girmesi sırasında, 3 defa yükleme boşaltma işinin bulunduğu, eleme, yıkama tesisleri ve beton santralinin farklı yerlerde olması nedeniyle 09.003/1"
"77278000","Yargıtay","Hukuk Genel Kurulu","2011/521","2011/619","12.10.2011","hgk","is_sgk","y2010_2019","0.738","0.591","0.635","0.95","Hukuk Genel Kurulu önüne gelen uyuşmazlık; 3201 sayılı Yurtdışında Bulunan Türk Vatandaşlarının Yurt Dışında Geçen Sürelerinin Sosyal Güvenlikleri Bakımından Değerlendirilmesi Hakkında Kanuna dayalı olarak, 4759 sayılı Kanunun yürürlük tarihinden sonra borçlanma yapılması halinde; yaşlılık aylığı tahsis koşullarının 506 sayılı Kanunun Geçici 81. Anılan maddeye göre, Türkiye'de tescili bulunan sigortalılar yönünden sigortalılık başlangıcı, tescil tarihinden itibaren borçlanıla"
"76762300","Yargıtay","Hukuk Genel Kurulu","2010/140","2010/194","31.03.2010","hgk","ticaret","y2010_2019","0.738","0.755","0.541","0.95","Eğer, taraflardan birine bir dava ile ilgili olarak ilk defa tebliğ yapılacak ise, muhatabın, adresini tebliğden önce değiştirmiş olması halinde 35.madde kural olarak uygulanmaz. Kazai tebliğler bakımından 35.maddenin uygulanabilmesi için, taraflardan birinin o dava ile ilgili olarak kendisine tebliğin yapıldığı adresini daha sonra değiştirmiş olması gerekir."
"76982500","Yargıtay","Hukuk Genel Kurulu","2011/34","2011/216","20.04.2011","hgk","ticaret","y2010_2019","0.738","0.69","0.579","0.95","5, s 4771 vd.)
O halde, açıkça maddi hataya dayalı özel daire kararının kaldırılarak dosyanın temyiz incelemesi yapılmak üzere Özel Daireye gönderilmesi gerekir. Davacılar vekili, davalı tarafa Zorunlu Mali Sorumluluk Sigortası ile sigortalı olan araç ile kaza yapan davacıların murisinin öldüğünü açıklayıp, fazlaya dair haklarını saklı tutarak davacılar için 10.000 TL destekten yoksun kalma tazminatının dava tarihinden itibaren işleyecek avans faizi ile birlikte davalıdan tah"
"17078000","Yargıtay","Hukuk Genel Kurulu","2011/21","2011/135","13.04.2011","hgk","usul_hukuk","y2010_2019","0.738","0.659","0.596","0.95","Nitekim, aynı ilkeler Hukuk Genel Kurulu'nun 17.02.2010 gün ve E:9-71, K:87 sayılı kararında da, benimsenmiştir. Kural olarak, hakim ara kararından dönebilirse de, bozmaya uyulmasına ilişkin karar, bunun istisnalarındandır."
"17159700","Yargıtay","Hukuk Genel Kurulu","2011/570","2011/691","23.11.2011","hgk","miras","y2010_2019","0.738","0.809","0.51","0.95","E....'un aynı kişi olduğuna"" dair beyanı ile Evlenme Raporu, Sıhhat Raporu, Nüfus Kayıt İhraç Kaydı, Nüfustan Kayıt İhracı Kağıdı, Askı İlanı, İkametgah İlmuhaberleri ile Vezne Alındısı fotokopilerini ibrazı üzerine Yerel Mahkemece, ""Davacıya tüm delillerini bildirmesi için süre verilmesine"" dair ara kararı oluşturulmuştur. Yerel Mahkemece, bozmadan sonra getirilen vukuatlı nüfus kaydı, tanık beyanı ve davacı tarafça ibraz edilen ""Evlenme Raporu, Sıhhat Raporu, Nüfus Kayıt İh"
"77706800","Yargıtay","Hukuk Genel Kurulu","2012/1693","2013/1369","18.09.2013","hgk","usul_hukuk","y2010_2019","0.738","0.656","0.598","0.95","Hukuk Genel Kurulu'ndaki görüşme sırasında, işin esasının incelenmesinden önce, direnme kararının gerçekte yeni hüküm niteliğinde olup olmadığı; dolayısıyla, temyiz incelemesinin Hukuk Genel Kurulu'nca mı, yoksa Özel Dairece mi yapılması gerektiği hususu, ön sorun olarak tartışılıp, değerlendirilmiştir. parselin uzaklıklarının ve her iki taşınmazın en yakın yerleşim birimlerine uzaklığının kroki üzerinde gösterilmesi için harita mühendisinden ek rapor alınmış ve önceki gerekç"
"76993100","Yargıtay","Ceza Genel Kurulu","2011/13","2011/3","25.01.2011","cgk","ceza_genel","y2010_2019","0.738","0.809","0.51","0.95","Dosya bu konuyla sınırlı olarak incelendiğinde; yasa dışı silahlı PKK/KONGRA-GEL terör örgütü üyesi olma, Devletin birliğini ve ülke bütünlüğünü bozma ve diğer suçlardan yargılanmakta olan sanık H.Ö..ı savunma görevinin, soruşturma aşamasında başka avukatlar tarafından yapılmış olmakla birlikte; kovuşturma aşamasında, mahkemenin isteği üzerine Van Barosunca 25.12.2007 gün ve 91915 sayılı yazı ile atanan Av. maddesinde düzenlenmiş bulunan ""yasa yararına bozma yasa yolu"" olması"
"77545900","Yargıtay","Hukuk Genel Kurulu","2012/530","2012/903","28.11.2012","hgk","is_sgk","y2010_2019","0.737","0.74","0.548","0.95","Şti'nin ücret karşılığında bu işi sanat ittihaz ederek müvekkili hesabına taşımayı yaptırdığı, başka bir deyişle ""taşıma işleri komisyoncusu"" olduğunu kabul etmek gerekir. Şti tarafından vek&acirc;leten yerine getirildiği, emtianın gümrükten çekilmesinden sonra nakliyesi esnasında zayi olmasından bu şirketin sorumlu tutulamayacağı gerekçesiyle bu davalı açısından davanın pasif husumet yokluğu nedeniyle reddine, diğer davalılar yönünden ise kısmen kabulüne karar verilmiştir."
"77459700","Yargıtay","Hukuk Genel Kurulu","2012/1708","2013/883","26.06.2013","hgk","ticaret","y2010_2019","0.737","0.772","0.529","0.95","Açıklanan bu değişik gerekçe ile Yerel Mahkeme direnme kararı usul ve yasaya aykırı olup bozulması gerekir. Davacı yan, davalı işyerinde 2003 yılında çalışırken 6 m uzunluğunda, 3 m genişliğinde ve 6 mm kalınlığında sacı kesmek için arkadaşları ile birlikte giyotine verirken, arkadaşının elinden kayan sacın tüm ağırlığının (1 ton kadar) kendi elinde kalması sonucu düşerek belinden rahatsızlandığını ve işyeri doktorunun tedavi önerisini yerine getirmesine rağmen, ağrıları deva"
"76940600","Yargıtay","Hukuk Genel Kurulu","2010/469","2010/494","13.10.2010","hgk","icra_iflas","y2010_2019","0.737","0.779","0.523","0.95","Borçlunun üçüncü kişilerdeki malları ve alacakları, alacaklının bunu iddia etmesi ve haciz istemesi üzerine haczedilir; fakat bunların üçüncü kişide gerçekten mevcut olup olmadığının tespiti gerekir. Bundan başka, üçüncü kişi ile borçlunun anlaşıp alacaklının koydurmuş olduğu haczi etkisiz bırakmalarına karşı da bazı tedbirlerin alınması gerekir."
"76758100","Yargıtay","Hukuk Genel Kurulu","2010/91","2010/182","31.03.2010","hgk","icra_iflas","y2010_2019","0.737","0.805","0.51","0.95","fıkrasında; ""İmza tatbikında Hukuk Usulü Muhakemeleri Kanununun bilirkişiye ait hükümleri ile 309 uncu maddesinin 2 nci, 3 üncü ve 4 üncü fıkraları ve 310, 311 ve 312 nci maddeleri hükümleri uygulanır ""denilmek suretiyle inceleme yöntemi açıklanmıştır. Davacı yanın itirazı üzerine 29.05.2008 tarihli ""bonodaki imzanın borçlu eli ürünü olmadığı"" yönünde görüş bildiren dördüncü raporu alan İcra Mahkemesi, karşı görüş bildiren bu dördüncü rapora dayanarak takibin durdurulmasına d"
"77618100","Yargıtay","Hukuk Genel Kurulu","2013/441","2013/1592","27.11.2013","hgk","miras","y2010_2019","0.737","0.653","0.598","0.95","sayılı ilk kararına yönelik temyiz itirazlarının incelenmesi için, dosyanın dairesine gönderilmesi gerekir. Bu durumda takibin pay paydaş çoğunluğu tarafından başlatılması gerekir."
"77125500","Yargıtay","Ceza Genel Kurulu","2011/91","2011/132","21.06.2011","cgk","ticaret","y2010_2019","0.737","0.718","0.56","0.95","hakkında kullanma amacıyla uyuşturucu madde bulundurma ve suç üstlenme suçlarından kurulan beraat hükümleri temyiz edilmeksizin kesinleşmiş olduğundan, direnme hükmü ve temyizin kapsamına göre inceleme, sanık hakkında uyuşturucu madde ticareti yapma suçundan kurulan hükümle sınırlı olarak yapılmıştır. B.hakkında ise 6136 sayılı Yasaya aykırılık suçundan kamu davalarının açıldığı ve yapılan yargılamaları sonucunda haklarında mahk&ucirc;miyet kararları verildiği, bu hükümlerin "
"477535300","Yargıtay","Ceza Genel Kurulu","2010/222","2011/7","25.01.2011","cgk","ceza_genel","y2010_2019","0.737","0.772","0.529","0.95","maddeleri uyarınca 5 ay hapis cezasıyla cezalandırılmasına karar verildiği, ayrıca 657 sayılı Yasanın 48 ve 98/b maddeleri uyarınca devlet memurluğundan çıkartıldığı,
08.03.2006 günü saat 18.50 sıralarında düzenlenen yakalama tutanağına göre, anons üzerine olay yerine saat 18.20 sıralarında polis ekibinin intikal ettiği, olay yerinde bahçede sanığın yüzüstü yatar vaziyette ve üzerinde ... Ben babamın geldiğini anladım ve balkon kapısını kapattım, o sırada apartman giriş kapıs"
"76921700","Yargıtay","Ceza Genel Kurulu","2010/142","2010/207","19.10.2010","cgk","ceza_usul","y2010_2019","0.737","0.802","0.51","0.95","sayılı yürütmenin durdurulması kararı üzerine Osmaniye İl Müdürlüğü görevine iade edildikten sonra,
a) 01.11.2000 tarihli müşterek kararname ile Osmaniye İl Müdürlüğü görevinden alındığı,
b) 14.11.2000 tarihli Bakan onayıyla Çankırı Valiliği emrine mühendis olarak atandığı, bu son işlem hakkında Adana 2. sayı ile yürütmenin durdurulması kararı verilmesi üzerine 19.06.2001 tarihli Bakan onayıyla Osmaniye İl Müdürlüğü görevine iade edilip 12.07.2001 tarihinde görevine başladığı"
"77572000","Yargıtay","Ceza Genel Kurulu","2013/277","2013/528","26.11.2013","cgk","ceza_genel","y2010_2019","0.737","0.804","0.51","0.95","ile telefonda konuştuğunu, A.'in sanığa 100 Lira vermesini istemesi üzerine sanığa 100 Lirayı verdiğini, parayı aldıktan sonra sanığın 1 kg su böreği getirmesini istediğini, böreği verip parasını istediğinde sanığın ""ne parası lan gebertirim"" dediğini, olay tarihinde işyerinde kasada 300-350 Lira para olduğunu beyan ettiği,
Mağdur A.Y.'nın 22.04.2009 tarihinde kollukta; 10 gün kadar önce ikametinde bulunduğu sırada S. 1-22.04.2009 tarihinden on gün önce gerçekleşen yağma eyle"
"77383300","Yargıtay","Ceza Genel Kurulu","2013/62","2013/163","30.04.2013","cgk","miras","y2010_2019","0.737","0.804","0.51","0.95","maddesinde; sanığın ölümü durumunda kamu davasının düşürüleceği, sadece niteliği itibarıyla müsadereye t&acirc;bi olan eşya ve yararlar hakkında yargılamaya devam olunacağı, hükümlünün ölümü halinde ise cezanın ortadan kaldırılmasına karar verilmekle birlikte müsadere ve yargılama giderine ilişkin hükmün infaz edileceği belirtilmek suretiyle hükümlü ile sanığın ölümüne farklı sonuçlar yüklenmiştir. Ölümün ceza ilişkisini sadece ölen kişi bakımından sona erdirdiğinden iştirak "
"16999500","Yargıtay","Hukuk Genel Kurulu","2010/267","2010/331","16.06.2010","hgk","usul_hukuk","y2010_2019","0.736","0.55","0.653","0.95","Yine, aynı Kanunun 3.maddesi ile 3402 sayılı Kadastro Kanununa Geçici Madde 10 eklenerek, bu maddede de; ""Bu Kanunun 12 nci maddesinin üçüncü fıkrası hükmü, Devletin hüküm ve tasarrufu altında olduğu iddiası ile yürürlük tarihinden önce açılmış ve henüz kesin hükme bağlanmamış olan davalarda dahi uygulanır."" hükmüne yer verilmiştir. Hukuk Genel Kurulunca incelenerek direnme kararının süresinde temyiz edildiği anlaşıldıktan ve dosyadaki kağıtlar okunduktan sonra gereği görüşül"
"17156700","Yargıtay","Hukuk Genel Kurulu","2011/710","2011/751","14.12.2011","hgk","usul_hukuk","y2010_2019","0.736","0.735","0.548","0.95","Yerel Mahkemece, bozmaya uyulup uyulmayacağı konusunda herhangi bir karar verilmeden önce bozma sonrası tensip kararı ile bozma ilamında işaret olunan şekilde ""bir kadının belirtilen süre içinde iki kez doğum yapıp yapamayacağı"" hususunda rapor alınması yönünde ara kararı oluşturulmuş, bu yönde müzekkere yazılmış ve düzenlenen 14.01.2011 günlü rapor dosya içerisine alınmış; mütalaaya uygun olarak ilk kararda direnildiğinden bahisle hüküm kurulmuştur. Bilindiği üzere; direnme "
"77279600","Yargıtay","Ceza Genel Kurulu","-","2011/300","27.12.2011","cgk","usul_hukuk","y2010_2019","0.736","0.798","0.51","0.95","maddesinde ise, eski h&acirc;le getirme dilekçesinin, engelin kalkmasından itibaren yedi gün içerisinde, süreye uyulduğunda usule ilişkin işlemleri yapacak olan mahkemeye verileceği, dilekçe sahibinin, sürenin geçmesinde kusuru olmadığına ilişkin olguları, varsa belgelerini de ekleyerek açıklayacağı, dilekçe verildiği anda usule ilişkin yapılamayan işlemlerin de yerine getirileceği belirtildikten sonra, ""Eski H&acirc;le Getirme Dilekçesi Üzerine Verilecek Karar"" başlıklı 42/1"
"77477500","Yargıtay","Ceza Genel Kurulu","2013/333","2013/624","24.12.2013","cgk","ceza_genel","y2010_2019","0.736","0.714","0.56","0.95","CEZA GENEL KURULU KARARI
İlk hükümde sanıklar hakkında 6136 sayılı Kanuna muhalefet suçundan kurulan mahkumiyet hükmü temyiz edilmeksizin kesinleşmiş olup inceleme, genel güvenliğin kasten tehlikeye sokulması ve kasten yaralama suçuna teşebbüsten açılan kamu davasında, sanıkların eylemlerinin bütün halinde 5237 sayılı TCK'nun 106/1- 2. İncelenen dosya kapsamından; 
Sanıklar hakkında 6136 sayılı Kanuna muhalefet ve genel güvenliğin kasten tehlikeye sokulması suçları ile kasten"
"76975100","Yargıtay","Hukuk Genel Kurulu","2011/159","2011/201","20.04.2011","hgk","is_sgk","y2010_2019","0.735","0.484","0.69","0.95","HUKUK GENEL KURULU KARARI

 Hukuk Genel Kurulunca incelenerek direnme kararının süresinde temyiz edildiği anlaşıldıktan ve dosyadaki kağıtlar okunduktan sonra gereği görüşüldü:
Dava, sigortalılık başlangıç tarihinin ve yaşlılık aylığına hak kazanıldığının tespiti ile aylık bağlanmasına karar verilmesi istemine ilişkindir. maddesinde yer alan; bir kimsenin Türk sigortasına girişten önce bir Alman Rant Sigortasına girmiş bulunması halinde, Alman Rant Sigortasına girişi, Türk Si"
"457395300","Yargıtay","Hukuk Genel Kurulu","2010/219","2010/273","12.05.2010","hgk","idare","y2010_2019","0.735","0.741","0.541","0.95","K A R Ş I O Y 

Davacılar tarafından açılan tapu iptali ve tescil davasının konusunu oluşturan taşınmaz 1966 yılında yapılan tapulama çalışmaları sırasında taşlık ve çalılık niteliği ile tapulama harici bırakılmış iken, 2001 yılında idari yoldan hakkında tapu kaydı oluşturularak 4315 parsel sayısı altında ve tarla niteliği ile Hazine adına tescil edilmiştir. Davacılar değişik tarihli dava dilekçeleriyle, kültür arazisi olmadığı için tespit dışı bırakılan taşınmaz içinde yer a"
"76979700","Yargıtay","Hukuk Genel Kurulu","2010/721","2011/210","20.04.2011","hgk","ticaret","y2010_2019","0.735","0.772","0.523","0.95","Kural olarak, sözleşme serbestisi prensibi gereği, taraflar kira bedelini, artış şartını ve ödeme zamanını serbest iradeleri ile sözleşmede kararlaştırabilir. Bu saptamada bulunduktan sonra; kira alacağı davalarında alacak miktarının belirlenmesinde şayet kira parası kira tespit davası ile belirlenmemiş ve daha önce bir kira alacağı davasına konu edilmiş ise, o davada hüküm altına alınan ve kesinleşen kira parası sadece dava konusu edilen kira dönemine mahsusen uygulanır."
"52038900","Yargıtay","Hukuk Genel Kurulu","2012/691","2013/173","30.01.2013","hgk","icra_iflas","y2010_2019","0.735","0.794","0.51","0.95","Bu halde avukatların müvekkile karşı sorumluluğu konusunda 171 inci maddenin üçüncü fıkrası hükmü uygulanır."" hükmüne yer verilmiştir. sayılı dosyaya vekaleten bakması için 1.000.-YTL karşılığında anlaştığını, ücretin yarısının peşin olarak diğer yarısının ise ilk duruşma günü kendisine ödendiğini, davacının anlaşma gereği belirtilen davayı diğer Avukat birlikte takip edip neticelendireceğini, ancak davacının belirtilen davada sadece iki duruşmaya katılıp bundan sonraki duruş"
"76451200","Yargıtay","Hukuk Genel Kurulu","2013/204","2013/1393","25.09.2013","hgk","usul_hukuk","y2010_2019","0.735","0.398","0.74","0.95","Hal böyle olunca; aynı hususa işaret eden ve Hukuk Genel Kurulu'nca da benimsenen Özel Daire bozma kararına uyulması gerekirken, önceki kararda direnilmesi usul ve yasaya aykırıdır. Bu bakımdan abone olmayan davacının, taşınmazı devraldığı 19.06.2007 tarihinden sonraki tüketimden sorumlu tutulması gerekir."
"77339500","Yargıtay","Ceza Genel Kurulu","2012/1523","2013/66","19.02.2013","cgk","ceza_genel","y2010_2019","0.735","0.709","0.56","0.95","madde ise; ""(1) Kişinin bir hukuk&icirc; ilişkiye dayanan alacağını tahsil amacıyla tehdit veya cebir kullanması h&acirc;linde, ancak tehdit veya kasten yaralama suçuna ilişkin hükümler uygulanır. Maddenin birinci fıkrasına göre, bir hukuki ilişkiye dayanan alacağını tahsil amacıyla tehdit veya cebir kullanılması halinde, tehdit veya kasten yaralama suçuna ilişkin hükümler uygulanır."
"77342400","Yargıtay","Ceza Genel Kurulu","2011/447","2012/1789","25.09.2012","cgk","ceza_genel","y2010_2019","0.735","0.71","0.56","0.95","(6) Bu suçun işlenmesi amacıyla veya sırasında kasten yaralama suçunun neticesi sebebiyle ağırlaşmış h&acirc;llerinin gerçekleşmesi durumunda, ayrıca kasten yaralama suçuna ilişkin hükümler uygulanır."" şeklinde düzenlenmiştir. İhtisas Kurulunun 07.12.2007 gün ve 5281 sayılı raporunda, ""orta ile hafif derece sınırında zeka geriliği bulunan mağdurenin, olayın hukuki anlam ve sonuçlarını algılayabilme ve davranışlarını yönlendirebilme ve bu eyleme karşı koyabilme yeteneğine haiz"
"76803900","Yargıtay","Ceza Genel Kurulu","2010/15","2010/94","27.04.2010","cgk","ticaret","y2010_2019","0.735","0.709","0.56","0.95","fıkrası ile bu kuraldan uzaklaşılmış ve bazı ağır mahk&ucirc;miyetlerde istek şartından sanık lehine vazgeçi&not;lerek, temyiz incelemesinin kendiliğinden (re'sen) yapılması kabul edilmiştir. Ceza Dairesinin 29.04.2009 gün ve 2008/18087 esas, 2009/8013 karar sayılı temyiz isteminin reddi kararının bozulup, sanık temyizi üzerine esastan incelenmek üzere dosyanın Yüksek Daireye gönderilmesine karar verilmesi gerektiğini düşündüğümden, çoğunluğun itirazın reddi kararına katılmıy"
"17066200","Yargıtay","Ceza Genel Kurulu","2011/26","2011/30","29.03.2011","cgk","usul_hukuk","y2010_2019","0.735","0.794","0.51","0.95","maddesi anlamında gerekçeyi içerip içermediği konusu öncelikle değerlendirilmelidir. İncelenen dosyada, yerel mahkeme bu ilkeler doğrultusunda işlem yapmamış, bozulmakla ortadan kalkan eski hükümde direnilmesine karar verdikten sonra, sadece direnme nedenlerini açıklamakla yetinmiş, suçun sübutu ve delillerin değerlendirilmesi noktasında bozulmakla ortadan kalkan hükümdeki gerekçeye yollama yapılmıştır."
"77072400","Yargıtay","Hukuk Genel Kurulu","2011/286","2011/422","15.06.2011","hgk","ticaret","y2010_2019","0.734","0.704","0.56","0.95","Yüksek Özel Dairece bu kez; bilirkişi raporlarını düzenleyen trafik polisi ve esnafın dava konusu kooperatif hukuku alanında uzman olmadıkları ve bu kişilerin tanzim ettikleri rapora dayalı olarak hüküm kurulmasının mümkün bulunmadığının açık olduğu gibi, her iki rapordaki birbirine tamamen zıt tespitlerin de açıklığa kavuşturulmadığı, 24.06.2004 ve 19.02.2007 tarihli bozma ilamlarında belirtilen hususlarda gerekli inceleme yapılarak sonucuna göre karar verilmesi gerektiğine "
"77238100","Yargıtay","Hukuk Genel Kurulu","2011/527","2011/552","21.09.2011","hgk","is_sgk","y2010_2019","0.734","0.659","0.585","0.95","Ancak, bu kimselerin aynı Kanunun 3.maddesinde sayılan istisnalara girmemesi gerekir. unvanlı işyerinde 01.07.1980 tarihinde çalışmaya başladığını, işyerinin sigortaya girişini yapmasına karşın işyeri tarafından sigorta prim bildirgesi verilmeyip prim ödemesinin de yapılmadığını, ilk prim ödemesinin farklı bir işyerinden yapılıp, davalı Kurumca bu tarihin sigortalılığın başlangıcına esas alındığını, gerçekte sigortalılık başlangıcının 01.07.1980 tarihinde olduğunu ifadeyle, b"
"77243900","Yargıtay","Hukuk Genel Kurulu","2011/487","2011/559","28.09.2011","hgk","usul_hukuk","y2010_2019","0.734","0.445","0.709","0.95","Eş anlatımla, hakim kural olarak Yargıtay bozma kararına uymak ya da bu karara karşı direnme kararı vermek konusunda tarafların istekleri ile bağlı olmayıp, takdir yetkisine sahiptir. Ancak, bozma nedenlerinin kamu düzenine ilişkin ve dolayısıyla hakimin kendiliğinden (re'sen) göz önünde bulundurması gereken sebeplerden olmaması halinde, taraflar veya vekilleri bozma kararına uyulmasını istemişlerse artık mahkemece önceki kararda direnilemez; bozma kararına uyulması gerekir."
"77529600","Yargıtay","Hukuk Genel Kurulu","2012/1488","2013/809","31.05.2013","hgk","miras","y2010_2019","0.734","0.704","0.56","0.95","Rücu zamanaşımı süresinin başlayabilmesi için, zararın tamamının ödenmesi yeterli olmayıp, rücu edilebilecek sorumlu kişilerin de bilinmesi gerekir. hakkındaki temyiz itirazlarının incelenmesinde:
Direnme yoluyla Hukuk Genel Kurulu'nun önüne gelen uyuşmazlık; zamanaşımı süresinin başlangıcına ilişkin olup, rücu zamanaşımı süresinin tazminatın ödendiği 19.10.2004 tarihinden mi yoksa tazminata ilişkin sorumluluğun ve zarar miktarının kesinleştiği 02.03.2007 tarihinden itibaren "
"77090300","Yargıtay","Hukuk Genel Kurulu","2011/300","2011/447","22.06.2011","hgk","is_sgk","y2010_2019","0.734","0.755","0.529","0.95","Bozmadan sonra Yerel Mahkemece, Tavas İlçe Seçim Kurulu Başkanlığı'ndan 08.01.2010 tarihli, Denizli İl Özel İdaresi İnsan Kaynakları ve Eğitim Müdürlüğü'nden 08.10.2010 tarihli cevabi yazılar alınmış; davacı vekilince 24.05.2010 tarihli dilekçe ekinde Yüksek Seçim Kurulu'nun 24.12.2008 gün ve 329 sayılı kararı ile Anayasa Mahkemesi ve Danıştay 8. Dairesi kararları ibraz edilmiş; Mahkemece ""Ulukent Belediyesinin Yüksek Seçim Kurulu'nun 329 nolu kararı gereği 29.03.2009 tarihin"
"77622400","Yargıtay","Hukuk Genel Kurulu","2013/383","2013/1609","27.11.2013","hgk","usul_hukuk","y2010_2019","0.734","0.544","0.653","0.95","Eş anlatımla hakim kural olarak Yargıtay bozma kararına uymak ya da bu karara karşı direnme kararı vermek konusunda tarafların istekleri ile bağlı olmayıp, serbest takdir yetkisine sahiptir. (HGK 02.02.1983 gün 7&ndash;70, 25.5.1983 gün 377&ndash;580, 27.6.1990 gün 1990/293&ndash;400, 22.05.2013 gün, 2012/1852&ndash;760 )
Uyuşmazlık konusu dosyada da bozma ilamı sonrasında davanın taraflarından davacı vekili mazeret dilekçesinde, davacı asilde duruşmadaki beyanında bozma ilam"
"77164800","Yargıtay","Hukuk Genel Kurulu","2010/601","2010/662","15.12.2010","hgk","is_sgk","y2010_2019","0.734","0.705","0.56","0.95","Dosya kapsamına göre, davacı vekili; asıl dava dosyasında fazlaya ilişkin hakları kalmak kaydıyla, dava konusu yaptığı işçilik alacaklarının şimdilik kayıdıyla 600,00-TL'sının davalıdan tahsilini istemiş; daha sonra, yargılama aşamasında alınan bilirkişi raporunda belirlenen alacak miktarını da dikkate alarak, asıl davaya konu işçilik alacaklarına ilişkin olmak üzere 3.480,04-YTL'nın davalıdan tahsili istemiyle ek dava açmıştır. HUKUK GENEL KURULU KARARI

 Hukuk Genel Kurulun"
"77376800","Yargıtay","Hukuk Genel Kurulu","2012/1398","2013/575","24.04.2013","hgk","icra_iflas","y2010_2019","0.734","0.702","0.56","0.95","Mahkemece, davanın kabulüne dair verilen karar davalı banka vekilinin temyizi üzerine, Özel Daire'ce davacıya herhangi bir kredi ödemesi yapılıp yapılmadığının belirlenmesi için banka kayıtları üzerinde araştırma ve inceleme yapılarak tüm deliller birlikte değerlendirilerek varılacak uygun sonuç dairesinde bir karar verilmesi gereğine işaretle bozulmuştur. Bozma sonrası yapılan yargılamada davalı banka vekili; ""...Davaya konu kredinin çekildiği tarihlerde bir çok hukuk ve cez"
"16895300","Yargıtay","Hukuk Genel Kurulu","2010/363","2010/320","16.06.2010","hgk","is_sgk","y2010_2019","0.734","0.726","0.548","0.95","İlk geri çevirme kararında da yer alan ve yerine getirilmeyen bu eksikliklerin giderilmesi ve dosyanın eksiksiz bir halde temyiz incelemesi için Yargıtay'a gönderilmesi için mahkemesine geri çevrilmesi gerekir. Anılan kararda da açıkça vurgulandığı üzere; 






Sosyal Sigortalar Kurumu (SSK) ile Esnaf ve Sanatkarlar ve Diğer Bağımsız Çalışanlar Sosyal Sigortalar Kurumu (Bağ-Kur), 20 Mayıs 2006 gün ve 26173 sayılı Resmi Gazetede yayımlanarak yürürlüğe giren 16.04.2006 tarih v"
"84068900","Yargıtay","Ceza Genel Kurulu","2012/1500","2013/95","19.03.2013","cgk","ceza_genel","y2010_2019","0.734","0.755","0.529","0.95","2) Cezanın artırılmasını veya cezaya ek olarak güvenlik tedbirlerinin uygulanmasını gerektirecek hâller, ilk defa duruşma sırasında ortaya çıktığında aynı hüküm uygulanır. maddesine yer verilmediği,
25.06.2008 günlü celsede, nüfus ve adli sicil kaydının okunduğu, sanığın okunan belgelerinin doğru ve kendisine ait olduğunu beyan ettiği,
Tekerrüre esas alınan ilamın kesinleşme şerhli suretinin dosya içerisinde bulunduğu, 
Mahkemece sanığın mükerrir olması nedeniyle TCK'nun 58/3"
"76760600","Yargıtay","Ceza Genel Kurulu","2009/221","2010/61","23.03.2010","cgk","ceza_genel","y2010_2019","0.734","0.789","0.51","0.95","Ceza Genel Kurulunun duraksamasız benimsediği ve birçok kararında vurguladığı genel ilke gereğince, haksız tahrik nedeniyle yapılacak indirim oranı belirlenirken haksız hareketin işleniş şekli, yeri, niteliği, zamanı, yöresel koşullar ve tahrik eden ile edilenin durumları nazara alınmak suretiyle olaysal olarak değerlendirilmeli, eğer haksız hareket bu özellikleri itibariyle yoğun ve önemli boyutlara ulaşmışsa, ancak bu takdirde haksız tahrikin ""ağır ve şiddetli"" olduğu kabul"
"77201100","Yargıtay","Ceza Genel Kurulu","2011/178","2011/233","22.11.2011","cgk","icra_iflas","y2010_2019","0.734","0.788","0.51","0.95","Konkordato mühleti talebinden önceki iki yıl içinde birinci fıkradaki fiilleri işleyen borçlu hakkında da bu hükümler uygulanır. kat .nolu daireyi satın aldığı, aralarında düzenlenen sözleşmeye göre 01.06.2007 tarihinde dairenin tapusunun şikayetçi adına tescil ettirileceği, 30.10.2007 tarihinde de teslim edileceği, sözleşme gereği müştekiye sanık tarafından 300.000 Lira değerinde teminat senedi verildiği, taahhüdün yerine getirilmemesi üzerine sanığa Ankara...."
"87161300","Yargıtay","Hukuk Genel Kurulu","2013/1442","2013/1496","23.10.2013","hgk","is_sgk","y2010_2019","0.733","0.603","0.616","0.95","Nitekim aynı ilke, Hukuk Genel Kurulu’nun 20.10.2004 gün ve 2004/9-510 E.,2004/557 K.; 08.12.2004 gün ve 2004/9-654 E.,2004/664 K.; 21.09.2005 gün ve 2005/9-474 E.,2005/510 K.; 23.11.2005 gün ve 2005/9-579 E.,2005/648 K.; 12.04.2006 gün ve 2006/9-211 E., 2006/195 K.; 18.10.2006 gün ve 2006/9-621 E.,2006/673 K.; 03.12.2008 gün ve 2008/9-716 E.,2008/726 K.; 27.01.2010 gün ve 2009/9-592 E., 2010/35 K.; 24.02.2010 gün ve E:2010/9-33, K: 2010/105 sayılı kararlarında da benimsenmiş"
"17087500","Yargıtay","Hukuk Genel Kurulu","2006/489","2010/539","27.10.2010","hgk","esya_tapu","y2010_2019","0.733","0.754","0.529","0.95","Bir taşınmazın tapuda tescilinin sağlanması veya tapudan terkini için, ortada geçerli bir resmi senet veyahut da bir mahkeme kararının bulunması gerekir. maddesi uyarınca açtığı bir dava ve bu dava sonucunda İdare lehine verilip kesinleşen bir hüküm bulunması gerekir."
"77623700","Yargıtay","Hukuk Genel Kurulu","2013/352","2013/1607","27.11.2013","hgk","vergi","y2010_2019","0.733","0.828","0.485","0.95","Bir yerin mer'a olarak kabulü için sadece o yerin tabi&icirc; özellikleri itibariyle, hayvan otlatılmaya müsait olması yetmez, aynı zamanda hukuk&icirc; bir unsurun da buna eklenmesi gerekir. Bir yere hukuken mer'a vasfını verebilmek için iki unsurdan birinin bulunması gerekir (Cin,Halil:Türk Hukukunda Mer'a Yaylak ve Kışlaklar, 2.Bası, Ankara 1980, sahife:37 vd.)."
"76942500","Yargıtay","Hukuk Genel Kurulu","2010/398","2010/497","13.10.2010","hgk","icra_iflas","y2010_2019","0.733","0.762","0.523","0.95","dir,şirket sermaye şirketi olduğundan t.t.y.nın 269/1 maddesine göre kendi mal varlığı ile sorumlu olup kurucu dahi olsa ortakların bir sorumluluğu söz konusu değildir.bu durumda davacının sorumluluğunun şirket ortağı olmasından değil şirketin borcuna kefaletten doğduğunun kabulü gerekir.zaten davalının borcunun kefaletten doğduğu hususu hem özel daire tarafından hem de h.g.k. nin kurucu ortağı ve yönetim kurulu üyesi olduğunu,daha sonra bu şirket hakkında yapılan icra takibi"
"76905200","Yargıtay","Hukuk Genel Kurulu","2010/452","2010/433","29.09.2010","hgk","miras","y2010_2019","0.733","0.668","0.579","0.95","Hal böyle olunca; dosyanın yeni hükme yönelik temyiz itirazlarının incelenmesi için Özel Daireye gönderilmesi gerekir. Davalı Hazine vekilinin temyizi üzerine karar, Özel Dairece yukarıda yazılı gerekçelerle bozulmuş, yerel mahkemece; taşınmazın imar planı kapsamı dışında kaldığı, imar planının iptal edilmiş olduğu, imar planı içinde kaldığı kabul edilse dahi imar planının yapıldığı tarihe kadar zilyetlik ile kazanım şartlarının gerçekleşmiş olduğu gerekçesiyle önceki kararda"
"77053100","Yargıtay","Ceza Genel Kurulu","2011/64","2011/69","26.04.2011","cgk","ticaret","y2010_2019","0.733","0.787","0.51","0.95","ile istasyonda bilet alırken karşılaştıklarında, kendisine çuval içinde yatağının olduğunu söylediğini ve orada bulunan birkaç şahısla birlikte çuvalı tren bagajına koyduklarını gördüğünü, içinde esrar olduğunu bilmediğini, ilgisi olmayıp yardım da etmediğini ve sabıka kaydının bulunmadığını bildirmiştir. adlı şahıslarla birlikte hareket ettiği yönünde bilgi edinilmesi üzerine, C.Başsavcılığı'ndan yazılı arama kararı alındığı, belirtilen tren Battalgazi İstasyonunda durduğund"
"87781200","Yargıtay","Ceza Genel Kurulu","2012/1406","2013/30","29.01.2013","cgk","usul_hukuk","y2010_2019","0.733","0.666","0.579","0.95","138); şeklinde görüşler ileri sürülmek suretiyle duruşmada hazır bulunan sanığa mutlaka son sözün verilmesi gerektiği düşüncesi ittifakla benimsenmiştir. 1293); ""Hüküm (karar) safhasına geçmeden önce son söz hazır bulunan sanığa verilmek zorundadır."
"76875800","Yargıtay","Ceza Genel Kurulu","2010/140","2010/178","28.09.2010","cgk","usul_hukuk","y2010_2019","0.733","0.785","0.51","0.95","P..'i avukatlık bürosuna ait dilekçelerin havale işlemlerini yaptırmak için 2007 yılı başlarında adliyeye geldiğinde, cinsel amaçlı olarak elini sıkmak ve yine 2007 yılı içerisinde odasına gelen mağdureyi yanağından öpmek suretiyle, kamu görevinin sağladığı nüfuzu kötüye kullanmak suretiyle cinsel saldırı suçunu işlediği iddiasıyla açılan kamu davasının yapılan yargılaması sonunda, Yargıtay 5. fıkrasındaki cinsel saldırı suçunun basit şeklini oluşturduğu, mağdurenin okul masr"
"76608900","Yargıtay","Hukuk Genel Kurulu","2013/603","2013/1503","30.10.2013","hgk","miras","y2010_2019","0.732","0.357","0.755","0.95","HUKUK GENEL KURULU KARARI

 Hukuk Genel Kurulu'nca incelenerek direnme kararının süresinde temyiz edildiği anlaşıldıktan ve 6217 sayılı Kanunun 30.maddesi ile 6100 sayılı Hukuk Muhakemeleri Kanunu'na eklenen ""Geçici 3.madde"" atfıyla uygulanmakta olan 1086 sayılı H.U.M.K.nun 2494 sayılı Yasa ile değişik 438/II.fıkrası hükmü gereğince duruşma isteğinin reddine karar verilip dosyadaki k&acirc;ğıtlar okunduktan sonra gereği görüşüldü:

 Dava, kamulaştırmasız el atılan taşınmaz be"
"77240800","Yargıtay","Hukuk Genel Kurulu","2012/734","2013/152","30.01.2013","hgk","is_sgk","y2010_2019","0.732","0.729","0.541","0.95","(Değişik beşinci fıkra: 29/7/2003&ndash;4958/38 md.; Değişik fıkra: 22/02/2006-5458 S.K./6.mad) Kurumun, süresi içinde ödenmeyen prim ve diğer alacaklarının tahsilinde, 6183 sayılı Amme Alacaklarının Tahsil Usulü Hakkında Kanunun 51'inci, 102'nci ve 106'ncı maddeleri hariç diğer maddeleri uygulanır. dönemlerine ait prim ve gecikme zammı borcundan dolayı ödeme emri gönderdiğini ancak prim borçlarının davacının şirketle ilgisi olmayan döneme ait olduğunu, şirketteki temsil ve i"
"76897400","Yargıtay","Hukuk Genel Kurulu","2010/414","2010/412","22.09.2010","hgk","icra_iflas","y2010_2019","0.732","0.78","0.51","0.95","Evlenme merasiminde, evlenecek olanlar şahsen evlendirme memuru huzurunda hazır bulunmak ve evlenme arzularını açıklamak zorundadır. Dosya kapsamı 10.11.2007 günlü sözleşme, itiraz dilekçesi dikkate alındığında davacının temsilci mi yoksa kendi adına mı işlemi yaptığı bir başka deyişle hukuki muameleden doğan hak ve borçların kimin üzerine doğduğunun belirlenmesi ve akabinde bunun ispatının davacının mı, yoksa davalının mı üzerine düştüğünün belirlenmesi gereklidir."
"17098500","Yargıtay","Hukuk Genel Kurulu","-","2011/191","15.04.2011","hgk","miras","y2010_2019","0.732","0.469","0.69","0.95","Şu hale göre, sigortacının sorumluluğundan bahsedebilmek için, zorunlu trafik sigortası yapılan aracın üçüncü kişilerin zararına neden olacak bir kazaya karışması ve bu kazada sigortalı araç işleteninin sorumluluğunun bulunması gerekir. fıkrasında ise: ""Bir motorlu aracın işletilmesi bir kimsenin ölümüne veya yaralanmasına yahut bir şeyin zarara uğramasına sebep olursa, motorlu aracın bir teşebbüsün unvanı veya İşletme adı altında veya bu teşebbüs tarafından kesilen biletle i"
"76754800","Yargıtay","Hukuk Genel Kurulu","2010/121","2010/172","24.03.2010","hgk","is_sgk","y2010_2019","0.732","0.757","0.523","0.95","Davacının ihtilaflı olan bu döneme ait çalışmalarının, davalı nezdinde gerçekleşip gerçekleşmediğinin tespiti ile davalı yanında geçmiş ise; tüm çalışma süresi üzerinden hizmetleri birleştirilmek suretiyle kıdem tazminatının hesaplanması gerekir. Mahkemece; 28.11.1993-27.11.1994 döneminin zamanaşımına uğraması nedeniyle hangi işveren nezdinde geçtiğinin araştırılmasında hukuki bir yarar görülmediği ve kıdem tazminatı hesabında dikkate alınmadığı gerekçesiyle bu döneme ilişkin"
"17154800","Yargıtay","Hukuk Genel Kurulu","2011/844","2011/780","14.12.2011","hgk","icra_iflas","y2010_2019","0.732","0.792","0.504","0.95","Şu hale göre, itiraz esasa ilişkin nedenlerle kabul edilmiş ve alacaklının, kötü niyetli veya ağır kusurlu olduğu da tespit edilmiş ise; alacaklı, borçlu lehine, takip konusu alacağın % 20'sinden aşağı olmamak üzere, kötü niyet tazminatına mahkum edilecektir. maddesi gereğince borçlu lehine kötüniyet tazminatına hükmedilebilmesi için öncelikle itirazın, aynı maddenin birinci fıkrasında yazılı ""borcun olmadığı"", ""itfa veya imhal edildiği"" iddialarına dayalı olarak, esasa ilişk"
"77057800","Yargıtay","Hukuk Genel Kurulu","2011/312","2011/407","15.06.2011","hgk","usul_hukuk","y2010_2019","0.732","0.714","0.548","0.95","Yerel Mahkeme;
""&hellip;4520 Ada, 7 parselin kamulaştırmaya konu olan kısmının ifrazla 4520 ada 65 sayısını alan 132.587,50 m2'lik taşınmaz olduğunu, dava konusu 5279 ada 1 parsel sayılı 276.496 m2 yüzölçümlü taşınmazla ilgisinin bulunmadığı, dava konusu 5279 ada 1 parsel sayılı taşınmazın tamamının 276.496 m2 olduğu, öncesi davalı olan bu taşınmazın hükmen davacılar adlarına tescil edildiği, 
Antalya 1. Özel Dairenin dava konusu taşınmaz yönünden taşınmazın geldi kaydını teş"
"77411100","Yargıtay","Hukuk Genel Kurulu","2012/1654","2013/837","14.06.2013","hgk","usul_hukuk","y2010_2019","0.732","0.536","0.653","0.95","Tarafların karşılıklı iddia ve savunmalarına, dosyadaki tutanak ve kanıtlara, mahkeme kararında açıklanan gerektirici nedenlere, delillerin değerlendirilmesinde bir isabetsizlik bulunmamasına ve özellikle 556 Sayılı Markaların Korunması Hakkında Kanun Hükmünde Kararname'nin 42.maddesi ile belirlenen 5 yıllık sürede davanın açılmamış bulunmasına göre, usul ve yasaya uygun bulunan direnme kararının onanması gerekir. SONUÇ: Davacı vekilinin temyiz itirazlarının reddi ile direnme"
"87157500","Yargıtay","Hukuk Genel Kurulu","2013/136","2013/1404","25.09.2013","hgk","ticaret","y2010_2019","0.732","0.597","0.616","0.95","O halde, Hukuk Genel Kurulu çoğunluğunca da benimsenen Özel Daire bozma ilamına uyularak şikâyetin reddine karar verilmesi gerekirken önceki kararda direnilmesi usul ve yasaya aykırıdır. Somut olayda, dava konusu çeklerin keşide tarihlerinin ay, yıl ve kısmen de gününün düzeltilip altının imzalandığı anlaşıldığından, imzanın keşide tarihindeki değişikliklerin tümünü kapsadığını kabul etmek gerekir."
"76899700","Yargıtay","Hukuk Genel Kurulu","2010/374","2010/419","22.09.2010","hgk","is_sgk","y2010_2019","0.732","0.781","0.51","0.95","Ancak, işin esası Özel Dairece incelenmediğinden, dosyanın Dairesine gönderilmesi gerekir. Davacı, 05.05.1983 tarihinden emekli olduğu 15.08.2003 tarihine kadar davalı Belediyede çalıştığını, çalışmasının 15.08.2002-15.08.2003 tarihleri arasında Tanzim Satış Deposunda gece bekçisi olarak ayda 15 gün 18.00 &ndash; 08.00 saatleri arasında olmak üzere geçtiğini, çalıştığı süre boyunca yürürlükteki TİS.'in 31 ve 32."
"17109100","Yargıtay","Hukuk Genel Kurulu","2011/411","2011/510","13.07.2011","hgk","usul_hukuk","y2010_2019","0.732","0.664","0.579","0.95","E...'in karar düzeltme isteminin REDDİNE, oyçokluğu ile, 






3- Karar düzeltme talepleri kısmen kabul edilmiş olmakla takdiren karar düzeltme isteyenler aleyhine ceza tayinine ve harç alınmasına yer olmadığına, 13.07.2011 gününde karar verildi. maddesindeki şartların oluşup oluşmadığının değerlendirilmesi, bundan sonra işin esası hakkında karar verilmesi gerektiğine işaretle yerel mahkeme kararının bozulduğunun belirgin olmasına göre, HUMK.nun 440.maddesinde yazılı sebeple"
"76677100","Yargıtay","Hukuk Genel Kurulu","2010/7","2010/22","27.01.2010","hgk","usul_hukuk","y2010_2019","0.732","0.77","0.515","0.95","Dosya gönderme formunda tebliğ tarihi olarak yazılmışsa da; bu tarihin esas alınabilmesi için adı geçene tebligat gönderilmişse tebliğ olunamadığına ait belgenin, gönderilmemişse; bu vekile kalemde tebliğ olunmuşsa buna ilişkin belgenin veya hiç tebligat yapılmamış ve öğrenme beyanı mahkemece kabul edilmişse, tebligat yapılmayıp beyana itibar edildiği hususunu tevsik edecek usulünce düzenlenmiş bir belgenin evraka eklenmesi gerekir. Yasal başvuru sürelerinin başlangıcına esas"
"17011400","Yargıtay","Hukuk Genel Kurulu","2010/3694","2010/4860","21.09.2010","hgk","miras","y2010_2019","0.732","0.785","0.508","0.95","Duraksamadan belirtmek gerekir ki; 4721 sayılı Türk Medeni Kanunu hükümlerine göre bütünleyici parça niteliğindeki muhtesatların mülkiyeti kural olarak arzın mukadderatına tabidir. S...'e satıldığı, tarafların taşınmazda bu suretle paydaş oldukları, davacının taşınmaz üzerinde bulunan ilave ev ve ağaç niteliğindeki muhdesatın kendisine ait olduğunu öne sürerek dava açtığı, muhdesatların davalı tarafça satın alınan 4/5 payın satış tarihinden önce (bir adet incir ağacının dava "
"477600000","Yargıtay","Ceza Genel Kurulu","2011/47","2011/56","19.04.2011","cgk","ceza_genel","y2010_2019","0.732","0.893","0.444","0.95","ile tanıştığı, maktul ...’ın sanığa; ""bir arsa var, yüz milyara alır, yüzkırkbeş–yüzelliye de satar, karı paylaşırız, alıcısı da hazır"" dediği, sanık ile maktulün anlaştıkları, ertesi gün buluştukları ve alacakları arsayı İlhan isimli bir şahsa satma hususunda da anlaşarak, maktul ...’in babası ...’ın tanıdığı ve arsayı satacak olan ... ile ...’ın kendisine gösterdikleri arsa değil, tapuda başkası adına kayıtlı ve değeri çok daha düşük başka bir arsa olduğunu öğrendiği, bunun"
"77572900","Yargıtay","Ceza Genel Kurulu","2012/1363","2013/533","26.11.2013","cgk","is_sgk","y2010_2019","0.732","0.846","0.473","0.95","Ö.'ın; ""ben bu evde kızımla ikamet ediyorum, boşandığım eşim A.yarın yapacağım mevlüt yemeğine yardım etmek için buradadır, sürekli yanımda bulunmuyor, sadece günlük görüyorum, A.'yi nüfus sayımında G.D.'in evinde saydılar, eski eşim oğlumla birlikte bu kişinin evinde oturmaktadır"" dediği,
Sanıkların ikamet ettiklerini söyledikleri evlerin konumunu gösteren ve kolluk tarafından çizilen krokide, sanık M.'e ait ev ile sanık A.'nin birlikte oturduklarını söylediği G. Malvarlığın"
"87779500","Yargıtay","Ceza Genel Kurulu","2012/1142","2013/17","22.01.2013","cgk","ceza_genel","y2010_2019","0.732","0.717","0.548","0.95","(2) Soruşturulması ve kovuşturulması şikâyete bağlı olanlar hariç olmak üzere; diğer kanunlarda yer alan suçlarla ilgili olarak uzlaştırma yoluna gidilebilmesi için, kanunda açık hüküm bulunması gerekir"" şeklinde belirlenmiştir. maddesinin birlikte uygulanması gereken ahvalde suçun uzlaşma kapsamında olup olmadığı hususu değerlendirilmelidir."
"76971200","Yargıtay","Ceza Genel Kurulu","2010/233","2010/241","30.11.2010","cgk","ceza_genel","y2010_2019","0.732","0.748","0.529","0.95","Dosya içeriğinden; 
Gerekçeli kararın tebliğine ilişkin tebligat parçasında, tebliğin hüküm tarihinden önceki bir tarih olan 29.02.2008 yapıldığı belirtilmekte ise de, henüz verilmeyen bir hükmün tebliğinin olanaksız olması nedeniyle, belirtilen tarihin maddi bir yanılgıdan kaynaklandığı, UYAP üzerinden yapılan sorgulama sonucunda da gerekçeli kararın sanığa 01.05.2008 tarihinde tebliğ edildiği, dolayısıyla sanığın temyiz isteminin yasal bir haftalık süre içinde olduğu anlaşı"
"77050600","Yargıtay","Ceza Genel Kurulu","2011/58","2011/61","19.04.2011","cgk","ceza_genel","y2010_2019","0.732","0.598","0.615","0.95","maddesi ile kabul edilmiş olup, 19.12.2006 tarihinde yürürlüğe giren 5560 sayılı Yasanın 23. fıkralar ile de büyükler için kabul edilmiş, aynı Yasanın 40."
"77444000","Yargıtay","Hukuk Genel Kurulu","2012/848","2012/815","21.11.2011","hgk","is_sgk","y2010_2019","0.731","0.709","0.548","0.95","5521 Sayılı Kanun uyarınca bir uyuşmazlığın İş Mahkemesinde görülebilmesi için işçi sayılan kişilerle işveren veya işveren vekilleri arasında iş akdinden veya İş Kanununa dayanan her türlü hak iddialarından doğan hukuki uyuşmazlığın bulunması gerekir. Direnme yoluyla Hukuk Genel Kurulu önüne gelen uyuşmazlık; davalının eldeki davadaki sorumluluğunu gerektirecek beyanlarının haksız eylem mi yoksa sözleşmeye aykırılık mı oluşturacağı; varılacak sonuca göre zamanaşımı süresinin "
"77448000","Yargıtay","Hukuk Genel Kurulu","2012/737","2012/824","21.11.2011","hgk","is_sgk","y2010_2019","0.731","0.626","0.598","0.95","Yerel Mahkemece, davacının iş kazasından dolayı mal&ucirc;liyeti bulunmaması nedeniyle maddi tazminat talebinin reddine ancak geçirdiği ameliyatlar, oluşan yara izi ve iş kazası sonucunda çektiği sıkıntı ve üzüntü nedeniyle manevi tazminat talebinin kısmen kabulüne dair verilen karar, taraf vekillerinin temyizi üzerine, Özel Dairece yukarıda açıklanan gerekçelerle bozulmuş, Mahkemece önceki gerekçe genişletilmek suretiyle manevi tazminat talebinin kısmen kabulüne dair kararda"
"17160500","Yargıtay","Hukuk Genel Kurulu","2011/620","2011/715","30.11.2011","hgk","miras","y2010_2019","0.731","0.691","0.56","0.95","Yerel mahkemenin bozmaya konu ilk kararında, dava konusu 115 ada 264 , 140 ada 59, 121 ada 187,297,299 ve 110 ada 2 nolu parsellerin muris ile bir ilgisi bulunmadığı, davalının murisin dışında başka kişilerden satın alma yoluyla zilyet olduğu ve kadastro zamanında adına tespit gördüğü,gerekçeleri benimsenerek, davanın reddine karar verilmiştir. Yerel mahkemece, önceki kararda direnildiğinden bahisle ""taşınmazların satım bedelinin muris tarafından verildiği iddia edilerek kara"
"76987700","Yargıtay","Ceza Genel Kurulu","2010/217","2010/262","21.12.2010","cgk","usul_hukuk","y2010_2019","0.731","0.776","0.51","0.95","CEZA GENEL KURULU KARARI
Sanık M.K..t'un Bayburt Valisi olarak görev yaptığı sırada Ateşli Silahlar ve Bıçaklar ile Diğer Aletler Hakkındaki Yönetmeliğin 7/a maddesi kapsamında can güvenliği nedeniyle toplam üç kişiye anılan Yönetmelik hükümlerine aykırı olarak usulsüz silah taşıma ruhsatı verdiği ve bu şekilde zincirleme biçimde görevini kötüye kullandığı iddiasıyla açılan kamu davası sonucunda ilk derece mahkemesi sıfatıyla yargılamayı yapan Yargıtay 4. maddesinde valilikle"
"77341300","Yargıtay","Ceza Genel Kurulu","2011/482","2012/1784","25.09.2012","cgk","ticaret","y2010_2019","0.731","0.775","0.51","0.95","İncelenen dosya içeriğinden;
Suç tarihinde saat 15.00 sıralarında şüpheli kişiler üzerinde GBT incelemesi yapmakta olan polis ekiplerine A...isimli kıraathanede esrar maddesi satıldığı ve kıraathaneye ait arka bahçedeki dolapta çok miktarda satışa hazır esrar maddesi bulunduğunun ihbarı üzerine kolluk güçlerince bahse konu kahvehaneye gidildiği, şüpheli hareketler sergileyen sanık L. Amacım içmekti, ben üç gündür esrar kullanıyorum, bu amaçla satın aldım, pişmanım, kahvede bu"
"84070400","Yargıtay","Ceza Genel Kurulu","2012/1437","2013/153","30.04.2013","cgk","icra_iflas","y2010_2019","0.731","0.744","0.529","0.95","494 üncü maddenin 2, 3 ve 4 numaralı bentleri ile 521/a ve 521/b maddelerinde yazılı cürümlerden dolayı da yukarıdaki fıkralar hükümleri uygulanır” biçimindeki hüküm, 01 Haziran 2005 tarihinde yürürlüğe giren 5237 sayılı TCK’nun 168. D.ye.’ ait motosikletin 30.05.2003 tarihinde anahtar uydurulmak suretiyle çalındığı, müştekinin bir gün sonra kolluk birimlerine müracaatta bulunduğu,
23.09.2003 tarihinde jandarma görevlilerince yapılan kontrol sırasında sanığın kullandığı araç "
"76855800","Yargıtay","Ceza Genel Kurulu","2010/114","2010/154","22.06.2010","cgk","ticaret","y2010_2019","0.731","0.775","0.51","0.95","5237 sayılı TCY'nda, cürüm-kabahat ayrımı ve buna bağlı olarak da yaptırım sisteminde yer alan ağır-hafif hapis ayrımına son verilmesi üzerine, yasada kabahat olarak öngörülen bir kısım eylemler 5326 sayılı Kabahatler Yasası ile idari yaptırımı gerektiren eylemler olarak düzenlenmiş, bir kısım eylemler ise suç haline getirilmiştir. Bazı suçların re'sen takibi öngörülmüşken bazı suçların ise takibi şikayet koşuluna bağlanmış, bu husus da suç tanımının yer aldığı maddelerde, ""b"
"76390900","Yargıtay","Ceza Genel Kurulu","2012/1422","2013/385","24.09.2013","cgk","ceza_usul","y2010_2019","0.731","0.689","0.56","0.95","Buna göre, Yargıtay Cumhuriyet Başsavcısının ilamın kendisine verildiği tarihten itibaren 30 gün içinde ceza daireleri kararlarına karşı itiraz kanun yoluna başvurabileceği öngörülmüş, ancak 1412 sayılı CMUK'ndaki düzenlemeden farklı bir hüküm getirilmek suretiyle sanık lehine itirazlarda süre aranmayacağı kuralı benimsenmiştir. İncelenen dosya içeriğinden; yerel mahkeme hükmünün sanık hakkında hükmün açıklanmasının geri bırakılmasına yer olmadığına karar verilirken gösterile"
"76936200","Yargıtay","Ceza Genel Kurulu","2010/209","2010/215","26.10.2010","cgk","ticaret","y2010_2019","0.731","0.688","0.56","0.95","CEZA GENEL KURULU KARARI
Yargıtay Ceza Genel Kurulunca çözümlenmesi gereken uyuşmazlık; hak sahibinden ge-rekli izni almadan alışveriş merkezinde müzik yayını yapan sanıkların eylemlerinin suç oluşturup oluşturmadığına ilişkin ise de, dava zamanaşımının gerçekleşip gerçekleşmediği hususu öncelik-le değerlendirilmelidir. Dava zamanaşımını kesen son işlem sanıkların 04.05.2005 tarihindeki sorguları olup, bu tarihten sonra zamanaşımını kesen başkaca bir işlem bulunmamak-ta, Ceza"
"76944400","Yargıtay","Hukuk Genel Kurulu","2010/741","2011/145","13.04.2011","hgk","ticaret","y2010_2019","0.73","0.438","0.703","0.95","Kural olarak, özel yetki genel yetkiyi kaldırmaz, yani onunla birlikte uygulanır. Bunlardan kural olarak bütün davalar için uygulanan yetki kuralına, ""genel yetki kuralı"" ve bu mahkemeye de ""genel yetkili mahkeme"" denilmektedir."
"77377600","Yargıtay","Hukuk Genel Kurulu","2013/1244","2013/1470","23.10.2013","hgk","usul_hukuk","y2010_2019","0.73","0.686","0.56","0.95","6100 sayılı HMK'nun 47.maddesinde; ilk derece ve bölge adliye mahkemesi h&acirc;kimlerinin fiil ve kararlarından dolayı devlet aleyhine açılan tazminat davasının Yargıtay ilgili hukuk dairesinde açılacağı ve ""ilk derece mahkemesi sıfatıyla"" görüleceği; 4721 sayılı TMK 469.maddesinde ise; vesayetle ilgili tazminat ve diğer rücu davalarının vesayet dairelerinin bulunduğu yer asliye mahkemesinde görüleceği kabul edilmiştir. ve 468.maddeleri gereğince vesayet dairelerinde görevli"
"76857300","Yargıtay","Hukuk Genel Kurulu","2010/253","2010/261","12.05.2010","hgk","ticaret","y2010_2019","0.73","0.706","0.548","0.95","vekili verdiği temyize cevap/temyiz dilekçesinde; davaya konu baz istasyonunun şirketlerince teknik nedenlerle sökülerek kaldırıldığını, buna ilişkin olarak mahkeme aracılığı ile tespit yaptırdıklarını ve bu durumda davanın konusuz kaldığını, davacının davayı devam ettirmekte bir hukuki yararının kalmadığını beyanla, karar verilmesine yer olmadığına karar verilmesi için kararın bozulmasını talep ederek, buna ilişkin olarak yaptırdığı delil tespiti dosyasını mahkemeye sunmuştu"
"52032200","Yargıtay","Hukuk Genel Kurulu","2012/778","2013/250","20.02.2013","hgk","ticaret","y2010_2019","0.73","0.749","0.523","0.95","Bu itibarla, icra takibine konu bononun borçlusu olmadığı hususunda tereddüt bulunmayan davacıya karşı tacir olarak basiretli davranma yükümlülüğü bulunan davalı bankanın icra takibi başlatmakta haksız ve kötüniyetli olduğu Genel Kurul çoğunluğunca kabul edilmiştir. Eldeki dava, kambiyo senetlerine özgü haciz yoluyla yapılan takibe karşı menfi tespit istemine ilişkin olmakla, menfi tespit davaları ve kötüniyet tazminatına ilişkin yasal düzenlemelerin irdelenmesinde yarar vard"
"77703400","Yargıtay","Hukuk Genel Kurulu","2012/1517","2013/781","29.05.2013","hgk","esya_tapu","y2010_2019","0.73","0.773","0.51","0.95","Ancak buna rağmen, tapu kütüğünde veya dayanak kayıtlarında doğum tarihi yazılmış ve bu tarihte yanlışlık varsa, tapu kayıt maliki ile davacının veya murisinin aynı kişi olduğuna ilişkin açılan bu davaların ""çoğun içinde azı da vardır"" kuralı gereğince dinlenmesi ve tespit kararı verilmesi gerekir. Nevar ki, yerel mahkemenin, tapu kayıtlarında yer almayan tapu malikinin doğum tarihinin düzeltilmesine yönelik hükmü, usul ve yasaya aykırı olup, bu husus yeniden yargılamayı gere"
"77047300","Yargıtay","Hukuk Genel Kurulu","2011/295","2011/359","25.05.2011","hgk","miras","y2010_2019","0.73","0.804","0.491","0.95","Hemen belirtmek gerekir ki; muris muvazaası, sahtecilik, vekaletin kötüye kullanılması iddiasına dayalı davaların, herhangi bir zamanaşımı veya hak düşürücü süreye tabi olmaksızın her zaman açılabileceği tartışmasız olmasına rağmen, bu haller kadastro tespitinden önce ise ve 10 yıllık hak düşürücü süre geçmiş ise buna ilişkin itiraz ve davalar dahi dinlenemez. 2011/27 (Yürürlüğü Durdurma) s.k.)* yahut Devlet veya diğer kamu tüzel kişileri dahil, tarafların sıfatına bakılmaksı"
"76939000","Yargıtay","Ceza Genel Kurulu","2010/134","2010/217","26.10.2010","cgk","ticaret","y2010_2019","0.73","0.835","0.473","0.95","İncelenen dosya içeriğine göre;
Silopi Kaçakçılık ve Organize Suçlarla Mücadele Grup Amirliğince 2003 yılı sonrasında Irak'ın içine düştüğü kargaşa ve oluşan otorite boşluğundan yararlanan bazı kişilerin Irak'ta bulunan satıcılardan aldıkları silahları Silopi İlçesi üzerinden getirerek Türkiye'nin batısında bulunan illerde satmaya çalıştıkları yönünde yapılan istihbari çalışmalar sonucunda; başka türlü delil elde etme imkanı bulunmadığından 5271 sayılı CYY'nın 135. S...'ın oğ"
"77242700","Yargıtay","Ceza Genel Kurulu","2011/215","2011/279","20.12.2011","cgk","ticaret","y2010_2019","0.73","0.774","0.51","0.95","maddesi;
""(1) Önceden işlenen suçtan dolayı verilen hüküm kesinleştikten sonra yeni bir suçun işlenmesi h&acirc;linde, tekerrür hükümleri uygulanır. Ayrıca, mükerrir hakkında cezanın infazından sonra denetimli serbestlik tedbiri uygulanır."
"45606100","Yargıtay","Ceza Genel Kurulu","2012/1311","2013/263","28.05.2013","cgk","usul_hukuk","y2010_2019","0.73","0.837","0.473","0.95","İncelenen dosya içeriğinden;

 İngilizce öğretmeni olan sanığın askerlik celp döneminde Bursa Devlet Hastanesi acil polikliniğince düzenlendiği belirtilen 28.11.2003 tarih 186462 sayılı raporu Askerlik Şube Başkanlığına sunduğu, ancak Bursa Devlet Hastanesinin 28.06.2004 tarihli yazısında sanığın hastanede kaydının bulunmadığının bildirildiği, suça konu raporda imzası bulunan Dr. maddesi; ""Bir memur veyahut vesika itasına selahiyeti olan diğer bir kimse bu vesikaları verdiği "
"15977800","Yargıtay","Hukuk Genel Kurulu","2011/537","2011/698","23.11.2011","hgk","icra_iflas","y2010_2019","0.729","0.682","0.56","0.95","Mahkemece, 09.02.2010 tarihli kısa kararda, konusu kalmayan kira alacağı ve tahliye hakkında karar verilmesine yer olmadığını, icra tazminatına yer olmadığına, yargılama giderlerinin davacı üzerinde bırakılmasına karar verildiği halde gerekçeli hükümde konusu kalmayan kira alacağı ve tahliye hakkında karar verilmesine yer olmadığını, icra tazminatına yer olmadığına, yargılama giderlerinin davacı üzerinde bırakılmasına ve davalı lehine 933 TL vekalet ücreti takdirine karar ver"
"76976300","Yargıtay","Hukuk Genel Kurulu","2011/63","2011/204","20.04.2011","hgk","miras","y2010_2019","0.729","0.767","0.51","0.95","Davacı, sınırları bildirilen çekişme konusu taşınmazın kadastro sırasında tescil harici bırakıldığını, taşınmazın babasının zilyet ve tasarrufunda iken sağlığında kendisine taksimle zilyetliğini devrettiğini, babasının ekli zilyetliği ile zilyetlik süresinin kadastrodan 20 yıl öncesine dayandığını, üzerine ev inşa ettiğini, taşınmaza çekişmesiz, aralıksız, malik sıfatıyla zilyet ettiğini, taşınmazın kadastro harici bırakılmasını gerektirir bir neden bulunmadığını ileri sürüp,"
"17110500","Yargıtay","Hukuk Genel Kurulu","2011/410","2011/511","13.07.2011","hgk","usul_hukuk","y2010_2019","0.729","0.745","0.523","0.95","Bu azınlık görüşü karşısında çoğunlukça; “



“davacının atiye terk ettiği davayı her zaman yeniden açabileceğinin doğru olduğu, davayı açmasına da bir engel bulunmadığı, ancak 2002 yılında açılmış bir davada alınan bilirkişi raporunda tespit edilen miktara itiraz etmeyen ve zarar miktarının fazlasını aldığını açıkça kabul eden davacı tarafın, 2008 yılında tekrar destekten yoksun kalma tazminatı istemesinin TMK’nun 2.maddesi anlamında hakkın kötüye kullanılması olduğu ”



” "
"76859400","Yargıtay","Hukuk Genel Kurulu","2010/246","2010/267","12.05.2010","hgk","ticaret","y2010_2019","0.729","0.769","0.51","0.95","Hal böyle olunca, davalının satın almadığını iddia ettiği mallara ilişkin faturalara yasal sürede itiraz etmemiş; yöntemince tasdik ettirmediği ticari defterlerine de bu faturaları kaydetmiş olmasına göre, davacının dayanağı faturalarda yer alan malların davalı tarafından satın alındığının kabulü gerekir. maddesi uyarınca kenar başlıklarının metne dahil bulunduğu da gözetildiğinde; ticari işlerden dolayı tacirler arasında çıkan uyuşmazlıklarda ticari defterlerin (maddede göst"
"77069600","Yargıtay","Hukuk Genel Kurulu","2011/199","2011/420","15.06.2011","hgk","icra_iflas","y2010_2019","0.729","0.767","0.51","0.95","Bozma sonrası yapılan yargılamada ise; bozma ilamında belirtilen ""10.02.2005 tarihinden önce dava konusu hayvanların kaydı için başvuru olup olmadığının, başvuru var ise kim tarafından yapıldığının ilgili tarım müdürlüğünden araştırılarak, iktisap şekli ve sebebi üzerinde durularak sonucuna göre karar verilmesi gerektiğine"" ilişkin bozma nedeni doğrultusunda, mahkemece Konya İl Tarım Müdürlüğü ile İlçe Jandarma Komutanlığı'na müzekkereler yazılarak yazı cevapları dosya arasın"
"77446500","Yargıtay","Hukuk Genel Kurulu","2012/538","2012/821","21.11.2011","hgk","aile","y2010_2019","0.729","0.767","0.51","0.95","Yerel mahkeme direnme olarak adlandırdığı kararında ise, önceki gerekçeleri yanında ""tarafların aynı evi paylaşmalarına rağmen ortak hiç bir paylaşımlarının ve zevklerinin olmadığı, davacının davalının kazancını ve nereye harcadığını bilmediği, aralarında cinselliğin bulunmadığı, çocukları için dahi konuşmadıkları, evin ayrı odalarında vakit geçirdikleri anlaşılmaktadır. Evlilik birliğinin ortak paylaşımlara dayalı olması gerektiği sevinç ve üzüntülerin birlikte paylaşılması "
"17154300","Yargıtay","Hukuk Genel Kurulu","2011/779","2011/786","14.12.2011","hgk","miras","y2010_2019","0.729","0.767","0.51","0.95","O halde, bu eksikliğin giderilmesinden sonra Yargıtay'a gönderilmek üzere, dosyanın mahkemesine geri çevrilmesi gerekir. (2) Kamu kurum ve kuruluşlarının avukatlarına, yetkili amirleri tarafından usulüne uygun olarak düzenlenip verilmiş olan temsil belgeleri de geçerli olup, ayrıca noterce onaylanmasına gerek yoktur.""





 
""Vekâletnamesiz Dava Açılması Ve İşlem Yapılması"" başlıklı 77.maddesinde: 





 
""(1) Vekâletnamesinin aslını veya onaylı örneğini vermeyen avukat, dava"
"77208900","Yargıtay","Ceza Genel Kurulu","-","2011/240","22.11.2011","cgk","ceza_genel","y2010_2019","0.729","0.766","0.51","0.95","maddesinde yer alan sürücülere ait tali kusurlardan yorgun ve dalgın araç kullanma kuralını ihlal ettiğinden kazanın oluşunda kusurlu olduğu"" tespitine yer verildiği,
29.08.1999 tarihli ölü muayene tutanağından, ölümün, ""trafik kazası sonucu oluşan kafa travmasına bağlı gelişen beyin ölümü neticesi"" gerçekleştiğinin anlaşıldığı,
09.06.2006 tarihli keşifte hazır bulunan Bilirkişi E.T.'ın; ""Trafik kazası tespit tutanağı içeriğine göre; sürücü G. CEZA GENEL KURULU KARARI
Sanığın"
"76754900","Yargıtay","Ceza Genel Kurulu","2010/29","2010/56","23.03.2010","cgk","usul_hukuk","y2010_2019","0.729","0.68","0.56","0.95","maddesi uyarınca, h&acirc;kim veya mahkemece verilip istinaf veya temyiz incelemesinden geçmeksizin kesinleşen karar veya hükümlerde, madd&icirc; hukuka veya yargılama hukukuna ilişkin hukuka aykırılık bulunduğunu öğrenen Adalet Bakanlığı, o karar veya hükmün Yargıtay'ca bozulması istemini yasal nedenlerini açıklayarak, Yargıtay Cumhuriyet Başsavcılığına yazılı olarak bildirecektir. Bunun üzerine Yargıtay Cumhuriyet Başsavcılığı da hükmün veya kararın bozulması istemini içere"
"77135800","Yargıtay","Ceza Genel Kurulu","2011/108","2011/148","28.06.2011","cgk","ceza_genel","y2010_2019","0.729","0.679","0.56","0.95","Yargılama sistemimizde temyiz yasa yolu, yalnızca hükümler bakımından kabul edilmiş, hükümler de 5271 sayılı Yasanın 223. Yasada, hükmün açıklanmasının geri bırakılması kararına karşı başvurulabilecek yasa yolu hiçbir istisnaya yer vermeksizin açıkça itiraz olarak belirtilmiş olmakla, yasanın öngörmediği bir istisnayı yargı kararları ile oluşturmak, suçun niteliği veya sübuta yönelik başvuruların, yasa yolunu temyiz olarak değiştireceğini kabul etmek olanaksızdır."
"76761500","Yargıtay","Ceza Genel Kurulu","2009/245","2010/62","23.03.2010","cgk","ceza_usul","y2010_2019","0.729","0.769","0.51","0.95","Ancak sanık hakkında verilecek ceza, bozmaya konu olan cezadan daha ağır ise herhalde dinlenilmesi gerekir"" hükmü yer almaktadır. maddesinde yer alan; 'Duruşmadan vareste tutulmasını talep etmese bile, davanın görüldüğü yer mahkemesinin yargı çevresi dışında başka bir suçtan tutuklu veya cezası infaz edilmekte olan sanığın sorgusu bulunduğu yerdeki mahkeme aracılığı ile yaptırılabilir' şeklindeki hükme, karar tarihinde yürürlükte bulunan 5271 sayılı CYY'nın 196."
"76992900","Yargıtay","Ceza Genel Kurulu","2011/9","2011/2","25.01.2011","cgk","borclar","y2010_2019","0.729","0.765","0.51","0.95","Dosya incelendiğinde;
28.02.2001 tarihinde, Ş..C..tarafından verilmiş bulunan vekaletnameye istinaden kardeşi D..C..tarafından Karabük'te, hamiline olarak düzenlenen çekin, daha sonra katılana verilmesi ve katılan tarafından 13.03.2001 tarihinde Akbank Nuruosmaniye (İstanbul) Şubesine ibraz edildiği karşılığının bulunmadığının anlaşılması üzerine, 24.03.2001 tarihinde yapılan tebligata rağmen, düzeltme hakkının 7 günlük yasal süre içerisinde kullanılmadığı anlaşılmaktadır. Bu"
"17160400","Yargıtay","Hukuk Genel Kurulu","2011/614","2011/714","30.11.2011","hgk","usul_hukuk","y2010_2019","0.728","0.213","0.828","0.95","HUKUK GENEL KURULU KARARI






Hukuk Genel Kurulunca incelenerek direnme kararının süresinde temyiz edildiği anlaşıldıktan ve direnme kararının verildiği tarih itibariyle H.U.M.K.nun 2494 sayılı Yasa ile değişik 438/II.fıkrası hükmü gereğince duruşma isteğinin reddine karar verilip dosyadaki kağıtlar okunduktan sonra gereği görüşüldü:





 
Dava, tapu iptal ve tescil isteğine ilişkindir. Bilindiği üzere; direnme kararının varlığından söz edilebilmesi için, mahkeme bozmadan "
"77080600","Yargıtay","Hukuk Genel Kurulu","2011/406","2011/432","22.06.2011","hgk","borclar","y2010_2019","0.728","0.42","0.709","0.95","O halde, yeni hükme yönelik temyiz itirazlarının incelenmesi için dosyanın Özel Daireye gönderilmesi gerekir. HUKUK GENEL KURULU KARARI

 Hukuk Genel Kurulu'nca incelenerek direnme kararının süresinde temyiz edildiği anlaşıldıktan ve dosyadaki kağıtlar okunduktan sonra gereği görüşüldü:
Dava, 21.06.2003 tarihli yapı ortaklığına kabul nedeniyle tapu iptali ve tescil; olmadığı takdirde de tazminat isteğine ilişkindir."
"76937400","Yargıtay","Hukuk Genel Kurulu","2010/463","2010/486","13.10.2010","hgk","usul_hukuk","y2010_2019","0.728","0.28","0.79","0.95","HUKUK GENEL KURULU KARARI
 
Hukuk Genel Kurulunca incelenerek direnme kararının süresinde temyiz edildiği anlaşıldıktan ve dosyadaki k&acirc;ğıtlar okunduktan sonra gereği görüşüldü:
Tarafların karşılıklı iddia ve savunmalarına, dosyadaki tutanak ve kanıtlara, bozma kararında açıklanan gerektirici nedenlere göre, Hukuk Genel Kurulu'nca da benimsenen Özel Daire bozma kararına uyulmak gerekirken, önceki kararda direnilmesi usul ve yasaya aykırıdır. SONUÇ: Davacı-karşı davalı ve"
"17110000","Yargıtay","Hukuk Genel Kurulu","2011/399","2011/517","13.07.2011","hgk","ticaret","y2010_2019","0.728","0.676","0.56","0.95","Bu yönlere ilişkin temyiz nedenlerini inceleme görevi Özel Daireye ait olup, bu inceleme yapılmak üzere dosyanın Özel Daireye gönderilmesi gerekir. gerekçesiyle asıl davanın kısmen kabulüne, birleşen davanın da tümden kabulüne karar verilerek ; “



“Davacının davasının kısmen kabulü ile taşınmazın davalı tarafından kiraya verilmek suretiyle kullanılan kısmı için 01.01.2003- 01.08.2004 dönemine ait 1.506.211 TL ecrimisil bedelinin dönem sonu tahakkuk tarihinden itibaren yasal"
"77448800","Yargıtay","Hukuk Genel Kurulu","2013/464","2013/1698","25.12.2013","hgk","aile","y2010_2019","0.728","0.451","0.69","0.95","Bu nedenle yukarıdaki açıklamalardan da anlaşılacağı üzere küçük ergin oluncaya kadar babanın soyadını taşıması gerektiği Kurul çoğunluğunca kabul edilmiştir. O halde, Hukuk Genel Kurulu'nca da benimsenen Özel Daire bozma kararına uyulması gerekirken, önceki kararda direnilmesi usul ve yasaya aykırıdır."
"87581000","Yargıtay","Hukuk Genel Kurulu","2013/143","2013/1483","23.10.2013","hgk","miras","y2010_2019","0.728","0.729","0.529","0.95","Direnme yoluyla Hukuk Genel Kurulu önüne gelen uyuşmazlık; Muris mirasçıları arasında 02.04.2007 tarihinde düzenlenen rıza-i taksim ve sulh anlaşması başlıklı belgenin dava konusu edilen Şimşelli Köyü, 119 ada, 18 parsel sayılı taşınmazı da kapsayıp kapsamadığı; buradan varılacak sonuca göre bu parsel yönünden ne şekilde karar verilmesi gerektiği noktasında toplanmaktadır. Anılan belgenin 1.maddesinde taraflar, “Paylaşılması ve anlaşılması mümkün olmayan Nazilli Şimşelli Köyü"
"77675200","Yargıtay","Hukuk Genel Kurulu","2012/570","2012/1379","26.12.2012","hgk","borclar","y2010_2019","0.728","0.696","0.548","0.95","Açıklanan nedenle; dosyanın, belirtilen eksiklik giderilerek temyiz incelemesi yapılmak üzere Yargıtay'a gönderilmesi için, Yerel Mahkemeye geri çevrilmesi gerekir. vekilinin elde görülmekte olan şikayete ilişkin yargılamaya şikayetçi yanında katılma isteğinin yerel mahkemece ara kararı ile reddine karar verildiği, ilk karar ile direnmeye ilişkin gerekçeli kararın istemi reddedilen anılan şirket vekiline tebliğ edildiğine dair dosyada herhangi bir bilgi veya belgeye rastlanam"
"17063400","Yargıtay","Ceza Genel Kurulu","2011/33","2011/20","29.03.2011","cgk","aile","y2010_2019","0.728","0.742","0.523","0.95","Hukuk Dairesince 07.04.2008 gün ve 12269-3617 sayı ile hükmün onanmasına karar verildiği, bu karara karşı yapılan karar düzeltme isteminin de aynı dairece 19.11.2008 gün ve 7702-11226 sayı ile reddedildiği, böylece sanık ve maktûl arasındaki bu hukuksal uyuşmazlığın kısmen kabul kısmen red ile sonuçlandığı, 





Özel Dairenin bozma ilamında belirtilen İzmir 2. Ceza Dairesince, sahte olarak düzenlendiği belirtilen senedin ele geçmemesi nedeniyle sahte olduğunun ispatlanamadığ"
"77387800","Yargıtay","Ceza Genel Kurulu","2012/1272","2012/1870","25.12.2012","cgk","usul_hukuk","y2010_2019","0.728","0.676","0.56","0.95","Olağan kanun yollarından olan temyiz incelemesinin yapılabilmesi için bir temyiz davasının açılmış olması gerekir. hakkında beraat hükmü kurulduğu, 
Sanık D.hakkındaki beraat hükmünün suçun sabit olduğundan bahisle Cumhuriyet savcısı tarafından 28.06.2010 tarihinde temyiz edildiği ve adı geçen sanığa gerekçeli karar ile Cumhuriyet savcısının temyiz dilekçesinin ayrı ayrı tebliğe çıkarılarak 08.07.2010 günü tebliğ edildiği,
Sanık E.'un mahkemeye bildirdiği ""K."
"435870000","Yargıtay","Büyük Genel Kurulu","2013/7","2014/15","21.11.2014","yibk","is_sgk","y2010_2019","0.727","0.72","0.491","1","Madde gerekçesinde de “…ilk derece ve bölge adliye mahkemesi hâkimlerinin fiil ve kararlarından dolayı devlet aleyhine açılan tazminat davası, dava konusuna göre temyiz edilse idi, temyiz incelemesi Yargıtay’ın hangi hukuk dairesinde yapılacak idiyse o hukuk dairesinde; Yargıtay Başkan ve üyeleri ile kanunen onlarla aynı konumda olanların fiil ve davranışlarından dolayı açılacak tazminat davasının da Yargıtay Hukuk Genel Kurulu’nda açılacağı ifade edilmiştir. maddesinde Yargı"
"77244900","Yargıtay","Hukuk Genel Kurulu","2011/475","2011/560","28.09.2011","hgk","is_sgk","y2010_2019","0.727","0.448","0.69","0.95","Bir tespit davasının kabule şayan olabilmesi için, bu davanın konusunu oluşturan hukuki ilişkinin var olup olmadığının mahkemece hemen tespit edilmesinde davacının menfaatinin bulunması gerekir. HUKUK GENEL KURULU KARARI

 Hukuk Genel Kurulunca incelenerek direnme kararının süresinde temyiz edildiği anlaşıldıktan ve dosyadaki kağıtlar okunduktan sonra gereği görüşüldü:
Dava, muris sigortalının ölüm tarihini takip eden aybaşından itibaren ölüm aylığı bağlanması gerektiğinin te"
"76838100","Yargıtay","Hukuk Genel Kurulu","2010/199","2010/224","14.04.2010","hgk","usul_hukuk","y2010_2019","0.727","0.736","0.523","0.95","Nihayet, direnme kararları, yapıları gereği, Yasa'nın hukuka uygunluk denetimi yapmakla görevli kıldığı Yargıtay Dairesinin bu denetimi sonucunda hukuka aykırı bularak, gerekçesini açıklamak suretiyle bozduğu bir yerel mahkeme kararının aslında hukuka uygun bulunduğuna, dolayısıyla bozmanın yerinde olmadığına ilişkin bir iddiayı içerdiklerinden, o iddianın yasal ve mantıksal gerekçelerini de ortaya koymak zorundadır. Öncelikle konuya ilişkin şu genel açıklamaların yapılmasınd"
"17154400","Yargıtay","Hukuk Genel Kurulu","2011/843","2011/785","14.12.2011","hgk","ticaret","y2010_2019","0.727","0.726","0.529","0.95","Hemen belirtmelidir ki, temyiz isteği harca tabi işlemlerde temyiz dilekçesinin hakim tarafından havale edilmesiyle birlikte mahkeme kalemince harcının hesaplanıp, ilgilisine bildirilmesi ve harç tahsil edilip belgesi dosyaya alınmakla temyiz defterine kaydı gerekir. Diğer taraftan, temyiz isteyen davacı tarafın kendisinin ya da işleminin harçtan istisna ve muafiyetinin bulunmadığı belirgin olmakla temyiz isteminin incelenmesi için temyiz başvurma ve temyiz peşin harçlarının "
"76710900","Yargıtay","Hukuk Genel Kurulu","2010/79","2010/102","24.02.2010","hgk","usul_hukuk","y2010_2019","0.727","0.672","0.56","0.95","5271 sayılı Ceza Muhakemesi Kanunu 4.12.2004 tarihinde kabul edilmiş olup 17.12.2004 tarih ve 25673 sayılı Resmi Gazetede yayınlanmış; 31/03/2005 tarih ve 25772 Mük. 5320 sayılı Ceza Muhakemesi Kanunu'nun Yürürlük ve Uygulama Şekli Hakkında Kanunun ""Koruma Tedbirleri Nedeniyle Tazminat"" başlıklı 6.maddesi 
""(1) Ceza Muhakemesi Kanununun 141 ila 144 üncü maddeleri hükümleri, 1 Haziran 2005 tarihinden itibaren yapılan işlemler hakkında uygulanır."
"17079500","Yargıtay","Hukuk Genel Kurulu","2011/360","2011/313","18.05.2011","hgk","usul_hukuk","y2010_2019","0.727","0.759","0.51","0.95","Ç…



…..'a tevdi edilerek bozma doğrultusunda ek rapor aldırılmasına, …



….ücret takdirine"" karar verilmiş; yargılama aşamasında da söz konusu rapor alınarak ve açıkça 01.02.2010 tarihli bu ek rapordaki olgulara dayanılarak direnme olarak adlandırılan 27.10.2010 günlü karar verilmiş; hüküm davacı Orman Yönetimi vekilince temyiz edilmiştir. HUMK.429 mad.) 





 
Eş söyleyişle; mahkemenin yeni bir delile dayanarak veya bozmadan esinlenerek yeni bir inceleme yaparak, gerekçe"
"76968000","Yargıtay","Ceza Genel Kurulu","2010/207","2010/238","30.11.2010","cgk","ticaret","y2010_2019","0.727","0.756","0.51","0.95","Asliye Hukuk Mahkemesinin 2008/297 esas sayılı dosyasında mahkeme hakiminden, hakkında tedbir kararı bulunan dava konusu taşınmazın ifraz ve parselasyonuna izin verilmesini talep edip, dava sürecini etkilemek için çaba sarf etmek suretiyle yargı görevi yapanı etkilediği iddiasıyla 5237 sayılı TCY'nın 277. Asliye Hukuk Mahkemesince verilmiş olan 2008/28 değişik iş sayılı ihtiyati tedbir kararının devamına karar verilmesinin istendiği,
Esas defterinin 2008/297 sırasına kaydedil"
"45618900","Yargıtay","Ceza Genel Kurulu","2012/1446","2013/154","30.04.2013","cgk","ceza_genel","y2010_2019","0.727","0.512","0.653","0.95","maddesi ile kabul edilmiş, 19.12.2006 günü yürürlüğe giren 5560 sayılı Kanunun 23. CEZA GENEL KURULU KARARI

 Özel Daire ile Yargıtay Cumhuriyet Başsavcılığı arasında oluşan ve Ceza Genel Kurulunca çözümlenmesi gereken uyuşmazlık; sanık hakkındaki yerel mahkeme hükmünün, hükmün açıklanmasının geri bırakılmasının değerlendirilmesi amacıyla bozulmasının gerekip gerekmediğinin belirlenmesine ilişkindir."
"77259300","Yargıtay","Ceza Genel Kurulu","2011/407","2011/293","27.12.2011","cgk","ticaret","y2010_2019","0.727","0.757","0.51","0.95","maddesinde, ""Geçen iki maddede yazılı cürümler meslek ve sanat veya ticaret veya hizmet sebebiyle veya emanetçi sıfatiyle veyahut idare etmek için kendisine tevdi olunan veya teminat olarak teslim edilen şeyler üzerinde yapılırsa faili hakkında bir seneden beş seneye kadar hapis cezası tertip olunur ve şikayetname itasına hacet kalmaksızın takibat yapılır"" hükmü yer almaktadır. Ceza Genel Kurulunun 23.01.2007 gün ve 254-5 sayılı kararında da açıkça vurgulandığı üzere, yargıla"
"76714600","Yargıtay","Ceza Genel Kurulu","2009/260","2010/2","26.01.2010","cgk","ceza_usul","y2010_2019","0.727","0.759","0.51","0.95","maddesinde öngörülen özgürlüğü bağlayıcı cezanın, türü ve üst haddine göre, suç tarihi olan 01.07.1999 gününde yürürlükte bulunan ve sanık lehine olan 765 sayılı TCY'nın 102/4 maddesi uyarınca 5 yıllık asli dava zamanaşımı süresine tabi olduğu anlaşılmaktadır. maddeleri uyarınca DÜŞMESİNE,
3- Dosyanın mahalline iadesi için Yargıtay C.Başsavcılığına TEVDİİNE, 26.01.2010 günü yapılan müzakerede tebliğnamedeki isteme uygun olarak oybirliğiyle karar verildi."
"77524300","Yargıtay","Hukuk Genel Kurulu","2012/1853","2013/803","31.05.2013","hgk","usul_hukuk","y2010_2019","0.726","0.755","0.51","0.95","Davalının, dava sırasında müddeabihi bir başkasına devretmesi üzerine, aynı davaya müddeabihi devralan üçüncü kişiye karşı devam edilmesini isteyen davacının, bu isteğini mahkemeye açıkça bildirmesi, başka bir deyimle davayı üçüncü kişiye teşmil etmesi gerekir. Davada taraflardan birinin müddeabihi bir başkasına temlik ettiğini öğrenen mahkemenin de, bu hali kendiliğinden gözeterek, seçimlik hakkına binaen davacıdan talebini sorması ve davacının vereceği cevaba göre muamele y"
"77409600","Yargıtay","Hukuk Genel Kurulu","2013/1017","2013/832","14.06.2013","hgk","ticaret","y2010_2019","0.726","0.73","0.523","0.95","Dava açılmadan önce veya dava açıldıktan sonra talep edilebileceği, ancak hükümden sonra kanun yollarına müracaat için adli yardım kararının verilemeyeceği ilmi ve yargısal inançlardandır "" gerekçesi ile 28.09.2009 günlü muhtıradan rücu edilmesine ve sürenin durdurulmasına yönelik taleplerin, HUMK.465 ve 434/II.md.göre, adli yardım talebinin ise HUMK.465 ve 466.maddelerine göre reddine karar verilmiştir. Demir Sanayi Ticaret Limited Şirketi'nin karar düzeltme istemi yönünden;"
"17213900","Yargıtay","Hukuk Genel Kurulu","2010/391","2010/416","22.09.2010","hgk","usul_hukuk","y2010_2019","0.726","0.633","0.579","0.95","Yerel mahkemece, benimsenen bilirkişi raporu ile hak ve nesafet uyarınca davanın kısmen kabulüne dair verilen karar, Özel Dairece yukarıda açıklanan gerekçelerle bozulmuş, yerel mahkemece, davacı Kızılay Derneğinin harca tabi olmadığı, dava dilekçesinin 27.12.2007 tarihinde havale edilerek muhabere defterine kaydedilmesi ile davanın bu tarihte açıldığı, dolayısıyla 01.01.2007 tarihinde başlayan kira dönemi için süresinde dava açıldığı gerekçeleriyle direnme kararı verilmiştir"
"77545200","Yargıtay","Hukuk Genel Kurulu","2012/493","2012/902","28.11.2012","hgk","ticaret","y2010_2019","0.726","0.689","0.548","0.95","maddesi uyarınca, genel kurul kararının icrasının geri bırakılması hususunda mahkemelerce bir karar verilmediği sürece genel kurulca belirlenen aidatların ödenmesi gerekir ve bu anlamda aidatların tahsili hususunda açılan bir itirazın iptali davasında genel kurul iptal davasının neticesinin dahi beklenmesine gerek yoktur (Gönen Eriş, Ticari İşletme ve Şirketler, 4. maddesi, görülmekte olan davalarda da uygulanır"" hükmüne yer verilmiştir."
"77622200","Yargıtay","Hukuk Genel Kurulu","2013/381","2013/1597","27.11.2013","hgk","idare","y2010_2019","0.726","0.73","0.523","0.95","maddesinin somut olayda uygulama yerinin bulunmadığına ilişkin direnme kararının usul ve yasaya uygun olduğu kabul edilmiş ve bu yöne ilişkin olarak direnme kararının onanması gerekmiştir. Davacılar vekili, kamulaştırılmak suretiyle davalı idareye devredilen, ancak; imar planları değiştirilerek 3.şahsa satılan taşınmazla ilgili kamulaştırma işlemlerinin yok sayılarak, davacılara ödenen kamulaştırma bedeli düşüldükten sonra kalan yerin gerçek değerinin hesaplanarak davalı idar"
"77100700","Yargıtay","Ceza Genel Kurulu","2011/150","2011/177","20.09.2011","cgk","is_sgk","y2010_2019","0.726","0.666","0.56","0.95","Ceza Genel Kurulunda direnme hükmüne ilişkin görüşmelere geçilmeden önce bir Genel Kurul Üyesi tarafından; Özel Dairenin ilk derece mahkemesi olarak verdiği kararı temyizen inceleyen Ceza Genel Kurulunda yapılan görüşmelere katılan başkan ve üyelerin, aynı dosyanın direnme yoluyla tekrar gelmesi halinde Ceza Genel Kuruluna katılamayacaklarını ileri sürmesi üzerine, öncelikle bu hususun Yargıtay İçyönetmeliğinin 27. Yargıtay Başkan ve üyeleri, Yargıtay Cumhuriyet Başsavcısı ve"
"76973100","Yargıtay","Hukuk Genel Kurulu","2010/482","2010/525","20.10.2010","hgk","is_sgk","y2010_2019","0.725","0.2","0.828","0.95","HUKUK GENEL KURULU KARARI
 
Hukuk Genel Kurulunca incelenerek direnme kararının süresinde temyiz edildiği anlaşıldıktan ve direnme kararının verildiği tarih itibariyle H.U.M.K.nun 2494 sayılı Yasa ile değişik 438/II.fıkrası hükmü gereğince duruşma isteğinin reddine karar verilip dosyadaki kağıtlar okunduktan sonra gereği görüşüldü:
Dava, hizmet tespiti istemine ilişkindir. Davalı Kurum vekili, tarafı olmadıkları işçilik alacakları davasının delil niteliğinde olmadığı, çalışma"
"77430100","Yargıtay","Hukuk Genel Kurulu","2013/96","2013/859","19.06.2013","hgk","borclar","y2010_2019","0.725","0.727","0.523","0.95","Direnme yoluyla Hukuk Genel Kurulu önüne gelen uyuşmazlık; davalı kiracının kira sözleşmesinin 10.2 ve 10.5 maddesine aykırı olarak ""fişsiz ve faturasız satış yapması"" eyleminin kiralananın kullanımına ilişkin olup olmadığı, bu durumda 818 sayılı Borçlar Kanunu'nun 256.maddesi gereğince aktin feshi ile birlikte kiralananın tahliyesine de karar verilip verilemeyeceği noktasında toplanmaktadır. KARŞI OY YAZISI 

 818 Sayılı Borçlar Kanunu'nun 256.maddesinin birinci fıkrasında """
"16993400","Yargıtay","Hukuk Genel Kurulu","2010/321","2010/359","30.06.2010","hgk","is_sgk","y2010_2019","0.725","0.813","0.473","0.95","Öte yandan, kurumun bundan böyle artık halef sıfatını taşımadığı, sigortalının alacağından bağımsız, kanundan doğan rücu hakkına sahip olduğu gözetilerek; sigortalı veya hak sahipleri tarafından tazmin sorumluları aleyhine açılan tazminat davasında alınan kusur ve hesap raporu, rücu davasında bağlayıcı olmayıp, güçlü delil niteliğinde sayılması gerekir. Ancak, bu aşamada ilave edelim ki kesinleşen önceki rücu davalarında hüküm altına alınan miktarın mahsubu yapılırken, sigort"
"76493300","Yargıtay","Hukuk Genel Kurulu","2012/1927","2013/1406","25.09.2013","hgk","borclar","y2010_2019","0.725","0.35","0.74","0.95","Piyasa ekonomisinin h&acirc;kim olduğu hukuk sistemlerinde, sözleşme özgürlüğünden doğabilecek bazı sakıncalı durumlara ve özellikle de ekonomik gücün kötüye kullanılmasına engel olmak amacıyla sözleşme yapma mecburiyeti kabul edilmiştir. Örneğin; zorunlu geçit ve zorunlu kaynak haklarında belirli şartların bulunması halinde taşınmaz maliki, komşusuyla bir irtifak sözleşmesi yapmak zorundadır."
"77310200","Yargıtay","Hukuk Genel Kurulu","2011/572","2011/773","14.12.2011","hgk","ticaret","y2010_2019","0.725","0.748","0.51","0.95","Ltd Şti'nin bağlantı kurduğu acenteler ile çalışmaya devam ettiği, otele müşteri kabul ettiği, davalı Odeon Turizm A.Ş.'nin müşterilerinin de otelde konakladıkları, davacı tarafından konaklama bedellerine karşılık olarak düzenlenen faturaların davalı tarafından ödenmediği gerekçesi ile, itirazın kısmen iptaline karar verilmiştir. Mahkemece, daha önce değerlendirilmeyen ve ilk kararda yer verilmeyen Bodrum Cumhuriyet Başsavcılığının 2007/6920 soruşturma dosyasına, Bodrum Vergi"
"77449800","Yargıtay","Hukuk Genel Kurulu","2012/357","2012/828","21.11.2011","hgk","aile","y2010_2019","0.725","0.663","0.56","0.95","adlı çocuklarının olduğunu, davalının ailevi görevlerini yerine getirmediğini, davacıya aşağılayıcı sözler söylediğini, birkaç aydan beri bazı erkeklerle sık sık duygusal ve cinsel içerikli telefon görüşmeleri yaptığını ve mesajlaştığını, evlilik birliğinin temelinden sarsıldığını belirterek, tarafların boşanmalarına, küçük M.'in velayetinin davacıya bırakılmasına karar verilmesini talep ve dava etmiştir. Yerel mahkemece, herhangi bir tefrik kararı verilmeksizin ve yeni esas "
"77234500","Yargıtay","Hukuk Genel Kurulu","2011/514","2011/542","21.09.2011","hgk","aile","y2010_2019","0.725","0.814","0.473","0.95","Dosya içeriği ve toplanan delillerden: Eskişehir 1.Aile Mahkemesinin 1.12.2004 Tarih, 325-1447 sayılı ilamı ile tarafların boşandıkları, 26.12.2006 tarihinde de davalıya bağlanan nafaka miktarının 340 TL'ye çıkartıldığı, davalının Dedeman Otelinde çalıştığı ve Nisan ayı 2010 bordrosuna göre net 1.115,50 TL maaş aldığı anlaşılmaktadır. 4721 sayılı Türk Medeni Kanunu'nun 176.maddesi uyarınca nafakaya hükmedilirken, muhtemel bir zarardan dolayı şarta bağlı hüküm kurulması olanağ"
"457397800","Yargıtay","Hukuk Genel Kurulu","2010/192","2010/163","24.03.2010","hgk","usul_hukuk","y2010_2019","0.725","0.695","0.541","0.95","maddesi göre takdiren 500,00 TL idari para cezasının davacıdan tahsiline” şeklinde eksik oluşturulan ve hazineye gelir kaydedilmesine ilişkin ibareyi içermeyen hükmün maddi hataya dayalı olduğu kabul edilmiş; ancak, bu husus yeniden yargılamayı gerektirmediğinden kararın hüküm fıkrasının 2.bendindeki bu cümlenin gerekçeli karara uygun olarak “HUMK’nun 576/2. Hukuk Dairesinin ilk derece mahkemesi sıfatıyla verdiği, kararın süresinde temyiz edildiği anlaşıldıktan ve dosyadaki k"
"77172000","Yargıtay","Hukuk Genel Kurulu","2010/723","2010/671","22.12.2010","hgk","is_sgk","y2010_2019","0.725","0.748","0.51","0.95","diğer taraftan, 7201 sayılı tebligat kanunu(tk)'nun ""adres değiştirmenin bildirilmesi mecburiyeti"" başlıklı 35.maddesi;
""kendisine veya adresine kanunun gösterdiği usullere göre tebliğ yapılmış olan kimse, adresini değiştirirse, yenisini hemen tebliği yaptırmış olan kaza merciine bildirmeye mecburdur. Davalının adres değişikliğini bildirip bildirmediği Ticaret Sicil Memurluğundan mahkemece sorularak son durumunun sağlıklı bir biçimde tespiti ve buna göre yapılacak işlemin tes"
"256272600","Yargıtay","Hukuk Genel Kurulu","2012/1796","2013/126","23.01.2013","hgk","miras","y2010_2019","0.724","0.303","0.765","0.95","Başkanlığının ise sorumlu olduğu gerekçesiyle davanın kabulüne dair verilen karar, davalılar vekilerinin temyizi üzerine Özel Daire tarafından yukarıda yazılı gerekçelerle bozulmuş, Mahkemece önceki gerekçe genişletilmek ve emsal kararların onandığı belirtilmek suretiyle davanın kabulüne dair hükümde direnilmiştir. Davacı vekili birleşen davada özetle; Belediyeye ait işyerinde çalıştığı dönemde 3417 sayılı Kanun uyarınca ücretlerinden tasarruf teşvik kesintisi adı altında kes"
"17159500","Yargıtay","Hukuk Genel Kurulu","2011/635","2011/688","23.11.2011","hgk","aile","y2010_2019","0.724","0.434","0.69","0.95","HUKUK GENEL KURULU KARARI





 
Hukuk Genel Kurulunca incelenerek direnme kararının süresinde temyiz edildiği anlaşıldıktan ve dosyadaki kağıtlar okunduktan sonra gereği görüşüldü:





 
Dava, eş için tedbir, çocuk için reşit olana kadar iştirak, reşit olduktan sonra yardım nafakası istemine ilişkindir. Taraf vekillerinin temyizi üzerine karar, Özel Dairece, davacı kadın yararına uygun bir nafakaya karar verilmesinin gerektiği, ayrıca ""kabule göre"" başlığı altında da, davac"
"86656000","Yargıtay","Hukuk Genel Kurulu","2012/718","2013/388","20.03.2013","hgk","icra_iflas","y2010_2019","0.724","0.563","0.616","0.95","Şu durumda, Hukuk Genel Kurulu’nca da, benimsenen Özel Daire bozma kararına uyulmak gerekirken önceki kararda direnilmesi usul ve yasaya aykırıdır. vekili, eldeki şikayeti ile; müvekkili Yenice Belediyesi'ne Maliye Bakanlığı'nca şartlı olarak tahsis edilen yargı harcının kamuya tahsisli bir para olup haczi kabil olmadığı halde İstanbul 8.İcra Müdürlüğü'nün 2008/16203 esas sayılı dosyasında haczedilmesine yönelik memurluk kararının kaldırılmasını talep etmiştir."
"76982200","Yargıtay","Hukuk Genel Kurulu","2011/60","2011/215","20.04.2011","hgk","borclar","y2010_2019","0.724","0.657","0.56","0.95","Hal böyle olunca; dosyanın yeni hükme yönelik temyiz itirazlarının incelenmesi için Özel Daireye gönderilmesi gerekir. Somut olayda ise; Mahkeme, ilk kararında ""..yapılan ödemenin açık hata ya da davalının gerçek dışı beyanına veya hilesine dayalı bir ödeme de olmadığı gözetildiğinde son ödemenin yapıldığı tarihten itibaren 60 günlük sürenin kaçırılmış olması nedeniyle yapılan bu fazla ödemenin davalıdan talep edilmeyeceği"" gerekçesi ile ""davanın reddine"" karar vermiş; bu kar"
"76981100","Yargıtay","Hukuk Genel Kurulu","2011/131","2011/213","20.04.2011","hgk","usul_hukuk","y2010_2019","0.724","0.712","0.529","0.95","Ön sorunun konusunu oluşturan olgu şudur: 
Mahkemece ilk kararda, 18.11.2004 tarihli fatura içeriğindeki giderlerin paket fiyat kapsamında kaldığı bu nedenle de fatura bedelinin davalı tarafından davacıya ödenmesi gerektiği gerekçesi ile davanın kısmen kabulüne karar verilmiş; Özel Dairece; yukarıda başlık bölümünde yer alan gerekçe ile giderlerin paket fiyat kapsamında olup olmadığının belirlenemediğine işaretle araştırmaya yönelik olarak karar bozulmuştur. Hukuk Genel Kurul"
"52011200","Yargıtay","Ceza Genel Kurulu","2012/1429","2013/38","29.01.2013","cgk","ticaret","y2010_2019","0.724","0.746","0.51","0.95","fıkrası ise; ""(1)Bu Kanun hükümlerine aykırı olarak ateşli silahlarla bunlara ait mermileri satın alan veya taşıyanlar veya bulunduranlar hakkında bir yıldan üç yıla kadar hapis ve otuz günden yüz güne kadar adl&icirc; para cezasına hükmolunur"" biçiminde düzenlenmiş olup, 5728 sayılı Kanun ile hapis cezasının alt ve üst sınırlarında bir değişiklik yapılmamış, hürriyeti bağlayıcı ceza ile birlikte hükmolunacak para cezası adli para cezası olarak düzenlenmiştir. maddesi gereğin"
"77573100","Yargıtay","Ceza Genel Kurulu","2013/344","2013/529","26.11.2013","cgk","ceza_genel","y2010_2019","0.724","0.743","0.51","0.95","K.K.'nin basit tıbbi müdahale ile giderilebilecek nitelikte, aynı araçta bulunan katılan T.K.'nin birinci derecede kemik kırığı olacak nitelikte ve katılan M.K.'nin ise hayati tehlike geçirecek nitelikte yaralandıkları,
Trafik Kazası Tespit tutanağında;.....plakalı oto sürücüsünün karşı yoldan gelen trafiğin kullandığı yol bölümüne girerek, 2918 sayılı Kanunun 84. K.'nin ise kusurunun olmadığı bilgilerine yer verildiği,
Adli sicil kaydı bulunmayan sanığın aşamalarda; üzerine "
"17082700","Yargıtay","Hukuk Genel Kurulu","2011/347","2011/311","18.05.2011","hgk","is_sgk","y2010_2019","0.723","0.62","0.579","0.95","2010/105 K sayılı ilamlarında da aynı ilkeler benimsenmiştir. Hal böyle olunca, Yargıtay Özel Daire kararının kesinliğinden maksadın, mahkemece bu karara karşı direnilemeyeceği, olduğunun kabulü gerekir."
"17079700","Yargıtay","Hukuk Genel Kurulu","2011/230","2011/319","18.05.2011","hgk","is_sgk","y2010_2019","0.723","0.707","0.529","0.95","Öncelikle belirtmek gerekir ki, 01.01.2002 tarihinde yürürlüğe giren 4721 sayılı Türk Medeni Kanunu ile mülga 743 sayılı Türk Kanunu Medenisi'nin 152. Mahkemece tespit kararı verilebilmesi için öncelikle davacının tarımsal faaliyetin araştırılması gerekir."
"77522200","Yargıtay","Hukuk Genel Kurulu","2012/418","2012/874","28.11.2012","hgk","ticaret","y2010_2019","0.723","0.742","0.51","0.95","Yapılan bu açıklamalar ışığında, munzam zarar sorumluluğunun bir kusur sorumluluğu olması nedeniyle somut olayda öncelikle, davalının temerrüde düşmekte kusurunun bulunup bulunmadığının belirlenmesi gerekir. Anılan yasa hükmüne göre; ""alacaklının duçar olduğu zarar, geçmiş günler faizinden fazla olduğu surette borçlu kendisine hiçbir kusur isnat edilemeyeceğini isbat etmedikçe bu zararı dahi tazmin ile mükelleftir.""
Munzam zarar sorumluluğu, kusura dayanan temerrüdün hukuki b"
"76975900","Yargıtay","Hukuk Genel Kurulu","2011/44","2011/203","20.04.2011","hgk","miras","y2010_2019","0.723","0.738","0.51","0.95","Direnme kararı açıklanan nedenlerle usul ve yasaya aykırı olup; kararın bu değişik nedenlerle bozulması gerekir. Ayrıca mirasçılar tarafından Mersin 2.Asliye Hukuk Mahkemesinde de 2006/216 esasla birleşen, muris muvazaasına dayalı olarak karşılıklı başkaca davaların açıldığı da anlaşılmaktadır.Yani 2006/216 esaslı dosyada, miras bırakan tarafından dava konusu taşınmazlar dışında başkaca taşınmazların da eldeki davanın tarafları olan mirasçılarla,diğer bir mirasçıya temlik edi"
"16999900","Yargıtay","Hukuk Genel Kurulu","2010/305","2010/336","23.06.2010","hgk","is_sgk","y2010_2019","0.723","0.318","0.753","0.95","2-Tarafların karşılıklı iddia ve savunmalarına, dosyadaki tutanak ve kanıtlara, bozma kararında açıklanan gerektirici nedenlere ve özellikle Yargıtay Hukuk Genel Kurulunun 13.06.2007 gün ve 2007/9-339 E., 2007/346 K sayılı ilamında da aynı görüşün kabul edilmiş olmasına göre, Hukuk Genel Kurulu'nca da benimsenen Özel Daire bozma kararına uyulmak gerekirken, önceki kararda direnilmesi usul ve yasaya aykırıdır. Ayrıca belirtmek gerekir ki, yüzde beş fazla ödeme tutarlarından ya"
"77080100","Yargıtay","Hukuk Genel Kurulu","2011/319","2011/431","22.06.2011","hgk","aile","y2010_2019","0.723","0.398","0.709","0.95","Bu nedenle: Aynı yöne işaret eden ve Hukuk Genel Kurulu'nca da benimsenen Özel Daire Bozma kararına uyulmak gerekirken, yanılgılı gerekçe ile önceki kararda direnilmesi usul ve yasaya aykırı olup; kararın bozulması gerekir. Bu husus, tüm kaza-i ve ilmi içtihatlarla da kabul edilmiştir(1086 s."
"77656600","Yargıtay","Hukuk Genel Kurulu","2012/304","2012/1282","19.12.2012","hgk","aile","y2010_2019","0.723","0.674","0.548","0.95","Mahkemece, yaşanan olaylar nedeniyle davacının madden ve manen kişilik haklarının ağır surette zarara uğradığı gerekçesiyle tarafların boşanmalarına, anne için aylık 2.000,00 TL yoksulluk nafakasına, müşterek çocuk için 1.500,00 TL iştirak nafakasına, 200.000,00 TL maddi tazminata ve 250.000,00 TL manevi tazminatın tahsiline karar verilmiştir. Yerel mahkemece, taraf vekillerince temyiz edilen dosyada herhangi bir tefrik kararı verilmeksizin ve yeni bir esas numarası kaydı yap"
"87159400","Yargıtay","Hukuk Genel Kurulu","2013/134","2013/1368","18.09.2013","hgk","icra_iflas","y2010_2019","0.723","0.774","0.491","0.95","Somut olayda, mahkemece mahallinde yapılan keşif sonucu alınan 21.03.2011 tarihli bilirkişi heyet raporunda, davaya konu taşınmazın borçlunun haline münasip olduğu, belirlenen 53.932,00 TL taşınmaz bedelinin borçlu ve ailesinin ihtiyaçlarına cevap verebilecek normal bir evin değerinden düşük olduğu tespit edilmiştir. Davacı(borçlu) vekili, müvekkili hakkında davalı(alacaklı) tarafından yürütülen icra takibi sırasında müvekkilinin haline ve sosyal durumuna münasip meskeninin h"
"77593200","Yargıtay","Ceza Genel Kurulu","2013/379","2013/427","22.10.2013","cgk","icra_iflas","y2010_2019","0.723","0.258","0.79","0.95","maddesindeki ""değişik zamanlarda"" ifadesi nedeniyle zincirleme suç hükümlerinin uygulanabilmesi için, suçların mutlaka değişik zamanlarda işlenmesi gereklidir ki bunun sonucu olarak, aynı mağdura, aynı zamanda, aynı suçun birden fazla işlenmesi durumunda tek suçun oluşacağı kabul edilmiştir. Nitekim 765 sayılı TCK'nun yürürlükte bulunduğu dönemde bu husus yargısal kararlarla kabul edilmiş ve uygulama da bu doğrultuda yerleşmiştir."
"77202300","Yargıtay","Ceza Genel Kurulu","2011/216","2011/234","22.11.2011","cgk","ceza_genel","y2010_2019","0.723","0.804","0.473","0.95","Ben bu şahıslardan oğlumun elinden tehdit ederek zorla telefonu aldıkları ve ayrıca öldürmekle tehdit edip okula gitmesini engelleyerek eğitimine mani oldukları için davacı ve şikayetçiyim"", 18.06.2006 tarihinde C.Savcılığında; ""Biz şikayet ettikten sonra A.T.'a satıldığını öğrendik, daha sonra buradan telefonu aldık, telefonumuz aldığımızda sağlam çalışıyordu. Telefonu kontrol ettik gerçekten oğlunun resmini ekranda görünce 'gidin karakola şikayet edin' dedim onları yönlendi"
"77209400","Yargıtay","Ceza Genel Kurulu","2011/192","2011/241","22.11.2011","cgk","usul_hukuk","y2010_2019","0.723","0.491","0.653","0.95","CEZA GENEL KURULU KARARI
Özel Daire ile Yargıtay C.Başsavcılığı arasında oluşan ve Ceza Genel Kurulunca çözümlenmesi gereken uyuşmazlık; bir başka suçtan yargı çevresi dışında tutuklu bulunan sanığın savunmasının istinabe suretiyle alınması, Cumhuriyet savcısının esas hakkındaki görüşünü bildirdiği ve hükmün açıklandığı son oturuma getirtilmeden karar verilmesinin savunma hakkının kısıtlanması niteliğinde olup olmadığının belirlenmesine ilişkindir. İncelenen dosya içeriğinden"
"77107400","Yargıtay","Ceza Genel Kurulu","2011/82","2011/182","20.09.2011","cgk","ceza_genel","y2010_2019","0.723","0.773","0.491","0.95","maddesinde;
""1) Kişilerin hayatı, sağlığı veya malvarlığı bakımından tehlikeli olacak biçimde ya da kişilerde korku, kaygı veya panik yaratabilecek tarzda;
&hellip;
c) Sil&acirc;hla ateş eden veya patlayıcı madde kullanan, 
Kişi, altı aydan üç yıla kadar hapis cezası ile cezalandırılır"" biçiminde tanımlanmıştır. maddesinde ise; ""Kanunun açıkça suç saymadığı bir fiil için kimseye ceza verilemez ve güvenlik tedbiri uygulanamaz, kanunda yazılı cezalardan ve güvenlik tedbirlerind"
"76758300","Yargıtay","Ceza Genel Kurulu","2010/41","2010/59","23.03.2010","cgk","ceza_genel","y2010_2019","0.723","0.653","0.56","0.95","maddesi ile çocuklar hakkında hükmün açıklanmasının geri bırakılması müessesi kabul edilmiş, 19.12.2006 tarihinde yürürlüğe giren 5560 sayılı Yasanın 23. maddesi değiştirilmek suretiyle, denetim süresindeki farklılık hariç olmak koşuluyla, çocuklar ile yetişkinler hükmün açıklanmasının geri bırakılması açısından aynı koşullara tabi kılınmış, yetişkin sanıklar yönünden başlangıçta şik&acirc;yete bağlı suçlarla sınırlı olarak, hükmolunan bir yıl veya daha az süreli hapis veya a"
"457377600","Yargıtay","Hukuk Genel Kurulu","2012/1548","2012/1418","26.12.2012","hgk","is_sgk","y2010_2019","0.722","0.737","0.51","0.95","arkadaşlarına ilk aylarda denge tazminatı ödemesinin yapıldığını, daha sonra mahsup edilerek ödemesinin yapılmadığını, davacının işten çıkartılıp Personel Daire Başkanlığı’na bildirildiğinde ek ödemenin maaş nakil belgesinde yer almadığını belirterek, ek ödemenin başlangıç tarihi 03.06.2006 tarihinden 15.09.2007 tarihine kadar ödenmeyen YPK kararından kaynaklı ek ödeme ücret alacağının faizi ile birlikte tahsilini istemiştir. Telekom AŞ vekilinin temyiz dilekçesinin reddine i"
"77203400","Yargıtay","Hukuk Genel Kurulu","2012/1751","2013/81","23.01.2013","hgk","miras","y2010_2019","0.722","0.295","0.765","0.95","maddesi gereğince çalışanların tasarrufu teşvik hesaplarındaki borçları yönünden uzlaşmaya gitmediği için Hazine Müsteşarlığı aleyhine açılan davanın husumet yönünden reddi gerektiği, davalı Belediye Başkanlığının ise sorumlu olduğu gerekçesiyle davanın kabulüne dair verilen karar, davalılar vekilerinin temyizi üzerine Özel Daire tarafından yukarıda yazılı gerekçelerle bozulmuş, Mahkemece önceki gerekçe genişletilmek ve emsal kararların onandığı belirtilmek suretiyle davanın "
"77256900","Yargıtay","Hukuk Genel Kurulu","2011/525","2011/575","28.09.2011","hgk","is_sgk","y2010_2019","0.722","0.607","0.585","0.95","maddesi uyarınca davacının sigortalılık başlangıç tarihinin borçlanılan gün sayısı kadar geriye gidilerek belirlenmesi gerektiğini, bu nedenle yaşlılık aylığı bağlanabilmesi için gerekli sigortalılık süresini yerine getirmediğini, ayrıca Türkiye'de çalışması olmayan davacı hakkında Türk-Alman Sosyal Güvenlik Sözleşmesinin uygulanmasının mümkün olmadığını belirterek davanın reddini istemiştir. İlk uyuşmazlığın çözümünden sonra varılacak sonuca göre çözümü gereken ikinci uyuşma"
"77548600","Yargıtay","Hukuk Genel Kurulu","2012/601","2012/908","28.11.2012","hgk","usul_hukuk","y2010_2019","0.722","0.735","0.51","0.95","Davacı vekili, kayden maliki olduğu 1982 ada 217 parsel sayılı taşınmazına davalı İstanbul Büyükşehir Belediye Başkanlığı tarafından yol ve tretuvar yapılarak kamulaştırma yapılmaksızın el atıldığını, taşınmazın cepheli olduğu yolun davalı İstanbul Büyükşehir Belediye Başkanlığı'nın sorumluluğunda bulunan ve ana arter niteliği taşıyan ......Caddesi olduğunu ileri sürerek, kamulaştırma bedelinin tahsilini istemiştir. Davalı Belediye vekili cevaben, hak düşürücü sürenin araştır"
"77315500","Yargıtay","Hukuk Genel Kurulu","2012/1204","2013/408","27.03.2013","hgk","icra_iflas","y2010_2019","0.722","0.672","0.548","0.95","Borçlu- şikayetçi, karşı taraf alacaklının aleyhinde çek nedeniyle kambiyo senetlerine mahsus haciz yolu ile takip yapılmışsa da, çekin davalı tarafa 09.06.2009 tarihli protokol gereğince verildiğini, takibe konu çekin teminat çeki olduğunu, bir borç doğurmayacağını, çekin vasfını ve borcu kabul etmediğini, çekin kambiyo senedi vasfı taşımadığından kambiyo senetlerine özgü takibe konu edilmesinin mümkün olmadığını ileri sürerek takibin iptalini istemiştir. Hukuk Genel Kurulu'"
"77627100","Yargıtay","Hukuk Genel Kurulu","2013/1668","2013/1603","27.11.2013","hgk","diger","y2010_2019","0.722","0.722","0.518","0.95","Genel Kurul'da yapılan tartışmalar sonunda davacı vekilinin vermiş olduğu dilekçede sonuç itibariyle kararın bozulmasının istendiği, bu durumda dilekçesinin karar düzeltme istemine ilişkin olduğu, davacının her zaman içtihadı birleştirme isteminde bulunabileceği sonucuna oybirliğiyle varılarak, birinci ön sorun bu şekilde aşılmış ve ikinci ön sorunun incelenmesine geçilmiştir. Bu ön sorunlardan ilki; davacı vekilinin 20.05.2013 tarihli dilekçe ile karar düzeltme isteminde mi "
"77028900","Yargıtay","Ceza Genel Kurulu","2010/250","2011/53","19.04.2011","cgk","usul_hukuk","y2010_2019","0.722","0.766","0.491","0.95","T.'ye yapıldığı belirtilen ön ödeme tebligatı suretinin soruşturma dosyasında bulunmadığı gerekçesiyle 10.04.2006 gün ve 2006/40 değişik iş sayı ile iddianamenin iadesine karar verildiği, buna karşı Trabzon Cumhuriyet Başsavcılığı tarafından yapılan itiraz üzerine, Trabzon Ağır Ceza Mahkemesince 26.04.2006 gün ve 2006/245 değişik iş sayı ile itirazın kabulü ile iddianamenin iadesi kararının kaldırılması ve dosyanın gereği için Trabzon 2. Ancak bu süreler, Türk Ceza Kanununun "
"77278400","Yargıtay","Hukuk Genel Kurulu","2011/510","2011/623","12.10.2011","hgk","aile","y2010_2019","0.721","0.644","0.56","0.95","01.10.2011 tarihinde yürürlüğe giren 6100 sayılı Hukuk Muhakemeleri Kanunu'nun Geçici Madde 3/2 maddesinde ise;
""Bölge adliye mahkemelerinin göreve başlama tarihinden önce aleyhine temyiz yoluna başvurulmuş olan kararlar hakkında, kesinleşinceye kadar 1086 sayılı Kanunun 26.09.2004 tarihli ve 5236 sayılı Kanunla yapılan değişiklikten önceki 427 il&acirc; 454 üncü madde hükümlerinin uygulanmasına devam olunur.""
Hükmüne yer verilmiştir. Diğer taraftan, 25.01.1985 gün ve 5/1 say"
"77577700","Yargıtay","Hukuk Genel Kurulu","2013/1772","2013/1557","13.11.2013","hgk","usul_hukuk","y2010_2019","0.721","0.43","0.684","0.95","O halde, yerel mahkemece çocuklardan G.yönünden aynı yönlere işaret eden ve Hukuk Genel Kurulu'nca da benimsenen Özel Daire bozma kararına uyulmak gerekirken, önceki kararda direnilmesi usul ve yasaya aykırıdır. 13 ve 20) birisi bulunmadığı takdirde, Taraf Devlet yetkili makamlarının, Sözleşme uyarınca kural olarak çocuğun iadesi yönünde karar vermesi gerekir (m.12/f.1)."
"77281900","Yargıtay","Hukuk Genel Kurulu","2011/586","2011/645","19.10.2011","hgk","aile","y2010_2019","0.721","0.732","0.51","0.95","Davalı cevap dilekçesinde, 1989 tarihinde evlenip, Fransa'ya gittiğini, evliliğin daha ilk ayından itibaren davacı tarafın uygunsuz davranışları ve işleri, kendisini dövmesi nedeniyle evlilik birliğinin sarsıldığını, kendisinin 1990 yılında Türkiye'ye dönmesinden itibaren davacı ile bir araya gelmediklerini, kendisinin de boşanmak istediğini, ancak açtığı davaları takip edemediğini, davacının sakatlığının ayrı oldukları dönemde gerçekleştiğini, davacının davasında haksız oldu"
"76907400","Yargıtay","Hukuk Genel Kurulu","2010/461","2010/434","29.09.2010","hgk","miras","y2010_2019","0.721","0.795","0.473","0.95","adına kayıtlı olduğunu,anılan kişinin mirasının 64/256 payının eşi C....'nin mirasçısız ölmesi nedeniyle Hazineye ait olduğunun belirlendiğini,ne var ki malikin ""A..."" olan baba adının tapu kaydında yazılı olmaması nedeniyle taşınmazın intikalinin yaptırılamadığını ileri sürüp,malikin baba adının tapu kaydına eklenmesini istemiştir. maddesi hükmüne göre, elbirliği mülkiyetinde ortakların belirlenmiş payları olmayıp, her birinin hakkı; Türk Medeni Kanununun 599.maddesinde yer "
"16992900","Yargıtay","Hukuk Genel Kurulu","2010/342","2010/355","30.06.2010","hgk","is_sgk","y2010_2019","0.721","0.73","0.51","0.95","Davacı, yeni adı Sağlık Bakanlığı Yalova Devlet (Eski SSK) Hastanesi olan işyerinde çalıştığını belirterek, ücret farkı, ikramiye, vasıta yardım alacağı, hizmet zammı, sosyal yardım, giyim ve konut yardımı, fazla mesai, genel tatil ile yıllık izin ücret alacaklarının yasal faiziyle birlikte davalı Kurumdan tahsiline karar verilmesini talep ve dava etmiştir. Direnme yoluyla Hukuk Genel Kurulu önüne gelen uyuşmazlık; Bazı Kamu Kurum ve Kuruluşlarına ait Sağlık Birimlerinin Sağl"
"77200400","Yargıtay","Ceza Genel Kurulu","2011/136","2011/232","22.11.2011","cgk","miras","y2010_2019","0.721","0.731","0.51","0.95","Bilirkişi raporlarına karşı yazılı beyanlarımızı sunuyoruz"" dediği, buna karşın sanık tarafından yargılamaya son verilerek 23.06.2006 gün ve 119-144 sayı ile davacıların davasının kabulüne, 86.138,43 metrekare yüzölçümlü alanın davacılar adına tapuya tesciline karar verildiği, 
Sanığın bu aşamada 2006 yaz kararnamesi ile Didim Hakimliğine atandığı, 
Kararın davalı Hazine ve Tunceli Belediye Başkanlığı vekilleri tarafından temyiz edilmesi üzerine dosyayı inceleyen Yargıtay 8. "
"76857000","Yargıtay","Ceza Genel Kurulu","2010/119","2010/155","22.06.2010","cgk","is_sgk","y2010_2019","0.721","0.774","0.485","0.95","S...'ın, kasten öldürme ve nitelikli yağma suçlarından mahk&ucirc;miyetlerine, sanık S E'nin, kasten öldürme ve nitelikli yağma suçlarından beraatine ilişkin yerel mahkeme hükmü Özel Dairece, aralarında çıkar çatışması bulunan sanıkların aynı müdafi tarafından savunulması isabetsizliğinden bozulmasına karar verilmiş, Yargıtay C. Başbakanlığın genelgesi uyarınca 12 Aralık 2008 Cuma günü hizmetlerin aksamaması açısından gerekli tedbirin alınması ve asgari seviyede personelin bu"
"76803200","Yargıtay","Hukuk Genel Kurulu","2010/213","2010/218","14.04.2010","hgk","ticaret","y2010_2019","0.72","0.458","0.665","0.95","Bu nedenlerle, Hukuk Genel Kurulu'nca da benimsenen Özel Daire bozma kararına uyulmak gerekirken, önceki kararda direnilmesi usul ve yasaya aykırıdır. Mahkemece kurulan ilk hükümde;asıl ve birleşen ilk dava, davalılar BADEŞ ve çalışanları hakkında kabul edilmiş;diğer davalılar Ö..."
"76758800","Yargıtay","Hukuk Genel Kurulu","2010/181","2010/185","31.03.2010","hgk","is_sgk","y2010_2019","0.72","0.574","0.598","0.95","Bu durumda, Yerel Mahkemece direnme kararı olarak nitelendirilen temyize konu kararın, gerçekte bir direnme kararı değil; bozma kararından esinlenilerek verilmiş yeni bir hüküm niteliğinde olduğu kabul edilmelidir. S O N U Ç : Yukarıda açıklanan nedenlerle yeni hükme yönelik temyiz itirazlarının incelenmesi için dosyanın 17.HUKUK DAİRESİNE gönderilmesine, 31.03.2010 gününde oyçokluğu ile karar verildi."
"77147400","Yargıtay","Hukuk Genel Kurulu","2010/663","2010/652","15.12.2010","hgk","esya_tapu","y2010_2019","0.72","0.788","0.473","0.95","Yerel mahkemece mahallinde 25.02.2005 ve 20.04.2006 tarihlerinde iki kez keşif yapılmış; Birinci Bilirkişi Kurulunca düzenlenen 01.04.2005 tarihli asıl raporda taşınmaza dava tarihi itibariyle metrekarede 55.00 TL değer biçilmiş; İkinci Bilirkişi Kurulunca düzenlenen 08.05.2006 tarihli asıl raporda ise taşınmaza dava tarihi itibariyle metrekarede 25.00 TL değer takdir edilmiştir. Davalı vekilinin itirazı üzerine her iki bilirkişi kurulundan da ek rapor alınmış; Birinci Bilirk"
"84338100","Yargıtay","Ceza Genel Kurulu","2013/716","2013/627","24.12.2013","cgk","icra_iflas","y2010_2019","0.72","0.693","0.529","0.95","CEZA GENEL KURULU KARARI
Direnme hükmü, sanık müdafii tarafından 30.11.2012 tarihinde temyiz edilmiş ise de, sanığın cezaevinden gönderdiği 04.12.2012 günlü dilekçeyle temyizden vazgeçmiş olması nedeniyle temyiz incelemesi o yer Cumhuriyet savcısının istemi ile sınırlı olarak yapılmıştır. Baskı, İstanbul, 2000, s.315.) 
Bu husus, Yargıtay Ceza Genel Kurulu’nun 04.06.1990 gün ve 101-156 sayılı kararında da; “Teşebbüste aranan kast, icrasına başlanmış cürmü teşebbüs aşamasında "
"76754000","Yargıtay","Ceza Genel Kurulu","2009/255","2010/55","23.03.2010","cgk","icra_iflas","y2010_2019","0.72","0.726","0.51","0.95","CEZA GENEL KURULU KARARI
Eylemin gerçekleştirildiği 2007 yılında Sivas İcra Mahkemesi Hakimi olarak görev yapmakta olan sanık F.D.'nin, bir kısım avukatlara sempati, diğer bir kısım avukatlara da antipati duyduğu ve bu duygularını işine yansıtmak suretiyle bazı dosyalarda yasaya açıkça aykırı, yanlı kararlar verdiği iddiasıyla açılan kamu davasının yapılan yargılaması sonunda, sanığın olay tarihinde birinci sınıfa ayrılmış bir hakim olması nedeniyle davaya ilk derece mahkemes"
"465100800","Yargıtay","Ceza Genel Kurulu","2013/101","2013/225","30.04.2013","cgk","usul_hukuk","y2010_2019","0.72","0.694","0.529","0.95","maddesinde belirtilen kişiler tarafından açılması veya hükmün kendiliğinden temyize tâbi olması halinde, Yargıtayca suç niteliğinde hataya düşüldüğü saptandığında aleyhe temyiz bulunmasa bile, cezanın tür ve miktarı yönünden kazanılmış hak saklı kalmak şartıyla hükmün bozulmasına karar verilecektir. maddeleri uyarınca 7 yıl 6 ay hapis cezasıyla cezalandırılmasına ilişkin yerel mahkeme hükmünün, Özel Dairece, eylemin daha ağır cezayı gerektiren ve aynı kanunun 82/1-e maddesind"
"76998000","Yargıtay","Hukuk Genel Kurulu","2011/134","2011/254","29.04.2011","hgk","miras","y2010_2019","0.719","0.379","0.709","0.95","Ancak, açıklanan kural yargısal uygulamada kısmen yumuşatılmış bir ortağın tek başına dava açabileceği, ne var ki, davaya devam edilebilmesi için öteki ortakların olurlarının alınması veya miras şirketine atanacak temsilci aracılığı ile davanın sürdürülmesi gerektiği kabul edilmiştir. (11.10.982 tarih 1982/3-2 sayılı İçtihadı Birleştirme Kararı) Nitekim bu görüş bilimsel alanda da aynen benimsenmiştir."
"77514600","Yargıtay","Hukuk Genel Kurulu","2012/1932","2013/787","29.05.2013","hgk","icra_iflas","y2010_2019","0.719","0.784","0.473","0.95","Davalı Üniversite'de 2010-2011 yılı eğitim-öğretim yılının 27.09.2010 tarihinde başladığı, davacının kaydını dönem başlamadan 13.09.2010 tarihinde sildirerek, taahhütnamede değinilen ücretin iade edilmeme koşulu oluşmadığına; ücret ödemenin karşılığı olan eğitim öğretim hizmetinden davacı tarafından henüz yararlanılmadığı anlaşıldığına göre; davacıya, yatırdığı eğitim- öğretim bedelinin iadesi gerekir. Davacı, davalı Yaşar Üniversitesi'ne 02.09.2010 tarihinde kaydını yaptırdı"
"17214200","Yargıtay","Hukuk Genel Kurulu","2010/146","2010/184","31.03.2010","hgk","usul_hukuk","y2010_2019","0.719","0.569","0.598","0.95","O halde somut olayın özelliği dikkate alınarak Hukuk Genel Kurulu'nca da benimsenen Özel Daire bozma kararına uyulmak gerekirken, önceki kararda direnilmesi usul ve yasaya aykırıdır. Dava konusu taşınmazın üzerinde gelir getirici herhangi bir yapı olmamakla birlikte, çevresinde villaların bulunduğu ve davalının bu yeri yol olarak kullanmak suretiyle ekonomik bakımdan fayda sağladığı açıktır.Taşınmaz davalı tarafından kira ödenmeden kullanıldığına ve ekonomik yarar sağlandığın"
"77099800","Yargıtay","Ceza Genel Kurulu","2011/143","2011/176","20.09.2011","cgk","usul_hukuk","y2010_2019","0.719","0.85","0.435","0.95","Y..'ın tanık olarak dinlenmesi usule ve hukuka aykırıdır, çünkü adı geçenlerin verdikleri ifadelerle iddia sahibi olup hukuken mağdur veya şikayetçi sıfatına sahip olmaları gerekir. K..'ın ameliyat olması, yerine bakmakla görevli F.K..'ın da nöbetçi olması nedeniyle iddia makamını Cumhuriyet savcısı O.M..'in temsil ettiği ve davanın nakline ilişkin istemin reddi ile tutuklu sanıkların tahliyesi yönünde görüş bildirdiği, 
Takip eden oturumlarda ve dosya üzerinde yapılan değerl"
"17101500","Yargıtay","Ceza Genel Kurulu","2010/256","2010/269","21.12.2010","cgk","usul_hukuk","y2010_2019","0.719","0.766","0.485","0.95","maddeleri gereğince usulünce teşekkül etmiş ilgili ihtisas kurulundan mağdurların ruh sağlığının bozulup bozulmadığı, bozulmuş ise de bunun sürekli ve kalıcı nitelikte olup olmadığı konusunda görüş alınıp, sonucuna göre sanığın hukuki durumunun tayin ve takdiri gerektiğinin gözetilmemesi"" nedeniyle CMUK'nın 321. Sanığın 15 yaşından küçük mağdurlara nitelikli cinsel istismarda bulunarak, ruh ve beden sağlıklarının bozulmasına neden olduğu kabul edilen olayda, Yargıtay C.Başsav"
"465097600","Yargıtay","Ceza Genel Kurulu","2012/1267","2013/107","26.03.2013","cgk","icra_iflas","y2010_2019","0.719","0.688","0.529","0.95","maddesi suç tarihinde;
 ""(1) Doğrudan doğruya veya dolaylı olarak maddi menfaat elde etmek maksadıyla, yasal olmayan yollardan;
 a) Bir yabancıyı ülkeye sokan veya ülkede kalmasına imkân sağlayan,
 b) Türk vatandaşı veya yabancının yurt dışına çıkmasına imkân sağlayan,
Kişi, üç yıldan sekiz yıla kadar hapis ve onbin güne kadar adlî para cezası ile cezalandırılır. maddesi 2/a bendindeki, ""Her taraf devlet… kendi hukuk sisteminin temel kavramlarına bağlı kalmak kaydıyla göçmen "
"77690800","Yargıtay","Hukuk Genel Kurulu","2012/1530","2012/1400","26.12.2012","hgk","is_sgk","y2010_2019","0.718","0.653","0.548","0.95","Davalı Türk Telekom AŞ vekili cevap dilekçesinde özetle, davacının yeni kurumunda görevine başladığı tarihe kadar kamu görevlilerine yapılmış tüm artışların nakil ücretinin belirlenmesi ve nakil ilmuhaberinin düzenlenmesinde dikkate alındığını, davalı şirketin özel hukuk tüzel kişisi olması nedeniyle 5473 sayılı Kanun kapsamında belirlenen kurumlar arasında yer almadığını, davacının İş Kanununa tabi işçi statüsünde görev yaptığını, 406 Sayılı Kanunun Ek-29. maddesine istinade"
"77475600","Yargıtay","Hukuk Genel Kurulu","2012/1691","2013/757","22.05.2013","hgk","usul_hukuk","y2010_2019","0.718","0.718","0.51","0.95","Açıklanan bu değişik gerekçe ile Yerel Mahkeme direnme kararı usul ve yasaya aykırı olup bozulması gerekir. Dava konusu taşınmazın; davacı yanın zilyetliğine ne şekilde geçtiği, ne kadar süre ile zilyet edildiği, taşınmazın zilyetliğinin hangi tarihte terk edildiği, terk süresi, bu arada taşınmazın ne şekilde, kimin tarafından tasarruf edildiği, davacı yanın taşınmazı imar ihya edip etmediği, imar ihya edildi ise ne şekilde imar ihya edildiği, imar ihya tarihinin başlangıcı, "
"76763500","Yargıtay","Ceza Genel Kurulu","2009/138","2010/63","30.03.2010","cgk","icra_iflas","y2010_2019","0.718","0.779","0.473","0.95","Ceza Dairesince, ""...sanığa yüklenen görevi kötüye kullanma suçunu işlediğine dair mahk&ucirc;miyetine yeterli kesin ve inandırıcı delil bulunmadığı"" gerekçesiyle oyçokluğuyla beraat kararı verilmiş, hüküm Yargıtay Cumhuriyet savcısı ve katılan vekili tarafından atılı suçun oluştuğu görüşüyle temyiz edilmiştir. İcra Müdürlüğünün 2005/20015 nolu dosyası ile takip başlatıldığı, katılan şirketten 12,5 milyon Amerikan Dolarının karşılığı 17.754.587,50 Lira asıl alacak ve 11.756.9"
"16985700","Yargıtay","Ceza Genel Kurulu","2010/25","2010/123","25.05.2010","cgk","ceza_ozel","y2010_2019","0.718","0.719","0.51","0.95","maddesinde düzenlenen bilişim suçunu oluşturduğundan bahisle bozma kararı verildiği, Özel Daire karşıoyu ile Yargıtay Cumhuriyet Başsavcılığının itirazının ise eylemin 5237 sayılı TCY'nın 158/1-f maddesinde düzenlenen ""bilişim sisteminin araç olarak kullanılması suretiyle işlenmiş nitelikli dolandırıcılık suçunu"" oluşturacağına ilişkin olduğu anlaşılmaktadır. İddianame, hüküm ve tebliğnamede teselsül eden eylemlerin başladığı Nisan 2002 olarak gösterilen, Özel Dairece de 21.1"
"77052000","Yargıtay","Ceza Genel Kurulu","2011/42","2011/66","26.04.2011","cgk","is_sgk","y2010_2019","0.718","0.715","0.51","0.95","Ancak sanığın, su deposundan köydeki evlere su götüren boruların, katılanın evine ayrılan bölümünde bulunan ""T"" borusunu çıkartıp, yerine düz boru takması şeklinde kasten gerçekleştirdiği eylem ile içme suyu tesisatını, kendisinden beklenilen fonksiyonu kısmen yapamayacak duruma getirdiği, yani kısmen bozduğu anlaşıldığından mala zarar verme suçunun oluştuğunun kabulü gerekir. maddesinde;
""(1) Başkasının taşınır veya taşınmaz malını kısmen veya tamamen yıkan, tahrip eden, yok"
"17259400","Yargıtay","Ceza Genel Kurulu","2011/201","2011/193","27.09.2011","cgk","usul_hukuk","y2010_2019","0.718","0.632","0.56","0.95","Re'sen temyize tabi olan bu hükmün de katılan Sibel vekili ve sanık müdafii tarafından temyiz edilmesi üzerine dosya Yargıtay C.Başsavcılığı'nın ""bozma"" istekli 01.07.2011 gün ve 185768 sayılı tebliğnamesiyle, Yargıtay Birinci Başkanlığı'na gönderilmekle, Ceza Genel Kurulu'nca değerlendirilmiş ve açıklanan gerekçelerle karara bağlanmıştır. Sanığın, nitelikli cinsel istismar suçundan cezalandırılmasına karar verilen olayda, Özel Daire ile yerel mahkeme arasında oluşan ve Ceza "
"87582400","Yargıtay","Hukuk Genel Kurulu","2013/25","2013/1482","23.10.2013","hgk","is_sgk","y2010_2019","0.717","0.368","0.709","0.95","Tarafların karşılıklı iddia ve savunmalarına, dosyadaki tutanak ve kanıtlara, bozma kararında açıklanan gerektirici nedenlere göre, Hukuk Genel Kurulunca da benimsenen Özel Daire bozma kararına uyulmak gerekirken, önceki kararda direnilmesi usul ve yasaya aykırıdır. Şu halde; mahkemece, davacının talebi içerisinde adi ortaklığın fesih ve tasfiye isteğinin de bulunduğunun kabulü dolayısıyla, ortaklığın tasfiyesinden sonra davalının davacıya borçlu olup olmadığının belirlenerek"
"77429300","Yargıtay","Hukuk Genel Kurulu","2013/16","2013/858","19.06.2013","hgk","miras","y2010_2019","0.717","0.689","0.523","0.95","Kamulaştırılan taşınmazın tapulu malikleri dışında zilyetlerince de kamulaştırma bedelinin arttırılmasına ilişkin davanın açılabileceği gözetildiğinde; kamulaştırma davalarında dava açmanın hak düşürücü süreye tabi olması (Kamulaştırma Kanunu m.14) ve bu süre geçtikten sonra tapunun kesinleşmiş olmasının, davacılara, ıslah yolu ile de olsa ek dava açma hakkı sağlamayacağına göre, Hukuk Genel Kurulu'nca da benimsenen bozma ilamına uyulmak gerekirken, önceki kararda direnilmesi"
"17160800","Yargıtay","Hukuk Genel Kurulu","2011/634","2011/720","30.11.2011","hgk","aile","y2010_2019","0.717","0.562","0.598","0.95","O halde, yukarıda açıklanan ilave gerekçelerle Hukuk Genel Kurulu'nca da benimsenen Özel Daire Bozma kararına uymak gerekirken, önceki kararda direnilmesi usul ve yasaya aykırıdır. Öncelikle belirtmek gerekir ki, evlilik birliğinin temelinden sarsılmasına neden olan olaylardan sonra taraflar barışıp tekrar bir araya gelmiş ve evlilik birliğini devam ettirme iradesiyle birlikte yaşamaya başlamışlarsa, bu durum birbirlerini bağışladıkları anlamına gelir ve barışma öncesi nedenl"
"17158200","Yargıtay","Hukuk Genel Kurulu","2011/738","2011/702","23.11.2011","hgk","miras","y2010_2019","0.717","0.625","0.56","0.95","Kural olarak Sulh Mahkemesi Kararları hakkındaki Yargıtay Kararlarına karşı karar düzeltme yoluna başvurulamaz(Md.440/III-2). cc-Tahliye veya kira akdinin feshi davalarına veya bu davalarla birlikte açılmış kira alacağı veya tazminat davalarına karşılık olarak açılan karşılık davalara ilişkin olmak üzere Sulh Hukuk Mahkemesi kararları hakkındaki Yargıtay Kararlarına karşı karar düzeltme yoluna gidilebilir(ne var ki, bunun için karşılık davanın miktar veya değerinin karar düze"
"77613100","Yargıtay","Hukuk Genel Kurulu","2013/340","2013/1586","15.11.2013","hgk","borclar","y2010_2019","0.717","0.381","0.703","0.95","maddesinde düzenlenmiştir.)
Hukuk h&acirc;kiminin kural olarak ceza mahkemesinin kararı ile bağlı olmadığı ancak aynı olay nedeniyle ceza yargılamasında hükme dayanak alınan maddi olgular ile bağlı olduğu yargısal uygulamada yerleşik biçimde kabul edilmiştir. Bundan başka ceza mahkemesi kararı, kusurun takdiri ve zararın miktarını tayin hususunda dahi hukuk hakimini takyit etmez."" hükmü yer almakta ve kural olarak bağımsızlık ilkesi benimsenmektedir.(Aynı ilkeler 6098 sayılı "
"76760500","Yargıtay","Hukuk Genel Kurulu","2010/173","2010/190","31.03.2010","hgk","is_sgk","y2010_2019","0.716","0.558","0.598","0.95","Davacı, sözleşmeli statüde iken iş mevzuatına tabi statüye geçtiğini, kapsam dışı tabir edilen ve kapsam içi çalışanlara göre daha yüksek ücret öngören hizmet sözleşmesi imzaladığını, ücrete bağlı alacaklarının hesaplanmasında kapsam dışı çalışanlara ait ücretin esas alınması gerekirken hesaplamada kapsam içi çalışanlara ödenen daha düşük ücretin esas alındığını beyanla fark alacağın ödenmesini talep etmiştir. Özel Dairece; yukarıda açıklanan gerekçeler ile hüküm bozulmuş, Ye"
"77078900","Yargıtay","Hukuk Genel Kurulu","2011/365","2011/429","15.06.2011","hgk","borclar","y2010_2019","0.716","0.707","0.51","0.95","O halde, yerel mahkemece anılan yasal düzenleme konusunda irdeleme yapılıp, karar verilmek üzere ve bu değişik gerekçeyle direnme kararının bozulması gerekir. Yasal durum bu iken, temyiz incelemesi aşamasında 25.02.2011 tarihli Resmi Gazete'de yayımlanarak yürürlüğe giren, 6111 sayılı Bazı Alacakların Yeniden Yapılandırılması İle Sosyal Sigortalar ve Genel Yasa Sağlık Sigortası Kanunu ve Diğer Bazı Kanun ve Kanun Hükmünde Kararnamelerde Değişiklik Yapılması Hakkında Kanun'un "
"77599200","Yargıtay","Hukuk Genel Kurulu","2013/120","2013/1581","15.11.2013","hgk","ticaret","y2010_2019","0.716","0.71","0.51","0.95","Hal böyle olunca; mahkemece, davacı vekilinin 15.11.2011 havale tarihli dilekçesindeki tefrik ve vazgeçme talepleri dikkate alınıp, gereği yapıldıktan sonra menfi tespit, istirdat ve işyeri teslimi istemleri yönünden dosya kapsamına göre karar verilmesi gerekirken, tüm talepler yönünden yetkisizlik kararı verilmiş olması usul ve yasaya aykırı olup, kararının bu değişik gerekçe ile bozulması gerekmiştir. Davacı vekili, 15.11.2011 havale tarihli dilekçesinde; davaya konu isteml"
"76640800","Yargıtay","Hukuk Genel Kurulu","2013/128","2013/1484","23.10.2013","hgk","usul_hukuk","y2010_2019","0.716","0.77","0.473","0.95","Petrol'den akaryakıt aldığını, 02.06.2005 tarihinde aracının çalışmadığını, aynı gün aracını E.-Po isimli bir şirketin servisine götürdüğünde yapılan bakım ve incelemede arızanın mazotun kalitesiz olması nedeniyle 1, 2, 3 ve 4 enjektörleri bozmasından kaynaklandığının tespit edildiğini, aracın tamiri için 2.382,14 TL harcadığını ileri sürerek, bu bedelin 02.06.2005'ten itibaren yürütülecek ticari temerrüt faiziyle davalılardan tahsiline karar verilmesini talep ve dava etmişti"
"52038800","Yargıtay","Hukuk Genel Kurulu","2012/682","2013/153","30.01.2013","hgk","usul_hukuk","y2010_2019","0.716","0.708","0.51","0.95","İşin esasına geçilmeden önce, dava dilekçesinde davalı taraf olarak gösterilmemesine rağmen davalı olarak DSİ'nin davaya dahil edilmesinin usule uygun olup olmadığı hususu ön sorun olarak tartışılmış, sonuç olarak davanın DSİ'ye de teşmil edilerek görülmesinde, usul hukuku ve usul ekonomisi ile davanın niteliği itibariyle bir engel olmadığı sonucuna varılmıştır. Kaldı ki, 5999 sayılı yasa ile getirilen geçici 6.maddenin 6.fıkrasının 1.cümlesinde yer alan ""...sadece tazminat d"
"77592200","Yargıtay","Hukuk Genel Kurulu","2013/162","2013/1572","13.11.2013","hgk","icra_iflas","y2010_2019","0.716","0.621","0.56","0.95","Öte yandan toplanan delillerden; özellikle ihaleye fesat karıştırıldığı olgusu kanıtlanamadığına göre, Hukuk Genel Kurulu'nca da benimsenen Özel Daire bozma ilamına uyulmak gerekirken,önceki kararda direnilmesi usul ve yasaya aykırıdır. Dosya içeriğinden; ihale için belirlenen sürenin başlangıç ve bitiş saatlerinin 14.20 ile 14.30 olduğu; davacı vekili tarafından dava dilekçesinde, belirlenen günde saat 14.20'de ihalenin başladığı ve ihale sonu olan saat 14.30'a kadar davalı "
"76973600","Yargıtay","Ceza Genel Kurulu","2010/195","2010/244","30.11.2010","cgk","miras","y2010_2019","0.716","0.706","0.51","0.95","Somut olayda; evrakta sahtecilik suçuyla ilgili olarak, sonradan yürürlüğe giren yasa maddeleri uygulanmak suretiyle yeni ve ilk karardan farklı bir hüküm kurulmuş, görevi kötüye kullanma suçuyla ilgili olarak ise ilk hükümde tartışılmamış olmasına karşın, bozma kararı doğrultusunda 5271 sayılı CYY'nın 231. Bu itibarla; Özel Daire denetiminden geçmemiş bulunan ""yeni hükümle"", ""eylemli uyma sonucu verilmiş olan hükmün"", doğrudan ve ilk kez Ceza Genel Kurulu tarafından ele alın"
"89722800","Yargıtay","Ceza Genel Kurulu","2013/660","2013/631","24.12.2013","cgk","usul_hukuk","y2010_2019","0.716","0.59","0.579","0.95","Özel Daire ile yerel mahkeme arasında oluşan ve Ceza Genel Kurulunca çözülmesi gereken uyuşmazlık; çocukların cinsel istismarı suçundan mağdurenin ruh sağlığının bozulduğuna dair raporu düzenleyen heyette en az iki adli tıp uzmanı bulunmasının zorunlu olup olmadığının belirlenmesine ilişkin ise de, Yargıtay İç Yönetmeliğinin 27. Ceza Genel Kurulunun süreklilik kazanmış uygulamalarına göre şeklen ısrar kararı verilmiş olsa dahi;
a) Bozma kararı doğrultusunda işlem yapmak,
b) B"
"77540700","Yargıtay","Hukuk Genel Kurulu","2012/1119","2012/897","28.11.2012","hgk","usul_hukuk","y2010_2019","0.715","0.766","0.473","0.95","Dava açılırken dayanılan hukuki ve maddi olguların göreve etkili olduğu durumda öncelikle hukuki nitelemenin yapılması ve sonucuna göre de bu tür davalara bakma görevinin hangi mahkemeye ait olduğunun belirlenmesi gerekir. Davacı vekili, kaçma şüphesi bulunmamasına karşın hakkında davalı hakim tarafından basmakalıp ifadelerle tutukluluğun devamı kararı verildiğini; benzer durumdaki kişiler hakkında tahliye kararlarının verildiğini ve masumiyet karinesinin göz ardı edildiğini "
"77522400","Yargıtay","Hukuk Genel Kurulu","2012/378","2012/875","28.11.2012","hgk","ticaret","y2010_2019","0.715","0.457","0.653","0.95","HUKUK GENEL KURULU KARARI

 Hukuk Genel Kurulu'nca incelenerek direnme kararının süresinde temyiz edildiği anlaşıldıktan ve dosyadaki kağıtlar okunduktan sonra gereği görüşüldü: 
Asıl dava, alt yetkili satıcılık sözleşmelerinin geçersizliğinin tespiti; birleşen dava ise, davalıların alt yetkili satıcılık sözleşmelerini akdetme yetkilerinin bulunmadığının tespitine karar verilmesi istemine ilişkindir. Yerel mahkemece; önceki kararındaki gerekçelerine ilave olarak ""davalıların "
"76441500","Yargıtay","Hukuk Genel Kurulu","2012/1646","2013/1373","18.09.2013","hgk","usul_hukuk","y2010_2019","0.715","0.653","0.54","0.95","maddesinde de ''...davanın her safhasında kendiliğinden görevli olmadığına da karar verir.'' demek suretiyle görev konusunun kamu düzenine ilişkin olduğu zimni olarak kabul edilmiştir. Davacılar vekili, dava dilekçesinde fazlaya ilişkin haklarını saklı tutmak suretiyle 6.820 TL'nin davalıdan tahsilini istemiş, yargılama sırasında aldırılan bilirkişi raporunda toplam zarar miktarının 14.469,34 TL olduğunun tespiti üzerine, davacılar vekili bilirkişi raporunda belirtilen miktar"
"76753800","Yargıtay","Hukuk Genel Kurulu","2010/155","2010/170","24.03.2010","hgk","is_sgk","y2010_2019","0.715","0.615","0.56","0.95","Açıklanan bu gerekçe ile ,Hukuk Genel Kurulu'nca da benimsenen Özel Daire bozma kararına uyulmak gerekirken, önceki kararda direnilmesi usul ve yasaya aykırıdır. maddesi ise vakfın gayesini; ""a) İş bu vakıf senedi hükümleri dairesinde üyelerin emeklilik, malullük, ölüm, hastalık, analık, iş kazaları ve meslek hastalıkları hallerinde eş ve çocukları ile üyenin geçindirmekle yükümlü bulunduğu ana ve babasının hastalıklarında, Sosyal Sigortalar Kanunları ile temin edilen yardıml"
"77707500","Yargıtay","Hukuk Genel Kurulu","2013/1250","2013/1346","18.09.2013","hgk","usul_hukuk","y2010_2019","0.715","0.766","0.473","0.95","Kararlarda tarafların iddia ve savunmalarının özeti, anlaştıkları ve anlaşamadıkları hususlar, çekişmeli vakıalar hakkında toplanan deliller, delillerin tartışılması ve değerlendirilmesi, sabit görülen vakıalarla bunlardan çıkarılan sonuç ve hukuki sebeplerin gösterilmesi gerekir (HMK 297/1-c). Mahkemeler kararlarını somut, açık bir şekilde gerekçelendirmek zorundadır (HMK 33/2.c)."
"76941500","Yargıtay","Hukuk Genel Kurulu","2010/457","2010/493","13.10.2010","hgk","icra_iflas","y2010_2019","0.715","0.616","0.56","0.95","Mahkemece, Hukuk Genel Kurulu'nca da benimsenen Özel Daire bozma kararına uyulmak gerekirken, önceki kararda direnilmesi usul ve yasaya aykırıdır. Mahkemece; bilirkişi raporuna itibar edilerek, kaza anındaki darbenin hava yastıklarının açılmasını tetikleyecek eğim ve şiddette olmadığı, hava yastığının arızalı olması halinde ikaz ışığının yanması gerektiği, böyle bir ikaz ışığı yanmadığına göre hava yastıklarının açılmayışının araçtaki üretim hatasından kaynaklanmadığı gerekçe"
"77445600","Yargıtay","Hukuk Genel Kurulu","2012/509","2012/819","21.11.2011","hgk","icra_iflas","y2010_2019","0.715","0.619","0.56","0.95","Yerel Mahkemece, doktora yapmak amacıyla görevlendirilen davalının doktora eğitimini tamamlamadığı, kaydının silindiği ve kadrosunun davacı üniversiteye iade edildiği, bu nedenle davalının taahhüdünü yerine getirmesinin imkansız hale geldiği gerekçesi ile davanın reddine dair verdiği karar Özel Daire'ce yukarıda yazılı gerekçeyle bozulmuş; yerel mahkemece, önceki kararda direnilmiştir. maddesi ile 6100 sayılı Hukuk Muhakemeleri Kanunu'na eklenen ""Geçici madde 3"" atfıyla uygul"
"17001300","Yargıtay","Hukuk Genel Kurulu","2010/330","2010/350","30.06.2010","hgk","aile","y2010_2019","0.715","0.55","0.598","0.95","O halde, Hukuk Genel Kurulu'nca da benimsenen Özel Daire bozma kararına uyulmak ve yoksulluk nafakası talebinin varlığını kabulle işin esasına girilmek gerekirken, davanın talep yokluğundan reddine ilişkin önceki kararda direnilmesi usul ve yasaya aykırıdır. Buradaki ""nafakalar"" ifadesinin, (ÜFE) oranında artırım da istendiği dikkate alındığında iştirak ve yoksulluk nafakası istemine yönelik olduğu kabul edilmelidir."
"77586000","Yargıtay","Hukuk Genel Kurulu","2013/1718","2013/1471","23.10.2013","hgk","usul_hukuk","y2010_2019","0.715","0.65","0.541","0.95","Nitekim Yargıtay Hukuk Genel Kurulu'nun onama kararında da ön inceleme duruşmasının yapılmadığı kabul edilmiş, ne var ki bu husus, bozma nedeni yapılmayarak karar eleştirilerek onanmıştır. ve 4421 sayılı Kanunun 4/b-1 maddeleri gereğince takdiren 218 TL para cezasının karar düzeltme isteyenden alınarak hazineye gelir kaydedilmesine; 492 sayılı Harçlar Kanunu uyarınca 50,45 TL karar düzeltme harcı peşin alındığından başkaca harç alınmasına mahal olmadığına, 23.10.2013 gününde "
"77256600","Yargıtay","Ceza Genel Kurulu","2011/151","2011/290","27.12.2011","cgk","ticaret","y2010_2019","0.715","0.872","0.413","0.95","ve oğullarının gergin telefon görüşmesinden sonra makt&ucirc;lün çalıştığı taksi durağına gitme kararı aldıkları, bu sırada makt&ucirc;lün de taksi durağındaki tanık Hakim'e, B.i'nin evini sorduğu, ""karşılıklı küfürleştik konuşmaya gideceğim"" dediği, ancak evin nerede olduğunu öğrenemediği, aracında otururken sanıklar B., B. ve O.'ın geldikleri, havanın kararmış olduğu, saat 20.30 sularında bir tartışma yaşandığı, makt&ucirc;lün yine küfrettiği ve araçtan bir bıçak alarak gel"
"77001900","Yargıtay","Ceza Genel Kurulu","2011/8","2011/9","25.01.2011","cgk","ceza_genel","y2010_2019","0.715","0.618","0.56","0.95","Bu nitelikteki bir hükmün temyiz edilmesi halinde ise incelemenin Yargıtay'ın ilgili dairesi tarafından yapılması gerekir. maddeleri uygulanırken, oranların sanık lehine olarak belirlenmemesinin isabetli olup olmadığı,
4-) 6136 sayılı Yasaya aykırılık suçunda temel adli para cezasının niteliği belirtilmeden ""60 tam gün belirlenmesine"" şeklinde gösterilmesinin isabetli olup olmadığı noktalarında toplanmakta ise de;
Öncelikle yerel mahkemenin son uygulamasının 1, 2 ve 3 nolu uy"
"52019600","Yargıtay","Ceza Genel Kurulu","2012/425","2013/67","26.02.2013","cgk","icra_iflas","y2010_2019","0.715","0.619","0.56","0.95","fıkrasında düzenlenen icrai davranışlarla görevi kötüye kullanma suçu değerlendirilmelidir. CEZA GENEL KURULU KARARI

 Sanığın görevi kötüye kullanma suçundan mahk&ucirc;miyetlerine karar verilen somut olayda, Yargıtay Ceza Genel Kurulunca çözümlenmesi gereken uyuşmazlık; sanığın üzerine atılı görevi kötüye kullanma eylemlerinin sabit olup olmadığı ve sanık hakkında 5271 sayılı CMK'nun 231."
"77094200","Yargıtay","Ceza Genel Kurulu","2010/248","2011/104","24.05.2011","cgk","ceza_genel","y2010_2019","0.715","0.702","0.51","0.95","maddesinden ek savunma hakkı verilmesinin gerekip gerekmeyeceği ile sanık hakkında belirlenen adli para cezasının hesaplanması sırasında bir gün karşılığı ""40 YTL"" takdir edilmesinin isabetli bulunup bulunmadığı hususlarına ilişkin ise de; bozmadan önceki duruşmada sanıktan şikayetçi olduğunu bildirmesine rağmen kendisinden davaya katılmak isteyip istemediği sorulmayan müşteki Ş.'un gıyabında verilen direnme hükmünün, bu kişiye tebliğinin zorunlu olup olmadığı hususunun ön so"
"76983500","Yargıtay","Hukuk Genel Kurulu","2010/553","2010/537","20.10.2010","hgk","usul_hukuk","y2010_2019","0.714","0.211","0.793","0.95","Hakimlerin tıpkı diğer şahıslar gibi cezai, hukuki ve disiplin sorumluluğunu gerektiren eylemlerinin varlığı halinde sorumlu olacakları, ancak bu sorumlulukların yapılan işin yargılama faaliyeti olması da gözetilerek farklı ilkelere bağlanıp, özel olarak düzenlenmesi gereği kabul edilmiştir. Dava dilekçesinde, davacının 13/04/2009 tarihinde gözaltına alındığı ve sorgusu yapılarak tutuklanması talebiyle davalının görevli olduğu nöbetçi hakimliğe sevk edildiği; bir saat süren s"
"77704400","Yargıtay","Hukuk Genel Kurulu","2013/108","2013/1397","25.09.2013","hgk","miras","y2010_2019","0.714","0.388","0.69","0.95","SONUÇ: Davalı ve d&acirc;hili davalı vekilinin temyiz itirazlarının kabulü ile direnme kararının Hukuk Genel Kurulu tarafından benimsenen Özel Dairenin bozma kararında gösterilen nedenlerden dolayı 6217 sayılı Kanunun 30. Bu bakımdan Hukuk Genel Kurulu'nca da benimsenen Özel Daire bozma kararına uyulması gerekirken, önceki kararda direnilmesi usul ve yasaya aykırıdır."
"17000200","Yargıtay","Hukuk Genel Kurulu","2010/46","2010/339","23.06.2010","hgk","esya_tapu","y2010_2019","0.714","0.633","0.548","0.95","Bu durumda, temyize konu kararın, gerçekte bir direnme kararı değil, yeni bir hüküm niteliğinde olduğu kabul edilmelidir. madde uygulamasıyla Hazine adına orman sınırları dışına çıkarılan taşınmazların, yasalar gereği Hazineye kalan taşınmazlardan olduğundan, kazandırıcı zamanaşımı yoluyla edinilemeyeceği gerekçe gösterilerek Hazine aleyhine açılan davanın reddine karar verilmesinde isabetsizlik bulunmadığına göre, davacı gerçek kişinin aşağıdaki bendin kapsamı dışında kalan "
"77452500","Yargıtay","Hukuk Genel Kurulu","2013/35","2013/877","26.06.2013","hgk","icra_iflas","y2010_2019","0.714","0.492","0.629","0.95","O halde; Hukuk Genel Kurulu'nca da benimsenen Özel Daire bozma kararına uyulması gerekirken, önceki kararda direnilmesi usul ve yasaya aykırıdır. Genel Kurul görüşmelerinde bir kısım üyelerce; bahse konu borçlu beyanında açıkça kambiyo ilişkisini kabul eden ifadelerin yer almaması ve haciz baskısı altında söylenen sözler olması nedeniyle, borcun kabulü olarak nitelendirilmemesinin gerektiği ifade edilmiş ise de, bu görüş kurul çoğunluğu tarafından yukarıda açıklanan gerekçele"
"77558100","Yargıtay","Ceza Genel Kurulu","2013/422","2013/519","26.11.2013","cgk","ceza_genel","y2010_2019","0.714","0.697","0.51","0.95",""
"465108200","Yargıtay","Ceza Genel Kurulu","2013/42","2013/272","28.05.2013","cgk","ceza_genel","y2010_2019","0.714","0.666","0.529","0.95","Diğer taraftan, mahkûmiyet hükmünde değişiklik, yani uyarlama yargılamasında yeni kanunun lehe sonuç doğurduğu belirlendiğinde sonraki kanuna göre uygulama yapılması, aksi belirlendiğinde ise önceki hükümde değişikliğe yer olmadığına, başka bir deyişle uyarlama davasının reddine karar verilmesi gerekir. Uyarlama yargılaması sonucunda yerel mahkemece önceki hükmün lehe olduğu kabul edilen somut olayda, Özel Daire ile Yargıtay Cumhuriyet Başsavcılığı arasında oluşan ve Ceza Gen"
"435843400","Yargıtay","Büyük Genel Kurulu","2014/3","2014/16","21.11.2014","yibk","miras","y2010_2019","0.713","0.718","0.454","1","maddeleri gereği hükmün ıslah edilmiş müddeabihe göre kurulmasının kanun hükmü gereği olduğunu, hal böyle iken Dörtyol Asliye Hukuk Mahkemesi’nin farklı bir anlam yüklenemeyecek kadar açık ve kesin HUMK’nun ıslah hükümlerine aykırı olarak hüküm tesis etmek suretiyle haklarını yerine getirmekten kaçındığını, böylece asıl alacak yönünden 22.500,00-TL maddi zarara uğradıklarını, Yargıtay 18. sayılı dosyasında yürütülen yargılama esnasında alınan 22.11.2006 tarihli bilirkişi rapo"
"77242500","Yargıtay","Hukuk Genel Kurulu","2012/740","2013/158","30.01.2013","hgk","is_sgk","y2010_2019","0.713","0.35","0.71","0.95","Öncelikle belirtmek gerekir ki, 2926 sayılı Kanunun 2.maddesinin 22 yaşını doldurmuş aile reisi kadınlar sigortalı sayılırlar hükmü 02.08.2003 tarihinde yürürlüğe giren 4956 sayılı Kanunun 48. Yeni düzenlemeye göre aile reisi olma şartı yürürlükten kalktığından ve sigortalının lehine olan bu yeni şeklin eski olaylara da uygulanması gerektiğinden Yerel Mahkemenin davacının sigortalılığı yönünden aile reisi olması gerekmediğine ilişkin kabulü isabetli olup, Özel Daire ile Yerel"
"77645500","Yargıtay","Hukuk Genel Kurulu","2012/985","2012/1253","19.12.2012","hgk","miras","y2010_2019","0.713","0.542","0.598","0.95","Yerel Mahkemece davanın, 3402 Sayılı Kadastro Kanunu'nun 22/2-a maddesine dayalı kadastro tespitine itiraza ilişkin olduğu benimsenmiş; Özel Daire bozma ilamında ise, davanın hem 3402 Sayılı Kadastro Kanunu'nun 22/2-a maddesine dayalı kadastro tespitine itiraza ilişkin olduğu, hem de davacı orman idaresinin, taşınmazların orman olarak Hazine adına tescilini istediğinden, mülkiyet iddiasına da dayanıldığı belirtilmiştir. Bilindiği üzere, 3402 sayılı yasanın 22/2-a maddesine da"
"77423300","Yargıtay","Hukuk Genel Kurulu","2013/123","2013/849","19.06.2013","hgk","is_sgk","y2010_2019","0.713","0.824","0.435","0.95","Gereksiz duruşmalara ilişkin uygulamadaki eski alışkanlıkların devam etmesinin kesin olarak önüne geçilmesi amacıyla Kanun koyucu, ön inceleme aşaması tamamlanmadan ve bu aşamada alınması gereken kararlar alınmadan tahkikat aşamasına geçilmesini ve tahkikat için duruşma günü belirlenmesini kesin bir ifade ile yasaklamıştır (Pekcanıtez/ Atalay/Özekes, s.375-376). 07.2012 tarihinde ""tensip tutanağı"" düzenlediği ve bu tensip tutanağında dilekçelerin karşılıklı tebliği, tazminat "
"77625300","Yargıtay","Hukuk Genel Kurulu","2013/657","2013/1600","27.11.2013","hgk","usul_hukuk","y2010_2019","0.713","0.738","0.485","0.95","maddesi uyarınca, tahkikata başlanmadan önce, hak düşürücü süreler ile zamanaşımı hakkındaki itiraz ve def'ilerin incelenerek karara bağlanması gerekir. İlk derece mahkemesi sıfatıyla 12.Hukuk Dairesi'nce yapılan işlemlere bakıldığında; Mahkeme'nin tensip tutanağı uyarınca, dava dilekçesi ve ekleri ihbar olunanlara tebliğ edilmiş; davalı vekilinin ve ihbar olunanın cevap dilekçesi davacıya, davacının cevaba cevap dilekçesi de ihbar olunana tebliğ edilmiş ve dosya üzerinde yap"
"76841500","Yargıtay","Hukuk Genel Kurulu","2010/206","2010/230","28.04.2010","hgk","usul_hukuk","y2010_2019","0.713","0.696","0.51","0.95","Davacı, yapılan cami inşaatı sırasında cami minaresine baz istasyonu kurulduğunu, baz istasyonunun kurulduğu yerin mülkiyetinin Hazineye ait olduğunu, caminin tamamlanmaması nedeniyle Diyanet İşleri Başkanlığı'na henüz devredilemeyeceğinden, baz istasyonunun kurulması ile ilgili davalılar arasında akdedilen sözleşmelerin ve protokollerin geçersiz olduğunu iddia ederek; müdahalenin men'ini ve baz istasyonunun kaldırılmasını istemiştir. vekili verdiği temyize cevap/temyiz dilek"
"77201800","Yargıtay","Hukuk Genel Kurulu","2012/87","2012/259","30.03.2011","hgk","icra_iflas","y2010_2019","0.713","0.629","0.548","0.95","Ne var ki, davalı/alacaklı vekilinin diğer temyiz itirazları Özel Dairesince incelenmediğinden, dosyanın bu yönde inceleme yapılmak üzere Özel Dairesine gönderilmesi gerekir. Mahkeme, davalı/alacaklı vekiline meşruhatlı davetiye tebliğine rağmen süresi içerisinde takip konusu çek aslının ibraz edilmediği ve bulunduğu merciin de bildirilmediği, duruşma esnasında davalı vekilinin çek aslını ibraz için mehil talebinin de davacı tarafından kabul edilmediği, gerekçesiyle yapılan u"
"17065300","Yargıtay","Hukuk Genel Kurulu","2010/751","2011/96","13.04.2011","hgk","aile","y2010_2019","0.712","0.313","0.727","0.95","Hemen belirtilmelidir ki, 4722 sayılı Türk Medeni Kanununun Yürürlüğü ve Uygulama Şekli Hakkında Kanunun 1.maddesinin 1.fıkrası ""Türk Medeni Kanununun yürürlüğe girdiği tarihten önceki olayların hukuki sonuçlarına, bu olaylar hangi kanun yürürlükte iken gerçekleşmişse kural olarak o kanun hükümleri uygulanır"" hükmünü taşımaktadır. Öte yandan, manevi tazminat, bozulan manevi dengenin yerine gelmesi için kabul edilmiş bir telafi şeklidir, boşanmaya sebep olan olayların kişilik "
"77235100","Yargıtay","Hukuk Genel Kurulu","2011/400","2011/544","21.09.2011","hgk","is_sgk","y2010_2019","0.712","0.474","0.635","0.95","Davacı vekili, müvekkilinin 3201 sayılı Kanun uyarınca borçlanma ile kazanılan sigortalılık süreleri dikkate alınarak, sigortalılık başlangıç tarihinin yurtdışında ilk defa işe girdiği tarih olduğu ve buna göre belirlenecek sigortalılık süresine göre 506 sayılı Kanunun Geçici 81.maddesi uyarınca yaşlılık aylığına hak kazandığının tespitine karar verilmesini talep ve dava etmiştir. Hukuk Genel Kurulu önüne gelen uyuşmazlık;3201 sayılı Yurtdışında Bulunan Türk Vatandaşlarının Y"
"76900800","Yargıtay","Hukuk Genel Kurulu","2010/380","2010/420","22.09.2010","hgk","is_sgk","y2010_2019","0.712","0.69","0.51","0.95","Çırçır Fabrikasında; 05.01.1995 tarihinde ürün teslimi sırasında, ilk Bağ-Kur prim kesintisinin yapıldığı ve kesintilerin devam ettiği, gerekçesi ile davacının 01.02.1995 tarihinden itibaren sigortalı olduğunun tespitine ve bu tarihten itibaren sigortalılık süresi gözetilmek suretiyle yaşlılık aylığı bağlanmasına karar verilmiştir. Yerel Mahkemece; önceki gerekçelerle ve ayrıca 2926 sayılı Yasa'nın uygulamasına ilişkin 26.03.1994 tarihli 4 nolu tebliğe göre ürün bedellerinden"
"77436300","Yargıtay","Hukuk Genel Kurulu","2012/1634","2013/864","19.06.2013","hgk","is_sgk","y2010_2019","0.712","0.573","0.579","0.95","O halde, Hukuk Genel Kurulu'nca da benimsenen Özel Daire bozma kararına uyulmak gerekirken, önceki kararda direnilmesi usul ve yasaya aykırıdır. Şu hale göre; 506 Sayılı Kanunun yukarıda içerikleri aynen aktarılan 9 ve 10.maddeleri karşısında, sigortalının işe girdiği tarihten itibaren bir aylık bildirim süresi içerisinde iş kazası meydana gelirse, 10.madde koşulları (kaçak çalıştırma olgusu) gerçekleşmemiş olacağından, işverenin rücu alacağından sorumlu tutulmaması gerekir."
"77516300","Yargıtay","Hukuk Genel Kurulu","2012/1487","2013/790","29.05.2013","hgk","miras","y2010_2019","0.712","0.506","0.616","0.95","HUKUK GENEL KURULU KARARI 
Hukuk Genel Kurulu'nca incelenerek direnme kararının süresinde temyiz edildiği anlaşıldıktan ve dosyadaki kağıtlar okunduktan sonra gereği görüşüldü:
Dava, haksız fiil sonucu ölen sigortalının hak sahiplerine bağlanan gelirin, haksız fiil failinin mirasçılarından 1479 sayılı Kanun'un 63. maddesi uyarınca sorumluluk için suç sayılır eylemin tespiti gerektiğini, somut olayda meşru müdafaa nedeniyle davalıların tazmin sorumluluğu bulunmadığını, tüm kus"
"457390400","Yargıtay","Hukuk Genel Kurulu","2010/625","2010/660","15.12.2010","hgk","usul_hukuk","y2010_2019","0.712","0.658","0.529","0.95","Mahkemece, 12098 ada, 6 parsel sayılı taşınmaz yönünden, imar öncesinde 1169 kadastral parsel olarak davalı adına kayıtlı olduğu, Hazine adına kayıtlı ve idare mahkemesi tarafından imar işlemi iptal edilen taşınmazlar ile bir ilgisinin bulunmadığı gerekçesiyle davanın reddine karar verilmiş, dava konusu diğer taşınmazlar yönünden ise davanın geri alındığı gerekçesiyle karar verilmesine yer olmadığına hükmedilmiştir. Antalya Kadastro Müdürlüğünün 08.04.2004 ve 08.07.2004 tarih"
"76776400","Yargıtay","Ceza Genel Kurulu","2009/167","2010/70","30.03.2010","cgk","ceza_genel","y2010_2019","0.712","0.692","0.51","0.95","Yine Ceza Genel Kurulunun ve Özel Dairelerin yerleşmiş kararlarında belirtildiği üzere, manevi cebirin, belli bir şiddete ulaşması, ciddi olması, mağdurun baskının etkisinden kolaylıkla kurtulma olanağının bulunmaması gerekir. Ceza Genel Kurulunca çözümlenmesi gereken uyuşmazlık, sanığın sabit olan bu eyleminde, söz konusu paraların sanığın zorlaması (icbarı) sonucu mu yatırıldığı, yoksa diğer kişilerle varılan rüşvet anlaşması sonucu mu yatırıldığının, buna bağlı olarak da e"
"77106800","Yargıtay","Ceza Genel Kurulu","2011/158","2011/181","20.09.2011","cgk","is_sgk","y2010_2019","0.712","0.602","0.56","0.95","Bu nitelikteki bir hükmün temyiz edilmesi halinde ise incelemenin Yargıtay'ın ilgili dairesi tarafından yapılması gerekir. Ceza Genel Kurulunun süreklilik kazanmış uygulamalarına göre, şeklen ısrar kararı verilmiş olsa dahi; 
a) Bozma kararı doğrultusunda işlem yapmak, 
b) Bozma kararında tartışılması gereken hususları tartışmak, 
c) Bozma sonrasında yapılan araştırmaya, incelemeye, toplanan yeni kanıtlara dayanmak, 
d) İlk kararda yer almayan ve daire denetiminden geçmemiş b"
"477616100","Yargıtay","Ceza Genel Kurulu","2011/29","2011/70","26.04.2011","cgk","ceza_ozel","y2010_2019","0.712","0.591","0.566","0.95","maddeleri uyarınca cezalandırılmasına, mahsuba ve ertelemeye ilişkin, sanık müdafiin yüzüne karşı, 27.12.2006 günü tefhim olunan hükmün; sanık müdafii tarafından 04.01.2007 günü temyiz edildiği, temyizin son günü olan 03.01.2007 gününün Kurban Bayramı'nın dördüncü gününe tesadüf etmesi nedeniyle, 1412 sayılı CYUY’nın 310. CEZA GENEL KURULU KARARI
 Sanığın hırsızlık suçundan cezalandırılmasına karar verilen somut olayda, Özel Daire ile Yargıtay Cumhuriyet Başsavcılığı arasında"
"76988700","Yargıtay","Hukuk Genel Kurulu","2011/4","2011/230","27.04.2011","hgk","ticaret","y2010_2019","0.711","0.452","0.646","0.95","Hukukumuzda ayıp ihbarı kural olarak herhangi bir şekle tabi tutulmamıştır. HUKUK GENEL KURULU KARARI
 
Hukuk Genel Kurulunca incelenerek direnme kararının süresinde temyiz edildiği anlaşıldıktan ve dosyadaki kağıtlar okunduktan sonra gereği görüşüldü:
Dava, satış esnasında sunulan projede ve tanıtımlarda belirtilen ancak bunlara uygun olarak yapılmayan veya eksik yapılan işler nedeni ile davacının satın aldığı dairede oluşan değer kaybının ödetilmesi istemine ilişkindir."
"77621400","Yargıtay","Hukuk Genel Kurulu","2013/234","2013/1611","27.11.2013","hgk","vergi","y2010_2019","0.711","0.6","0.56","0.95","Açıklanan nedenlerle Hukuk Genel Kurulu'nca da benimsenen Özel Daire bozma ilamına uyulmak gerekirken,önceki kararda direnilmesi usul ve yasaya aykırı olup, bu nedenle direnme kararı bozulmalıdır. Somut olayda; mahkemece yapılan keşifler ve taşınmaza uygulanan memleket haritasındaki ve kadastro paftasındaki konuma göre, davaya konu taşınmazla birlikte çevresinin 101 ada 1 nolu orman parseli ile çevrili olduğu, 6831 sayılı Yasanın 17.maddesi kapsamında dört tarafı orman ile çe"
"77447500","Yargıtay","Hukuk Genel Kurulu","2012/499","2012/823","21.11.2011","hgk","miras","y2010_2019","0.711","0.6","0.56","0.95","Bilindiği üzere çekişmeli yargıda kural olarak duruşma yapılması zorunludur. Buna göre, hakim iddia ve savunma haklarını kullanabilmeleri için tarafları duruşmaya çağırmak zorundadır."
"77577400","Yargıtay","Hukuk Genel Kurulu","2013/45","2013/1556","13.11.2013","hgk","ticaret","y2010_2019","0.711","0.598","0.56","0.95","Hal böyle olunca; yerel mahkemece, Hukuk Genel Kurulu'nca da benimsenen Özel Daire bozma kararına uyulmak gerekirken, önceki karar H&acirc;milin, kabul eden muhataba ve diğer müracaat borçlularına karşı sahip olduğu talep haklarını kullanabilmesi için, kanunda öngörülen ve müracaat hakkını koruyucu nitelik taşıyan işlemleri belirli ve kısa süreler içinde yapmış olması gerekir."
"77590400","Yargıtay","Hukuk Genel Kurulu","2013/353","2013/1569","13.11.2013","hgk","borclar","y2010_2019","0.711","0.6","0.56","0.95","634 sayılı Kat Mülkiyeti Kanunu (KMK)'nun toplu yapılara ilişkin 66 ve devamı maddelerinde toplu yapı; bir ya da birden çok imar parseli üzerinde, belli bir yerleşim planına göre yapılmış alt yapı tesisleri, ortak kullanım yerleri, sosyal tesis ve hizmetler ile bunların yönetimi bakımından birbiriyle bağlantılı birden çok yapı olarak tanımlanmıştır. HUKUK GENEL KURULU KARARI

 Hukuk Genel Kurulu'nca incelenerek direnme kararının süresinde temyiz edildiği anlaşıldıktan ve dosy"
"77599300","Yargıtay","Hukuk Genel Kurulu","2013/307","2013/1582","15.11.2013","hgk","ticaret","y2010_2019","0.711","0.685","0.51","0.95","Hukuk Genel Kurulu önüne gelen uyuşmazlık; dava konusu borcun bir kısmına karşılık olarak asıl borçlu davalı şirket yetkilisinin şahsı adına tanzim ettiği 4.370 Euro bedelli bononun yerel mahkemeye tevdi edilip edilmediği ve bu bono tutarının dahi tahsili yönünde hüküm kurulmasının gerekli olup olmadığı noktasında toplanmaktadır. Yerel mahkemenin 22.04.2008 tarihli duruşma tutanağında yer alan isticvap beyanında davacı vekili; 11.04.2007 tarihli tutanak gereğince davalının 30"
"77571500","Yargıtay","Ceza Genel Kurulu","2012/1541","2013/522","26.11.2013","cgk","ceza_genel","y2010_2019","0.711","0.2","0.79","0.95","Maddenin anılan bendindeki hırsızlık suçunun oluşması için; adet, tahsis veya kullanımları gereği açıkta bırakılan eşyanın çalınması gerekmekte olup, bu bölüme ilişkin madde gerekçesinde de; ""fıkranın (e) bendinde, &acirc;det veya tahsis ve kullanım gereği açığa bırakılmış olan eşya hakkında hırsızlık suçunun işlenmesi, bir nitelikli unsur olarak kabul edilmiştir. ""Tahsis"" kelimesi, eşyanın bir iş için özgülenmesi, ayrılması, belirlenmesi ve hasredilmesi anlamına gelmektedir "
"76918700","Yargıtay","Ceza Genel Kurulu","2010/149","2010/205","19.10.2010","cgk","usul_hukuk","y2010_2019","0.711","0.598","0.56","0.95","madde bütünlüğü altında kabul edilmiş bulunduğundan, yasayolu ibaresinin temyiz incelemesini de kapsadığını kabul etmekte zorunluluk bulunmaktadır. Yargıtay Ceza Genel Kurulunun 15.07.2008 gün ve 95-195 sayılı kararında da belirtildiği üzere;
İlk derece mahkemelerinde, kovuşturma aşamasında hüküm verilinceye kadar, suçtan zarar gören, mağdur veya malen sorumlu olanlar, mahkemesine bir dilekçe vermek veya katılma istemini içeren sözlü başvurularının tutanağa geçirilmesi sureti"
"77179500","Yargıtay","Hukuk Genel Kurulu","2010/690","2010/685","22.12.2010","hgk","icra_iflas","y2010_2019","0.71","0.369","0.69","0.95","Tarafların karşılıklı iddia ve savunmalarına, dosyadaki tutanak ve kanıtlara, bozma kararında açıklanan gerektirici nedenlere göre, Hukuk Genel Kurulu'nca da benimsenen Özel Daire bozma kararına uyulmak gerekirken, önceki kararda direnilmesi usul ve Yasaya aykırıdır. Ne var ki, dosya kapsamında yer alan adres ve tebligatlar kapsamına; adı geçenin söz konusu adresine yapılan tebligatın geçersiz bulunmasına göre öğrenme tarihi esas alınarak temyiz isteminin süresinde olduğu kab"
"77704600","Yargıtay","Hukuk Genel Kurulu","2013/73","2013/1398","25.09.2013","hgk","aile","y2010_2019","0.71","0.528","0.598","0.95","sayılı dosyası ile mahk&ucirc;m olduğu, gerçekleşen bu durum karşısında evlilik birliğinin temelinden sarsılmasına neden olan olaylarda birbirlerine şiddet uygulayan tarafların eşit kusurlu olduğunun kabulü gerektiği anlaşıldığına göre, Hukuk Genel Kurulu'nca da benimsenen Özel Daire bozma kararına uyulması gerekirken, önceki kararda direnilmesi usul ve yasaya aykırıdır. Davalı-davacı koca vekili; müvekkili tarafından açılan ve reddedilen boşanma davasından sonra müvekkilinin"
"76898000","Yargıtay","Hukuk Genel Kurulu","2010/393","2010/414","22.09.2010","hgk","usul_hukuk","y2010_2019","0.71","0.648","0.529","0.95","Ne var ki, bozma ilamının ilk paragrafındaki bu tespite karşın ikinci paragrafında bununla çelişki oluşturacak biçimde ""&hellip;Mahkemece bu tanıkların beyanları yeterli görülmediği takdirde davacıdan başka tanıkları ve delilleri bulunup bulunmadığı sorulup delil ve tanık bildirilmesi halinde bunların da dinlenerek oluşacak sonuç doğrultusunda bir karar verilmesi gerekir&hellip;"" ifadelerine yer verilmiştir. HUKUK GENEL KURULU KARARI

 Hukuk Genel Kurulu'nca incelenerek diren"
"77186100","Yargıtay","Hukuk Genel Kurulu","2010/675","2010/698","22.12.2010","hgk","icra_iflas","y2010_2019","0.71","0.614","0.548","0.95","Hal böyle olunca, davalı vekilinin temyiz dilekçesinin reddi gerekir. 21.7.2004 gün ve 25529 sayılı Resmi Gazete'de yayımlanarak, öngördüğü istisnalar dışındaki hükümleri yayım tarihinde yürürlüğe giren, 14.7.2004 tarih ve 5219 sayılı ""Çeşitli Kanunlarda Değişiklik Yapılmasına Dair Kanun""; yürürlük tarihinden sonra Yerel Mahkemelerce verilen hükümler yönünden 1086 sayılı Hukuk Usulü Muhakemeleri Kanunu'nun 427/2."
"76994400","Yargıtay","Ceza Genel Kurulu","2010/224","2011/5","25.01.2011","cgk","ticaret","y2010_2019","0.71","0.683","0.51","0.95","CEZA GENEL KURULU KARARI
Katılan kuruma ait Fener PTT Şubesine gündüz saatlerinde kimliği belirlenemeyen bir kişi ile birlikte gelen sanık Ü.O..'ın silah tehdidi ile 714 TL'yi aldıktan sonra, başka bir yerde para olup olmadığı sorusuna olumsuz cevap alması üzerine suç ortağı ile birlikte olay yerinden kaçmaları şeklinde gelişen maddi olayda, suçun sübutu ve nitelendirilmesinde bir uyuşmazlık olmayıp, bu kabulde dosya içeriği itibariyle de herhangi bir isabetsizlik bulunmamakt"
"77098300","Yargıtay","Ceza Genel Kurulu","2011/96","2011/110","24.05.2011","cgk","usul_hukuk","y2010_2019","0.71","0.596","0.56","0.95","Suç tarihi olan 25.12.2001 tarihinden inceleme tarihine kadar 7 yıl 6 aylık kesintili dava zamanaşımının dosyanın Ceza Genel Kuruluna intikalinden çok önce 25.06.2009 tarihinde, zamanaşımını en son kesen işlem olan 07.10.2004 tarihli gıyabi tutuklamadan itibaren 5 yıllık asli zamanaşımının ise 07.10.2009 tarihinde dolduğu sabittir. maddesi uyarınca gıyaben tutuklanmasına karar verildiği, bu tarihten sonra zamanaşımını kesen başka bir işlemin bulunmadığı anlaşılmaktadır
Sanığa"
"76489900","Yargıtay","Hukuk Genel Kurulu","2013/93","2013/1364","18.09.2013","hgk","esya_tapu","y2010_2019","0.709","0.589","0.56","0.95","Dava konusu şey üzerinde kim ya da kimler hak sahibi ise, davayı bu kişi veya kişilerin açması ve hak sahibi kişi veya kişilere davanın yöneltilmesi gerekir. Bu gibi durumlarda ilgili mevzuat hükümleri uyarınca temsil kayyımı tayinine karar vermek gerekir."
"76751200","Yargıtay","Hukuk Genel Kurulu","2010/142","2010/165","24.03.2010","hgk","is_sgk","y2010_2019","0.709","0.808","0.435","0.95","Davacının, davalı bankanın Çarşı/Adapazarı Şube Yönetmeni olarak çalışmakta iken; Şubenin döviz tevdiat hesabı müşterilerinin hesaplarından usulsüz ve yetkisiz olarak para çekilişleri yaptığı tespit edilmiş kendisi de usulsüz ve yetkisiz olarak bu paraları çekerek zimmetine geçirdiğini ikrar etmiştir. sayılı dosyası ile uygulanmış olup davacının T.Vakıflar Bankası Memur ve Hizmetlileri Emekli ve Sağlık Yardım Sandığı Vakfından almakta olduğu maaşının 1/4'üne ve diğer alacakla"
"77249000","Yargıtay","Ceza Genel Kurulu","2011/276","2011/284","20.12.2011","cgk","ceza_usul","y2010_2019","0.709","0.677","0.51","0.95","maddelerinde sulh ceza ve asliye ceza mahkemelerinin görevleri belirlenmiş olup, ilgili maddeler,
""Sulh Ceza Mahkemesinin görevi, 
Madde 10 - Kanunların ayrıca görevli kıldığı h&acirc;ller saklı kalmak üzere, iki yıla kadar (iki yıl dahil) hapis cezaları ve bunlara bağlı adl&icirc; para cezaları ile bağımsız olarak hükmedilecek adl&icirc; para cezalarına ve güvenlik tedbirlerine ilişkin hükümlerin uygulanması, sulh ceza mahkemelerinin görevi içindedir. İddianame konusu fiilin"
"45607400","Yargıtay","Ceza Genel Kurulu","2013/229","2013/259","21.05.2013","cgk","icra_iflas","y2010_2019","0.709","0.676","0.51","0.95","Bu durumda, yargılama usulüne ilişkin bozma nedenine uyularak hüküm kurulmuşsa, temyiz incelemesinin öncelikle Özel Dairesince yapılması, yeni uygulamanın yargılama yöntemine uygunluğu ve yerindeliği ile bozma gereğinin yerine getirilip getirilmediğinin denetlenmesi, daha sonra işin esasının Ceza Genel Kurulunca incelenip direnme yönünden bir karar verilmesi gerekir. Somut olayda; usulüne uygun uzlaşma önerisine uyulmadan hüküm kurulmasına ilişkin bozma nedenine yerel mahkeme"
"77185600","Yargıtay","Hukuk Genel Kurulu","2010/671","2010/696","22.12.2010","hgk","idare","y2010_2019","0.708","0.424","0.653","0.95","Anahtarını bir tutanak karşılığında Emlak ve İstimlak Müdürlüğüne teslim etmek zorundadır.""şeklinde kararlaştırılmıştır. HUKUK GENEL KURULU KARARI
 
Hukuk Genel Kurulunca incelenerek direnme kararının süresinde temyiz edildiği anlaşıldıktan ve dosyadaki k&acirc;ğıtlar okunduktan sonra gereği görüşüldü:
Dava; kiracılık ilişkisinin sürdüğünün tespiti ile davalının bu konuda çıkarttığı muarazanın meni istemine ilişkindir."
"16894900","Yargıtay","Hukuk Genel Kurulu","2010/232","2010/316","16.06.2010","hgk","icra_iflas","y2010_2019","0.708","0.713","0.485","0.95","Buradaki ""muacceliyet"" kavramı, alacaklı tarafından talep ve dava edilebilir hale gelmiş olma anlamını taşıdığından, dolayısıyla, öncelikle doğmuş bir alacağın varlığı gerekir. gerekçesiyle ""Davalı tarafından temyiz olunan kararın (1) nolu bentte gösterilen nedenle BOZULMASINA, (2)nolu bentte gösterilen nedenle diğer temyiz itirazlarının incelenmesine yer olmadığına"" karar verilerek dosya yerine geri çevrilmekle, yeniden yapılan yargılama sonunda, mahkemece önceki kararda dir"
"17158900","Yargıtay","Hukuk Genel Kurulu","2011/552","2011/686","23.11.2011","hgk","ticaret","y2010_2019","0.708","0.734","0.473","0.95","Yerel Mahkemece, dava dayanağı lisans sözleşmesiyle davalıya ait markanın kullanım hakkı da verilmekle, uyuşmazlığın 556 sayılı KHK kapsamında kaldığı ve bu nedenle de Fikri ve Sınai Haklar Hukuk Mahkemesi'nin davaya bakmakla görevli olacağı gerekçesiyle, dava dilekçesinin görev yönünden reddine karar verilmiştir. Tek satıcılık sözleşmesi, yapımcı ile tek satıcı arasındaki hukuki ilişkileri düzenleyen çerçeve niteliğinde öyle bir sözleşmedir ki, bununla yapımcı, mamüllerinin "
"45507100","Yargıtay","Hukuk Genel Kurulu","2012/654","2012/817","21.11.2012","hgk","aile","y2010_2019","0.708","0.617","0.541","0.95","Mahkemenin; 5395 sayılı Kanun'da öngörülen tedbirleri alma görevinin çocuk mahkemelerine ait olduğu gerekçesi ile görevsizlik nedeniyle davanın reddine dair verdiği karar; davacı vekilinin temyizi üzerine Özel Daire'ce yukarıda açıklanan nedenlerle bozulmuş; Yerel Mahkemece, bozma öncesi benimsenen gerekçe genişletilerek önceki kararda direnilmiştir. Yıl Zehra Kemal Aksoylu Osmangazi Toplum Müdürlüğü tarafından sosyal inceleme raporu düzen&shy;-lendiğini, raporda küçük hakkın"
"77280400","Yargıtay","Hukuk Genel Kurulu","2011/628","2011/635","19.10.2011","hgk","is_sgk","y2010_2019","0.708","0.717","0.485","0.95","Nitekim, aynı ilke Hukuk Genel Kurulu'nun 05.04.2006 gün ve E:2006/12-199, K:124 ve 26.04.2006 gün ve E:2006/12-223, K:235 sayılı ilamlarında da, benimsenmiştir. Hemen belirtilmelidir ki, yapılan icra takibinin tarafı olmayan üçüncü kişiler şikayet kanunyolu başvurusunda bulunmuşsa, icra takibinin tarafı olan kişinin gerek kendisinin gerekse yasal temsilcilerinin, bu şikayet başvurusuna icazet vermesi halinde, mahkemenin usul ekonomisi gereğince işin esasını incelemesi gereki"
"77036100","Yargıtay","Hukuk Genel Kurulu","2011/54","2011/315","18.05.2011","hgk","ticaret","y2010_2019","0.708","0.638","0.529","0.95","Ve yine vurgulanmalıdır ki, görevle ilgili düzenlemeler kamu düzenine ilişkin olup taraflar ileri sürmese dahi yargılamanın her aşamasında resen gözetilmesi gerekir. Açıklanan nedenlerle; Özel Dairenin ilk derece mahkemesi sıfatıyla verdiği 07.07.2009 gün ve 2009/984-6944 sayılı esasa ilişkin kararının bozulması gerekir."
"77553400","Yargıtay","Hukuk Genel Kurulu","2012/624","2012/915","28.11.2012","hgk","icra_iflas","y2010_2019","0.708","0.519","0.598","0.95","Bu yönetmeliğin yürürlüğe girmesinden önce abone sözleşmesi imzalamış olan abonelerin sözleşmelerinin yeni yönetmeliğe aykırı hükümlerinin yerini bu yönetmelik hükümleri alır."" hükmü bulunduğuna göre Tarifeler Yönetmeliği'nin sözleşmenin eki niteliğinde olduğu "" gerekçesiyle direnme kararı verilmiştir. HUKUK GENEL KURULU KARARI

 Hukuk Genel Kurulunca incelenerek direnme kararının süresinde temyiz edildiği anlaşıldıktan ve dosyadaki kağıtlar okunduktan sonra gereği görüşüldü:"
"77628500","Yargıtay","Hukuk Genel Kurulu","2013/360","2013/1605","27.11.2013","hgk","icra_iflas","y2010_2019","0.708","0.553","0.579","0.95","O halde; Hukuk Genel Kurulu'nca da benimsenen Özel Daire bozma kararına uyulmak gerekirken, önceki kararda direnilmesi usul ve yasaya aykırıdır. maddesinde itirazın iptali davası açılması için öngörülen bir yıllık sürenin başlaması gereken tarihin, borçlu tarafından icra müdürlüğüne verilen itiraz dilekçesinin alacaklı tarafa tebliğ tarihi mi yoksa tebligat olmaksızın itirazın haricen öğrenildiği varsayılan tarih mi olduğu noktasında toplanmaktadır."
"77445900","Yargıtay","Hukuk Genel Kurulu","2013/609","2013/870","26.06.2013","hgk","usul_hukuk","y2010_2019","0.708","0.252","0.753","0.95","6100 sayılı HMK.nun 46 ve devamı maddelerinde hakimin hukuki sorumluluğu düzenlenmiş, söz konusu davaların ancak devlet aleyhine açılabileceği, aynı Kanun'un 74.maddesinde ise açıkça yetki verilmemesi halinde vekilin h&acirc;kimlerin fiilleri sebebiyle Devlet aleyhine tazminat davası açamayacağı kabul edilmiştir. Kural olarak dava şartı noksanlığını tespit edilmesi halinde, davanın usulden reddine karar verilmesi asıl ise de, dava şartı noksanlığının giderilmesi mümkün ise bu"
"52081000","Yargıtay","Hukuk Genel Kurulu","2012/648","2012/1385","26.12.2012","hgk","is_sgk","y2010_2019","0.708","0.584","0.56","0.95","Bu itibarla; Hukuk Genel Kurulu'nca da benimsenen Özel Daire bozma kararına uyulmak gerekirken, önceki kararda direnilmesi usul ve yasaya aykırıdır. Davacı vekili, müvekkili şirket tarafından davalı işçinin iş akdinin fes edildiğini ve işyerinde uygulanan Lojman Yönetmeliği gereğince iş akdinin feshini izleyen üç aylık sürede lojmanın tahliye edilmesinin gerekmesine rağmen davalının lojmanı haksız olarak boşaltmadığını ileri sürerek, davalının lojmandan tahliyesini talep ve d"
"17003000","Yargıtay","Hukuk Genel Kurulu","2010/408","2010/382","14.07.2010","hgk","ticaret","y2010_2019","0.708","0.694","0.496","0.95","Karar düzeltme yolu açık olan işlerde; Yargıtay'ca karar bozulmuş ise, bozma ilamının taraflara tebliği ve karar düzeltme süresinin beklenmesi gerekir. Açıklanan eksikliğin giderilmesi için dosyanın mahalline geri çevrilmesi gerekir."
"77382700","Yargıtay","Ceza Genel Kurulu","2011/777","2012/1819","31.10.2012","cgk","ticaret","y2010_2019","0.708","0.587","0.56","0.95","1085) denilmek suretiyle uygulamadaki bu görüş benimsenmiştir. Özel Daire ile yerel mahkeme arasında oluşan ve Ceza Genel Kurulunca çözümlenmesi gereken uyuşmazlık; lehe yasa değerlendirmesinin usulünce yapılıp yapılmadığının belirlenmesine ilişkin ise de; 
1- Mersin C.Başsavcılığının 23.06.2004 gün ve 6865-4615 sayılı iddianamesi ile açılan kamu davasında, Ankara 5."
"77044400","Yargıtay","Hukuk Genel Kurulu","2011/282","2011/342","25.05.2011","hgk","is_sgk","y2010_2019","0.707","0.537","0.585","0.95","maddesi uyarınca sigortalılığın başlangıç tarihini, borcun tamamen ödendiği tarihten borçlanılan gün sayısı kadar geriye götürerek bulmuş, bulduğu bu sigorta başlangıç tarihinden itibaren 506 Sayılı Kanunun Geçici 81.maddesinde yapılan değişikliğin uygulanmaya başlandığı 23.05.2002 tarihine kadar ki sigortalılık süresini gözeterek, kademeli geçişte (yaşlılık aylığı tahsisine) esas alınacak sigortalılık süresini belirlemiştir. Davacı ile davalı Kurum arasındaki çekişme, yurt d"
"76704700","Yargıtay","Hukuk Genel Kurulu","2010/97","2010/83","17.02.2010","hgk","icra_iflas","y2010_2019","0.707","0.583","0.56","0.95","Açıklanan nedenlerle, Hukuk Genel Kurulu'nca da benimsenen Özel Daire bozma kararına uyulmak gerekirken, önceki kararda direnilmesi usul ve yasaya aykırıdır. Öte yandan, her ne kadar H.U.M.K.'nun 286 maddelerinde belirtildiği gibi bilirkişinin ""Rey ve mütaalası"" hakimi bağlamaz ise de, temyiz kudretinin yokluğu, yaş küçüklüğü, akıl hastalığı, akıl zayıflığı, sarhoşluk gibi salt biyolojik nedenlere değil, aynı zamanda bilinç, idrak, irade gibi psikolojik unsurlara da bağlı old"
"77279500","Yargıtay","Hukuk Genel Kurulu","2011/581","2011/630","12.10.2011","hgk","esya_tapu","y2010_2019","0.707","0.808","0.429","0.95","Her iki tarafın karşılıklı hakları yönünden son derecede önemli nitelikteki böylesi bir kararın verilebilmesi için de, masrafların süresi içerisinde ödenmiş olup olmadığının, dosya kapsamından tam bir açıklıkla anlaşılabilmesi gerekir. Oysa, anılan muhtıranın tebliğ edilip edilmediği, muhtıraya konu masrafın ödenip ödenmediği, ödenmiş ise tarihi ve bu tarihe göre ödemenin yedi günlük yasal kesin süre içerisinde olup olmadığı konusunda dosyada herhangi bir belge veya açıklamay"
"77279900","Yargıtay","Ceza Genel Kurulu","2011/377","2011/301","27.12.2011","cgk","ceza_usul","y2010_2019","0.707","0.581","0.56","0.95","Bu hükümler, birlikte değerlendirildiğinde, kural olarak temyiz istemi süresinde verilen bir dilekçe ile veya zabıt k&acirc;tibine yapılacak bir beyanla hükmü veren mahkemeye yapılacaktır. Özel Daire ile Yargıtay C.Başsavcılığı arasında oluşan ve Ceza Genel Kurulunca çözümlenmesi gereken uyuşmazlık; yerel mahkeme kararındaki yasa yolu bildiriminin yasal ve yeterli olup olmadığı ile buna bağlı olarak sanık müdafiinin temyizinin süresinde yapılıp yapılmadığının belirlenmesine i"
"76826300","Yargıtay","Ceza Genel Kurulu","2010/90","2010/126","25.05.2010","cgk","ceza_genel","y2010_2019","0.707","0.667","0.51","0.95","Bu nedenle de; hükmün içerisinde birden fazla ""cezanın"" bulunduğu hallerde, temyiz sınırının belirlenmesi açısından cezaların her birinin miktarına değil, toplam ceza miktarına bakılması gerekir. Buna karşılık, aynı kararın içerisinde birden çok hükmün bulunması halinde, temyiz sınırı her hüküm için diğerinden bağımsız olarak ayrı ayrı değerlendirilmelidir."
"76642500","Yargıtay","Hukuk Genel Kurulu","2013/168","2013/1513","30.10.2013","hgk","usul_hukuk","y2010_2019","0.706","0.321","0.709","0.95","03.04.2012 tarihli Resmi Gazete'de yayımlanan Hukuk Muhakemeleri Kanunu Yönetmeliğinin 45.maddesinde: ""(1) Davacı, yargılama harçları ile her yıl Bakanlıkça çıkarılacak gider avansı tarifesinde belirlenecek olan tutarı dava açarken mahkeme veznesine yatırmak zorundadır. HMK'nun harç ve avans ödenmesi başlıklı 120.maddesinde;

 ""(1) Davacı, yargılama harçları ile her yıl Adalet Bakanlığınca çıkarılacak gider avansı tarifesinde belirlenecek olan tutarı, dava açarken mahkeme vez"
"77424400","Yargıtay","Hukuk Genel Kurulu","2013/1081","2013/851","19.06.2013","hgk","ticaret","y2010_2019","0.706","0.704","0.485","0.95","Enerji Elektrik Üretim AŞ arasında imzalanan 21.03.2005 tarihli sözleşmenin, tarafları farklı iki ayrı sözleşme olduğu genel kurul çoğunluğu tarafından kabul edilmiştir. Yapılan görüşmede; davacının 15.12.2010 tarihinde verilen karara ilişkin tüm temyiz itirazlarının Yüksek Özel Daire tarafından incelenerek reddedilmiş olması nedeniyle davacının yerel mahkemece reddedilen tazminat talebi yönünden ilk kararın kesinleşmiş olduğuna, dolayısı ile direnme kararını temyiz etmekte h"
"77246400","Yargıtay","Hukuk Genel Kurulu","2012/644","2013/164","30.01.2013","hgk","ticaret","y2010_2019","0.706","0.63","0.529","0.95","Açıklanan nedenlerle; dosyanın, belirtilen eksiklikler giderilerek ve gönderme formunu imzalayan h&acirc;kimce son kontrolünün de sağlanarak temyiz incelemesi yapılmak üzere Yargıtay'a gönderilmesi için, Yerel Mahkemeye geri çevrilmesi gerekir. maddesi aynen ""13, 14, 16, 17 ve 18 inci maddelerde yazılı şahıslar, kendisine tebliğ yapılacak kimsenin muvakkaten başka yere gittiğini belirtirlerse; keyfiyet ve beyanda bulunanın adı ve soyadı tebliğ mazbatasına yazılarak altı beyan"
"77137900","Yargıtay","Ceza Genel Kurulu","2011/131","2011/151","28.06.2011","cgk","ceza_genel","y2010_2019","0.706","0.661","0.51","0.95","İnceleme konusu olayda; Özel Dairenin bozma kararından sonra yerel mahkemece yapılan yargılama sonucunda önceki uygulama aynen tekrar edilmiş ise de; direnme gerekçesinde, lehe yasanın saptanmasında gözetilecek esaslara işaret eden iki adet Ceza Genel Kurulu kararına yer verilmesi ve 647 sayılı Yasanın 4 ve 6. Bu itibarla, yerel mahkemenin son uygulaması direnme kararı olmayıp, yeni hüküm niteliğinde olması ve Özel Daire denetiminden geçmemiş bulunan bu yeni hükmün doğrudan v"
"76961700","Yargıtay","Ceza Genel Kurulu","2010/197","2010/235","23.11.2010","cgk","usul_hukuk","y2010_2019","0.706","0.661","0.51","0.95","A..'nun örgüte üye olmamakla birlikte örgüt adına suç işleme ve 2911 sayılı Yasaya aykırı davranma suçlarından cezalandırılmasına karar verilmiş, Özel Dairece örgüte üye olmamakla birlikte örgüt adına suç işlemekten kurulan hüküm onanmış, 2911 sayılı Yasaya aykırılık suçundan verilen hüküm ise ""görevsizlik kararı verilmesi gerektiği"" gerekçesiyle bozulmuş, yerel mahkemece ilk hükümde direnmiştir. Dosya incelendiğinde; 
Özel Daire bozmasından sonra 11.02.2010 tarihinde yapılan"
"77127200","Yargıtay","Ceza Genel Kurulu","2011/121","2011/134","21.06.2011","cgk","ceza_genel","y2010_2019","0.706","0.794","0.435","0.95","A.'ın, suç tarihleri olan 07.02.2006, 09.02.2006 ve 13.02.2006 günleri itibariyle 12-15 yaş grubunda yer aldığı, 05.05.2006 günlü doktor raporuna göre de suç tarihlerinde fiili algılama ve bu fiille ilgili olarak davranışlarını yönlendirme yeteneğinin yeterince gelişmiş olduğunun belirtildiği, sanık hakkında hüküm verilirken yaş küçüklüğü nedeniyle 5237 sayılı TCY'nın 31. maddesinin ikinci fıkrasına göre, suç tarihinde 12-15 yaş grubunda yer alan sanıklara verilen cezadan, ya"
"76825500","Yargıtay","Ceza Genel Kurulu","2010/60","2010/125","25.05.2010","cgk","ticaret","y2010_2019","0.706","0.791","0.435","0.95","Dosya incelendiğinde; 
 Gaziantep ...Nüfus Müdürlüğü'nden dosyaya celbedilen nüfus kaydına göre, 10.08.1987 doğumlu olan sanık A.Ç..'in, olay tarihi olan 17.06.2005 günü itibarıyla henüz 17 yaşında olduğu,
Buna rağmen, sanık hakkında hüküm verilirken yaş küçüklüğü nedeniyle indirim yapılmadığı gibi, hak mahrumiyetine de karar verildiği,
Anlaşılmaktadır. maddesi uyarınca 1/2 oranında indirim yapılarak 5 yıl hapis cezasıyla cezalandırılmasına, 
b- Sanığın, mağdur O.K..'a karşı "
"76995200","Yargıtay","Hukuk Genel Kurulu","2011/9","2011/249","29.04.2011","hgk","usul_hukuk","y2010_2019","0.705","0.506","0.598","0.95","Bu nedenle, zaman itibariyle uygulamada temel kanunların yürürlük hükümlerine bakmak gerekir. HUKUK GENEL KURULU KARARI
 
Hukuk Genel Kurulunca incelenerek direnme kararının süresinde temyiz edildiği anlaşıldıktan ve dosyadaki k&acirc;ğıtlar okunduktan sonra gereği görüşüldü:
Dava; davalıya ait ""ICE BOYS"" markasının hükümsüzlüğü ile sicilden terkinine, davalının ""ICE BOYS"" markasını havi ürün ve ürün ambalajlarının imalinin satışa sunulmasının, ithal ve ihracının önlenmesi is"
"52079600","Yargıtay","Hukuk Genel Kurulu","2012/508","2012/1353","26.12.2012","hgk","aile","y2010_2019","0.705","0.635","0.523","0.95","Hukuk Dairesinin ilk derece mahkemesi sıfatıyla verdiği kararın onanması gerekir. için 1.500,00 TL/aylık olmak üzere toplam 5.000,00 TL/aylık tedbir nafakasına hükmedildiğini, bu rakamın, müvekkilinin ödeyemeyeceği kadar ağır ve orantısız olduğunu, taşınmazlara ve aracına tedbir konulduğunu, işyerinde haciz yapıldığını, ihbar edilen hakimin HMUK 573/2 maddesini ihlal ettiğini iddia ederek 52985 TL manevi tazminatın davalıdan tahsiline karar verilmesini istemiştir."
"76982100","Yargıtay","Hukuk Genel Kurulu","2010/404","2010/533","20.10.2010","hgk","borclar","y2010_2019","0.705","0.658","0.51","0.95","Hakkın kötüye kullanıldığı savunma olarak ileriye sürülmüş olmasa dahi bu husus def'i değil itiraz olarak kabul edildiğinden hakim, dava dosyasından anlaşılan böyle bir durumu resen göz önüne almak zorundadır(Yargıtay Hukuk Genel Kurulunun .4/11/1964 gün 1964/2-953 Esas ve 1964/640 K. maddesinde ""Herkes, haklarını kullanırken ve borçlarını yerine getirirken dürüstlük kurallarına uymak zorundadır."" ilkesine yer verilmiş, devamında da ""Bir hakkın açıkça kötüye kullanılmasını hu"
"77044600","Yargıtay","Hukuk Genel Kurulu","2011/345","2011/345","25.05.2011","hgk","is_sgk","y2010_2019","0.705","0.441","0.635","0.95","maddesinin (B) fıkrası uyarınca tahsis talep tarihi itibariyle sigortalılık süresinin yurtdışında ilk defa çalışmaya başladığı tarih dikkate alınarak belirlenmesi gerektiğinden bahisle davacının tahsis talep tarihi itibariyle yaşlılık aylığına hak kazandığının tespiti ile yaşlılık aylığı bağlanmasına karar verilmiştir. Hukuk Genel Kurulu önüne gelen uyuşmazlık; 3201 sayılı Yurtdışında Bulunan Türk Vatandaşlarının Yurt Dışında Geçen Sürelerinin Sosyal Güvenlikleri Bakımından D"
"17160100","Yargıtay","Hukuk Genel Kurulu","2011/547","2011/695","23.11.2011","hgk","aile","y2010_2019","0.705","0.412","0.653","0.95","Bu hakkın zedelenmemesi için bozma ilamında işaret edilen hususların eksiksiz olarak yerine getirilmesi gerekir. HUKUK GENEL KURULU KARARI 





 
Hukuk Genel Kurulunca incelenerek direnme kararının süresinde temyiz edildiği anlaşıldıktan ve dosyadaki kağıtlar okunduktan sonra gereği görüşüldü:





 
Dava, evlilik birliğinin temelinden sarsılması hukuksal nedenine dayalı boşanma ve küçüğün velayetinin anneye verilmesi istemine ilişkindir."
"76840000","Yargıtay","Hukuk Genel Kurulu","2010/248","2010/225","28.04.2010","hgk","borclar","y2010_2019","0.705","0.658","0.51","0.95","'e ilk duruşma gününün tebliğine dair belge, bu belge yoksa merciinden yapılacak araştırma ile tebliğin nasıl ve hangi tarihte gerçekleştirildiğine ilişkin bilgi eklenmek ve ayrıca direnme kararının usulünce tebliği ile karara karşı yasal başvuru süresi beklendikten sonra temyiz incelemesi yapılmak üzere Yargıtay'a gönderilmek üzere dosyanın mahalline geri çevrilmesi gerekir. Tebligat Kanunu'nun 35.maddesinin uygulanabilmesi için aynı adrese daha önce usulünce yapılmış bir te"
"77412700","Yargıtay","Hukuk Genel Kurulu","2012/1926","2013/842","14.06.2013","hgk","usul_hukuk","y2010_2019","0.705","0.722","0.473","0.95","Yerel mahkemece; İstanbul Büyükşehir Belediye Başkanlığı aleyhine açılan davanın pasif husumet ehliyeti yokluğu nedeni ile reddine; Sarıyer Belediyesi yönünden davanın kısmen kabulüne, 428.800,00 TL kamulaştırmasız el koyma bedelinin yasal faizi ile birlikte davalı Sarıyer Belediyesi'nden tahsiline, ..ada, .. Yerel mahkeme, Özel Daire bozma ilamının kabule göre ile başlayan 2/a bendinde belirtilen; ""Davacı fazlaya ilişkin hakkını saklı tutarak 6.000,00-TL yer bedeli talep ett"
"16993100","Yargıtay","Hukuk Genel Kurulu","2010/307","2010/357","30.06.2010","hgk","ticaret","y2010_2019","0.705","0.667","0.504","0.95","Ne var ki, rehin hakkı sahibi dava dışı bankadan alınan muvafakatin usulüne uygun olup olmadığı hususu ile işin esasına ilişkin diğer temyiz itirazları incelenmediğinden, bu yönde inceleme yapılmak üzere dosyanın Özel Daireye gönderilmesi gerekir. Yerel Mahkeme, ""Sigorta poliçesinde dain ve mürtehin hakkı bulunan dava dışı bankanın, sigorta bedelinin davacıya ödenmesine yönelik olarak açılan davaya muvafakatinin bulunduğuna dair belgenin davacı vekilince bozma öncesi dosyaya "
"77527100","Yargıtay","Hukuk Genel Kurulu","2012/1850","2013/807","31.05.2013","hgk","esya_tapu","y2010_2019","0.705","0.66","0.51","0.95","yönünden davanın reddine, müdahiller yönünden davanın kabulü ile 1.527.098,00 TL nın yasal faizi ile birlikte davalı idareden tahsiline, 719 parseldeki müdahilleri ait 14/24 hissenin tapusunun iptali ile davalı idare adına tapuya tesciline karar verilmiş; verilen hüküm davacı ve davalı idare vekili tarafından temyizi üzerine, Özel Dairece yukarıda yer alan gerekçe ile davalının temyiz itirazlarının reddine, davacı Z.Y.A.'ın temyiz itirazlarının kabulü ile hükmün davacı yönünd"
"76359600","Yargıtay","Ceza Genel Kurulu","2012/1349","2013/388","24.09.2013","cgk","usul_hukuk","y2010_2019","0.705","0.656","0.51","0.95","maddesinde; kanunların ayrıca görevli kıldığı haller saklı kalmak üzere, Türk Ceza Kanununda yer alan yağma, irtik&acirc;p, resmi belgede sahtecilik, nitelikli dolandırıcılık, hileli iflas suçları ile ağırlaştırılmış müebbet hapis, müebbet hapis ve on yıldan fazla hapis cezalarını gerektiren suçlarla ilgili dava ve işlere bakmakla ağır ceza mahkemelerinin görevli olduğu belirtilmiştir. maddesinde; ""hileli davranışlarla bir kimseyi aldatıp, onun veya başkasının zararına olarak"
"17223600","Yargıtay","Hukuk Genel Kurulu","2010/158","2010/178","24.03.2010","hgk","ticaret","y2010_2019","0.704","0.225","0.759","0.95","O halde, harca ilişkin bir yasa hükmünün yorumu ve uygulanmasında, bu ilke ve amaç gözden uzak tutulmamak gerekir. HUKUK GENEL KURULU KARARI






Hukuk Genel Kurulunca incelenerek direnme kararının süresinde temyiz edildiği anlaşıldıktan ve dosyadaki kağıtlar okunduktan sonra gereği görüşüldü:






İstek, icra müdürlüğü işleminin şikayetine ilişkin olup, karar ve ilam harcı alınmadan ilamın icraya konularak icra işlemlerinin devamına ilişkin icra müdürlüğü işleminin iptali "
"77401300","Yargıtay","Hukuk Genel Kurulu","2012/1482","2013/820","12.06.2013","hgk","is_sgk","y2010_2019","0.704","0.503","0.598","0.95","O halde, mahkemece; bozma kararında açıklanan gerektirici nedenlere göre, Hukuk Genel Kurulu'nca da benimsenen Özel Daire bozma kararına uyulmak gerekirken, önceki kararda direnilmesi usul ve yasaya aykırıdır. maddesine istinaden 2001 yılı Nisan ayı sonuna kadar, 2001 yılı Mart ayı dahil süresinde ödenmeyen Kurum alacaklarının tahsili için 31.05.2011 günü mesai saati bitimine kadar Kuruma taksitle ödeme talebinde bulunulması halinde borcun 18 aylık taksitlerle ödenmesi imkanı"
"86219600","Yargıtay","Hukuk Genel Kurulu","2013/42","2013/410","27.03.2013","hgk","esya_tapu","y2010_2019","0.704","0.751","0.454","0.95","Gerek noterden yapılan kat karşılığı inşaat sözleşmesinden gerekse davalının Sulh Hukuk Mahkemesinde açtığı dava kapsamından, davalının kat karşılığı inşaat sözlemesi ile kendisi ait payın, A Blok 1 ve 2 nolu bağımsız bölümlere ait olduğu, bu konuda fiilen bir taksim olduğu, davaya konu edilen A Blok 3 ve 4 nolu bağımsız bölümler ile B Blok 1 nolu bağımsız bölümde daha önceden paydaş olmadığı kabul edilmelidir. Davacılar vekili, müvekkillerinin 1 No'lu parselin paydaşları old"
"17132000","Yargıtay","Hukuk Genel Kurulu","2011/55","2011/222","27.04.2011","hgk","miras","y2010_2019","0.704","0.688","0.491","0.95","Bu nedenle; sair temyiz itirazları incelenmek üzere dosyanın Özel Daireye gönderilmesi gerekir. Yerel mahkeme, tarafların bağımsız bölümlerin tahsisi konusunda anlaşamamaları nedeniyle mahkeme huzurunda çekilen kura sonucunda bağımsız bölümlerin taraflara tahsisi yolu ile ortaklığın giderilmesine karar verilmesinde mevzuat açısından hiç bir engel bulunmadığı gerekçesi ile önceki kararında direnmiştir."
"77305800","Yargıtay","Hukuk Genel Kurulu","2012/1218","2013/387","20.03.2013","hgk","esya_tapu","y2010_2019","0.704","0.623","0.529","0.95","Köyünde bulunan 205 ada 30 ve 75 parsel sayılı taşınmazlar ile 212 ada 50 parsel ve 213 ada 60 parsel sayılı taşınmazların Hazine adına kayıtlı olduğunu, dava dışı DSİ'ye ön tahsisinin yapıldığını, bu taşınmazların 25.06.2010 Tarih, 622 sayılı Balıkesir İli Mera Komisyonu kararı ile mera kaynakları arasına alındığını ileri sürerek, anılan kararın iptalini istemiştir. Mahkemece,dava konusu taşınmazların mera kaynakları arasına alınmasının doğru olduğu gerekçesi ile davanın red"
"76863800","Yargıtay","Ceza Genel Kurulu","2010/70","2010/159","29.06.2010","cgk","ceza_genel","y2010_2019","0.704","0.569","0.56","0.95","fıkralar ile de yetişkinler için kabul edilmiş, aynı Yasanın 40. M.'ye vermek suretiyle dolandırıcılık suçunu işlediklerinden bahisle açılan kamu davasının yapılan yargılaması sonunda, hükmün açıklanmasının geri bırakılmasına karar verilen olayla ilgili olarak; Özel Daire ile Yargıtay Cumhuriyet Başsavcılığı arasındaki uyuşmazlık, açıklanması geri bırakılan hükmün içeriğine dahil olan yasaya aykırılıkların, yasa yararına bozma yasa yoluna konu edilip edilemeyeceğine ilişkindi"
"77236000","Yargıtay","Hukuk Genel Kurulu","2011/444","2011/546","21.09.2011","hgk","is_sgk","y2010_2019","0.703","0.435","0.635","0.95","maddesinde yer alan; bir kimsenin Türk sigortasına girişten önce bir Alman Rant Sigortasına girmiş bulunması halinde, Alman Rant Sigortasına girişi, Türk Sigortasına giriş olarak kabul edileceği hükmüne göre yurt dışında çalışma başlangıç tarihinin sigortalılık başlangıç tarihi olarak kabulü ile davacının 506 sayılı Kanunun 4759 sayılı Kanun ile değişik Geçici 81. maddesinin (B) fıkrası uyarınca tahsis talep tarihi itibariyle sigortalılık süresinin yurtdışında ilk defa çalışm"
"77149400","Yargıtay","Hukuk Genel Kurulu","2010/588","2010/658","15.12.2010","hgk","ticaret","y2010_2019","0.703","0.649","0.51","0.95","Bu nedenle, dosyanın yeni hükme yönelik temyiz itirazları incelenmek üzere 11.Hukuk Dairesine gönderilmesi gerekir. Maddelerine göre de, yer sağlayıcının, haberdar edilmesi halinde ve teknik olarak imkan bulunduğu ölçüde hukuka aykırı içeriği yayından kaldırmakla yükümlü olduğu, yasanın karar tarihinden sonra yürürlüğe girdiği ve Yargıtay'ın, gerek temyiz ve gerekse karar tashihi aşamasında bu yasayı dikkate almadığı,.."
"76939200","Yargıtay","Hukuk Genel Kurulu","2010/468","2010/489","13.10.2010","hgk","is_sgk","y2010_2019","0.703","0.584","0.548","0.95","Yerel mahkemece, tarafların kusur oranını irdeleyen bilirkişi raporu uyarınca davalı işverenin olayın meydana gelmesinde iş güvenliği mevzuatına aykırı bir davranışı ve olay ile işveren arasında illiyet bağı bulunmadığı gerekçesiyle davanın reddine dair verilen karar, davacı vekilinin temyizi üzerine Özel Dairece yukarıda belirtilen nedenle bozulmuş, yerel mahkemece önceki gerekçelerle ilk kararda direnilmiştir. Bilindiği üzere Anayasa'nın 17.maddesinde ""yaşama hakkı"" güvence"
"52032300","Yargıtay","Hukuk Genel Kurulu","2012/720","2013/266","20.02.2013","hgk","is_sgk","y2010_2019","0.703","0.584","0.548","0.95","Hukuk Genel Kurulu'ndaki görüşme sırasında, işin esasının incelenmesinden önce, yerel mahkemece bozmaya konu ilk ilamda icra ink&acirc;r tazminatı olarak davalı aleyhine 9.333,65 TL'ye hükmedilmesine rağmen direnme ilamında bu tazminat miktarının 933,65 TL olarak belirlenmesinin yerinde düzeltilebilir bir açık hata mı, yoksa yeni hüküm niteliğinde mi olduğu hususu ön sorun olarak değerlendirilmiştir. Somut olayda yerel mahkemece gerek bozmaya konu ilk kararda gerekse de diren"
"76704500","Yargıtay","Hukuk Genel Kurulu","2010/77","2010/82","17.02.2010","hgk","usul_hukuk","y2010_2019","0.703","0.231","0.753","0.95","Bu nedenle özel Daire bozma ilamında belirtilen ve yukarıda açıklanan gerekçeler de gözetilerek,Hukuk Genel Kurulu'nca da benimsenen Özel Daire bozma kararına uyulmak gerekirken, önceki kararda direnilmesi usul ve yasaya aykırıdır. HUKUK GENEL KURULU KARARI

 Hukuk Genel Kurulunca incelenerek direnme kararının süresinde temyiz edildiği anlaşıldıktan ve dosyadaki kağıtlar okunduktan sonra gereği görüşüldü:
 Dava,köpek ısırması sonucu yaralanan küçük Zeki'nin anne, babası olan "
"76491500","Yargıtay","Hukuk Genel Kurulu","2012/1841","2013/1299","11.09.2013","hgk","icra_iflas","y2010_2019","0.703","0.651","0.51","0.95","Direnme yoluyla Hukuk Genel Kurulu önüne gelen uyuşmazlık; takibe konu alacağın, 2942 sayılı Kamulaştırma Kanunu'nun Geçici 6.maddesi kapsamında haczedilemez nitelikte olup olmadığı; buradan varılacak sonuca göre, belediyenin taşınmazına konulan haczin usulüne uygun olup, olmadığı noktasında toplanmaktadır. 30.06.2010 tarihli Resmi Gazete'de yayımlanarak yürürlüğe giren 5999 Sayılı Kanun'un 1.maddesi ile 2942 sayılı Kamulaştırma Kanunu'na eklenen Geçici 6.maddesinin birinci f"
"82065800","Yargıtay","Hukuk Genel Kurulu","2009/3854","2010/8257","27.04.2010","hgk","aile","y2010_2019","0.703","0.742","0.457","0.95","42,43,44,49) dikkate alınarak davalı-davacı kadın yararına uygun miktarda manevi tazminata hükmedilmesi gerekir. 1-Davacı-davalı kocanın harcı ve kaydı bulunmayan katılma yoluyla temyiz talebinin incelenmesine yer olmadığına,
2-Davalı-davacı kadının temyizinin incelenmesine gelince;
a-Dosyadaki yazılara kararın dayandığı delillerle kanuna uygun sebeplere ve özellikle delillerin takdirinde bir yanlışlık görülmemesine göre davalı-davacı kadının aşağıdaki bentlerin kapsamı dışın"
"17119700","Yargıtay","Hukuk Genel Kurulu","2011/1372","2011/6390","16.05.2011","hgk","ticaret","y2010_2019","0.703","0.712","0.474","0.95","Paydaşlığın (ortaklığın) giderilmesi davalarında mahkemece malın aynen bölünerek paylaştırılmasına karar verilebilmesi için taşınmazın yüzölçümü, niteliği, pay ve paydaş sayısı ile imar mevzuatına göre aynen bölüşmenin mümkün olup olmadığının araştırılması gerekir. Onay makamından olumsuz cevap gelmesi halinde paydaşlığın (ortaklığın) satış suretiyle giderilmesine karar verilmesi gerekir."
"76896100","Yargıtay","Hukuk Genel Kurulu","2010/479","2010/405","22.09.2010","hgk","is_sgk","y2010_2019","0.703","0.812","0.415","0.95","Ne var ki, aynı esas numarası altında aynı tarihte (10.03.2010)düzenlenen ikinci celseye ait iki adet duruşma tutanağından birisinde ""Yargıtay Bozma ilamına uyulmasına"" ; diğerinde ise ""Yargıtay bozma ilamına kısmen uyulmasına, kısmen ısrar edilmesine"" karar verilmiş, her ikisinin de altı zabıt katibi ve hakim tarafından imzalanmıştır. Mahkemece yapılacak iş; 10.03.2010 tarihli her iki duruşma tutanağının da hakim ve katip tarafından imzalanmış olması ve aynı dosya numarası i"
"52076300","Yargıtay","Ceza Genel Kurulu","2012/1065","2012/1438","26.12.2012","cgk","ticaret","y2010_2019","0.703","0.714","0.473","0.95","Açıklanan nedenlerle, Hukuk Genel Kurulu'nun 231.11.2011 günlü bozması doğrultusunda işlem yapılmak üzere mahkemenin 08.05.2012 gün ve 2012/113-188 sayılı kararının bozulması gerekir. Direnme kararının davacı vekili tarafından temyiz edilmesi üzerine Hukuk Genel Kurulu'nun 23.11.2011 gün ve 2011/11-554,684 sayılı ilamıyla direnme kararı;

 ""Mahkemece dava dilekçesi ve duruşma günü, bozma ilamı, karar düzeltme ilamı, bozma sonrası duruşma günü, direnme kararı ve temyiz dilekçe"
"77059600","Yargıtay","Hukuk Genel Kurulu","2011/142","2011/411","15.06.2011","hgk","miras","y2010_2019","0.702","0.248","0.74","0.95","Özellikle endüstri devrimiyle birlikte ortaya çıkan teknik buluşlar ve makineleşme zarar tehlikesini arttırmış ve artan bu zarar tehlikesini önlemek için kusura dayanan sorumluluğun her zaman yeterli olmayacağı öngörülerek tehlikeli faaliyette bulunanların sebep oldukları zararları gidermesi kabul edilmiştir (Bkz.Prof.Dr.Fikret Eren, a.g.e, syf.449 vd.). maddesinde araç şoförünün desteğinden yoksun kalanların isteyebileceği tazminatların kapsam dışı olduğuna dair bir düzenlem"
"77239800","Yargıtay","Hukuk Genel Kurulu","2011/494","2011/555","21.09.2011","hgk","icra_iflas","y2010_2019","0.702","0.365","0.671","0.95","Bu ilkeden hareketle, davada menfaatin varlığı, mahkemece, taraflarca dava dosyasına sunulmuş deliller, olay veya olgular çerçevesinde, kural olarak davanın açıldığı tarihe göre, kendiliğinden ve yargılamanın her aşamasında gözetilmelidir. Bunun için de, kararın maddi gerçeği yansıtması ve yapılan yargılamanın ucuz, basit ve çabuk olması gerekir (Yılmaz, Ejder: Medeni Yargılama Hukukunda Islah, Ankara 1982, s.6-7)."
"77589700","Yargıtay","Hukuk Genel Kurulu","2013/317","2013/1486","23.10.2013","hgk","is_sgk","y2010_2019","0.702","0.524","0.579","0.95","Açıklanan nedenlerle, Kanunun ""kesin karar verme"" ile Yargıtay Özel Daire kararının kesin olduğunu amaçladığı, bu nedenle de Dairenin bozma kararının direnmeye konu edilemeyeceğini kabul etmek gerekir. Yerel mahkeme, toplu iş sözleşmesinin 24 veya 26.maddelerinin usulüne uygun olarak yorumlanmadığı ve 03.09.2010 tarihinde imzalanan anlaşma tutanağının 6.maddesine göre ödeme yapılmadığı belirtilmişse de eda davasının açılabileceği hallerde yorum davasının açılması mümkün olmad"
"77301200","Yargıtay","Hukuk Genel Kurulu","2011/855","2011/731","30.11.2011","hgk","ticaret","y2010_2019","0.702","0.546","0.566","0.95","Şu hale göre, Hukuk Genel Kurulunca yapılacak işlem bulunmadığından dosyanın yeni hükme yönelik temyiz itirazlarının incelenmesi için Yargıtay 13.Hukuk Dairesine gönderilmesi gerekir. Böyle bir durumda Özel Dairenin kararda işaret olunan incelemeleri yapmak üzere dosyayı esasına alarak; takibi işlemleri yapması gerekir."
"45602700","Yargıtay","Ceza Genel Kurulu","2012/1241","2013/25","22.01.2013","cgk","ceza_genel","y2010_2019","0.702","0.249","0.74","0.95","CEZA GENEL KURULU KARARI

 İnceleme, sanık Turan hakkında kurulan hükümle sınırlı olarak yapılmış olup, Özel Daire ile yerel mahkeme arasında oluşan ve Ceza Genel Kurulunca çözümlenmesi gereken uyuşmazlık, sanık hakkında parada sahtecilik suçundan belirlenen temel cezanın alt sınırdan ayrılmak suretiyle 6 yıl olarak tayin edilmesinin isabetli olup olmadığının belirlenmesine ilişkindir. maddeleri uyarınca 4 yıl hapis ve 94 Lira adli para cezası ile mahkumiyetlerine karar veril"
"469558100","Yargıtay","Ceza Genel Kurulu","2012/1300","2012/1869","25.12.2012","cgk","usul_hukuk","y2010_2019","0.702","0.61","0.529","0.95","maddesinde ise; “Hüküm fıkrasında, 223 üncü maddeye göre verilen kararın ne olduğunun, uygulanan kanun maddelerinin, verilen ceza miktarının, kanun yollarına başvurma ve tazminat isteme olanağının bulunup bulunmadığının, başvuru olanağı varsa süresi ve mercinin tereddüde yer vermeyecek şekilde açıkça gösterilmesi gerekir”, 
Şeklindeki emredici düzenlemeler yer almıştır. maddesininde; ""Devlet, işlemlerinde, ilgili kişilerin hangi kanun yolları ve mercilere başvuracağını ve sür"
"76718800","Yargıtay","Ceza Genel Kurulu","2009/224","2010/10","26.01.2010","cgk","usul_hukuk","y2010_2019","0.702","0.645","0.51","0.95","Bu nitelikteki bir kararın temyiz edilmesi halinde incelemenin Yargıtay'ın ilgili dairesi tara&not;fından yapılması gerekir. maddesinde, etkin pişmanlığın kovuşturma başladıktan sonra ve hüküm verilmeden önce gösterilmesi halinde, cezanın indirileceği kabul edildiğinden, lehe olan bu hükmün etkin pişmanlık koşulları gerçekleştiğinde hükümlüler hakkında da uygulanması ve lehe yasanın bu husus gözetilerek tespiti gerektiği, kesinleşen ilk mahk&ucirc;miyet tarihinden önce ödeme "
"465104900","Yargıtay","Ceza Genel Kurulu","2013/98","2013/249","21.05.2013","cgk","usul_hukuk","y2010_2019","0.702","0.611","0.529","0.95","İncelen dosya içeriğinden;
Yerel mahkemenin 17.09.2009 gün ve 196-279 sayılı direnme kararının Ceza Genel Kurulunca usuli nedenle bozulduğu, bozma kararına uyan yerel mahkemenin, tek celsede yaptığı yargılamada bozmanın gereğini yerine getirerek hükmün gerekçesinde sorun ve gerekçe bölümlerine yer vermek suretiyle, ilk hükümdeki gibi sanığın cezalandırılmasına ve bir daha suç işlemeyeceği kanaati oluşmadığından hükmün açıklanmasının geri bırakılmasına yer olmadığına karar ver"
"435858500","Yargıtay","Büyük Genel Kurulu","2014/8","2014/21","21.11.2014","yibk","usul_hukuk","y2010_2019","0.701","0.756","0.401","1","maddeleri gereğince takdiren 248 TL para cezasının karar düzeltme isteyenden alınarak hazineye gelir kaydedilmesine, Harçlar Kanunu uyarınca 52,40 TL karar düzeltme harcı peşin alındığından başkaca harç alınmasına mahal olmadığına 21.11.2014 gününde oybirliğiyle karar verildi. maddeleri uyarınca tetkik hakimi tarafından hazırlanan rapor ile dosya içerisindeki kağıtlar incelenerek gereği görüşüldü;
 Temyiz ilamında bildirilen gerektirici nedenler karşısında 6217 sayılı Kanunun"
"77235700","Yargıtay","Hukuk Genel Kurulu","2011/508","2011/545","21.09.2011","hgk","is_sgk","y2010_2019","0.701","0.394","0.653","0.95","HUKUK GENEL KURULU KARARI

 Hukuk Genel Kurulunca incelenerek direnme kararının süresinde temyiz edildiği anlaşıldıktan ve dosyadaki kağıtlar okunduktan sonra gereği görüşüldü:
Dava, Borçlar Kanunu 348 ve devamı maddelerinde düzenlenen rekabet yasağına aykırı davranış iddiasına dayalı, sözleşmede kararlaştırılan cezai şartın tahsili istemine ilişkindir. Hukuk Genel Kurulu'ndaki görüşme sırasında, işin esasına geçilmeden önce, davanın yasal dayanağını oluşturan Borçlar Kanunu'"
"87579800","Yargıtay","Hukuk Genel Kurulu","2013/109","2013/1476","23.10.2013","hgk","ticaret","y2010_2019","0.701","0.671","0.491","0.95","Açıklanan maddi olgu, bozma ve direnme kararlarının kapsamları itibariyle Hukuk Genel Kurulu önüne gelen uyuşmazlık; Önalım davasına konu 43049 ada 1 parselde davalının trampa ile mi, yoksa satış suretiyle mi paydaş olduğu; buradan varılacak sonuca göre davacının önalım hakkının bulunup bulunmadığı noktalarında toplanmaktadır. adına kayıtlı Mühye Köyü, 896 nolu parselde bulunan 211/869250 pay ile her iki taşınmazdaki paydaki 16.000.TL rayiç değer üzerinden trampa edildikleri,"
"77043600","Yargıtay","Hukuk Genel Kurulu","2011/250","2011/332","18.05.2011","hgk","is_sgk","y2010_2019","0.701","0.703","0.473","0.95","Davacı, kendisine ait tapulu arazilerde tarım işi yaparak geçimini sürdürdüğünü, yetiştirdiği ürünlerin teslimi sırasında kendisinden Bağ-Kur'a prim kesintisi yapıldığını, ancak kurumca tescilinin yapılmadığını belirterek, Bağ-Kur tarım primi kesintisi yapıldığı tarihi izleyen aybaşından itibaren Tarım Bağ-Kur sigortalısı olarak tespit ve tesciline karar verilmesini talep ve dava etmiştir. Mahkemece, davacı adına ilk kez 31/12/1994 tarihinde A..Süt A.Ş tarafından Bağ-Kur prim"
"77448200","Yargıtay","Hukuk Genel Kurulu","2013/399","2013/1697","25.12.2013","hgk","icra_iflas","y2010_2019","0.701","0.586","0.541","0.95","Ne var ki, Özel Dairece bu yönden inceleme yapılmadığından bu yöne ilişkin temyiz itirazlarının incelenmesi için dosyanın Özel Daireye gönderilmesi gerekir. maddelerindeki değerlendirmeyi de içerdiğinin kabulü gerekir."
"77050800","Yargıtay","Ceza Genel Kurulu","2011/67","2011/62","19.04.2011","cgk","ceza_genel","y2010_2019","0.701","0.642","0.51","0.95","İncelenen dosya içeriğinden;
Yerel mahkemece kasten öldürme suçundan sanık hakkında verilen mahk&ucirc;miyet hükmü ile birlikte 6136 sayılı Yasaya aykırılık suçundan kurulan hükmün, açıklanmasının geri bırakılmasına karar verildiği, bu hükmün temyiz edilmesi üzerine dosyayı inceleyen Özel Dairece; ""hüküm tarihinden sonra yürürlüğe giren 6008 sayılı Kanunla değişik CMK'nun 231/5. Ağır Ceza Mahkemelerinin itiraza t&acirc;bi kararlarını incelemekle görevli mercii, 5271 sayılı CY"
"752428200","Yargıtay","Büyük Genel Kurulu","2022/1","2022/1","26.01.2022","yibk","ticaret","y2020plus","0.7","0.618","0.491","1","bendi gereğince ilk derece mahkemesi, Hukuk Genel Kurulunun verdiği karara uymak zorundadır. maddesinde ilk derece mahkemelerinin ve bölge adliye mahkemelerinin kararında direnmesi halinde incelemenin Yargıtay Hukuk Genel Kurulu tarafından yapılacağı, ayrı bir yargılama usulü öngörülmediğinden kanun yolunun da bu yasaya göre belirleneceği, bu nedenlerle direnme kararının Yargıtay Büyük Genel Kurulu tarafından incelemesi gerektiği belirtilmiştir."
"77057400","Yargıtay","Hukuk Genel Kurulu","2011/144","2011/406","15.06.2011","hgk","ticaret","y2010_2019","0.7","0.493","0.592","0.95","HUKUK GENEL KURULU KARARI

 Hukuk Genel Kurulunca incelenerek direnme kararının süresinde temyiz edildiği anlaşıldıktan ve dosyadaki kağıtlar okunduktan sonra gereği görüşüldü:
Dava; gemi üzerindeki müstehak alacaklarını ve fer'ilerini dava dışı Türkay Denizcilik A.Ş den temlik alan davacı A...Denizcilik A.Ş tarafından açılan, F..... (Sea Wagner) gemisinin satın alınması sırasında davalı B...V...firması tarafından düzenlenen klas kayıtlarının geminin gerçek durumunu yansıtmad"
"76859700","Yargıtay","Hukuk Genel Kurulu","2010/240","2010/271","12.05.2010","hgk","is_sgk","y2010_2019","0.7","0.483","0.598","0.95","HUKUK GENEL KURULU KARARI
 
Hukuk Genel Kurulunca incelenerek direnme kararının süresinde temyiz edildiği anlaşıldıktan ve dosyadaki k&acirc;ğıtlar okunduktan sonra gereği görüşüldü:
Dava; ilave tediye, ikramiye, fazla mesai ile ulusal bayram ve genel tatil ücreti alacağının tahsili istemine ilişkindir. Davacı, sözleşmeli statüde iken iş mevzuatına tabi statüye geçtiğini, kapsam dışı tabir edilen ve kapsam içi çalışanlara göre daha yüksek ücret öngören hizmet sözleşmesi imzal"
"77614100","Yargıtay","Hukuk Genel Kurulu","2013/202","2013/1587","15.11.2013","hgk","miras","y2010_2019","0.7","0.548","0.56","0.95","Hal böyle olunca, Hukuk Genel Kurulu'nca da benimsenen Özel Daire'nin bozma kararına uyulması gerekirken, önceki kararda direnilmesi usul ve yasaya aykırıdır. Hatta markalar arasında birçok noktada fark bulunduğu tespit edilse bile ""umumi intiba"" ikisinin karıştırılabileceği yönünde ise, iki işaret arasında karıştırma ihtimalinin bulunduğu kabul edilmelidir (Ünal Tekinalp, Fikri Mülkiyet Hukuku İst.2012, s."
"16896600","Yargıtay","Hukuk Genel Kurulu","2009/592","2010/35","27.01.2010","hgk","is_sgk","y2010_2019","0.7","0.548","0.56","0.95","Açıklanan nedenlerle, (kesin karar verme) hususunun Yargıtay Özel Daire kararının kesin olduğunu amaçladığı, bunun için de direnmeye konu edilemeyeceğini kabul etmek gerekir. Davalı vekili, davacı işçinin 16/10/2007 tarihinde işveren şirkete yazılı bir dilekçe vererek ayrılmak istediğini bildirdiğini, işverenin de davacının bu isteğini kabul ederek iş akdine son verdiğini, davacı ve diğer çalışanların işten ayrılma sebeplerinin borçları olması ve bunu tazminatları ile ödemek "
"77510600","Yargıtay","Hukuk Genel Kurulu","2012/1842","2013/780","29.05.2013","hgk","icra_iflas","y2010_2019","0.7","0.571","0.548","0.95","Maddesi;
""(1) Bu Kanunun yürürlüğe girdiği tarihten itibaren onbeş yıl süreyle geçerli olmak üzere; 4/11/1983 tarihli ve 2942 sayılı Kamulaştırma Kanununun geçici 6 ncı maddesi hükmü, 4/11/1983 tarihinden sonraki kamulaştırmasız el koyma işlemlerine de uygulanır. Bu maddenin tazminata ilişkin hükümleri, vuku bulduğu tarih itibarı ile bu maddenin kapsamında olan kamulaştırmasız el koymadan dolayı açtıkları tazminat davası süre bakımından dava hakkının düştüğü gerekçesiyle redd"
"17033200","Yargıtay","Hukuk Genel Kurulu","2007/11","2010/541","27.10.2010","hgk","miras","y2010_2019","0.7","0.358","0.671","0.95","Bir başka ifadeyle, sonradan çıkan yeni kanun veya İçtihadı Birleştirme Kararının, mah-kemelerde ve Yargıtay'da görülmekte olan bütün dava ve işlere uygulanması ve usuli kazanılmış hakkın gerektirdiği yönde değil, içtihadı birleştirme ya da kanun kapsamında inceleme yapılarak hüküm verilmesi gerekecektir. fıkrasında, ""Bu maddenin tazminata ilişkin hükümleri, vuku bulduğu tarih itibarı ile bu maddenin kapsamında olan kamulaştırmasız elkoymadan dolayı açtıkları tazminat davası "
"76984300","Yargıtay","Hukuk Genel Kurulu","2007/193","2010/543","20.10.2010","hgk","miras","y2010_2019","0.7","0.58","0.541","0.95","madde hükümleri uyarınca işlem yapılarak sonucuna göre karar verilmesi gerekir. fıkrasında ise, ""Vuku bulduğu tarih itibarı ile bu maddenin kapsamında olan kamulaştırmasız el koymadan dolayı bu maddenin yürürlüğe girmesinden önce tazmin talebiyle dava açmış olanlar; bu madde hükümlerine göre uzlaşma yoluna gitmeyi isteyip istemediklerini bu maddenin yürürlüğe girmesinden itibaren üç ay içinde idareye ve mahkemeye verecekleri dilekçeler ile bildirebilirler."
"77248600","Yargıtay","Hukuk Genel Kurulu","2012/681","2013/169","30.01.2013","hgk","esya_tapu","y2010_2019","0.7","0.602","0.529","0.95","Mahkemece, davacının tapu kaydına dayandığı ancak dayanak tapusunun dava konusu 58 parsel sayılı taşınmazı kapsamadığı; taşınmazın davalının dayandığı (14.01.1964 Tarih,16 nolu) tapu kaydı kapsamında kaldığı, dayanak tapu kaydının dava dışı davalı adına tescil edilen 6 nolu parsel ile 76 nolu parseli de kapsadığını ancak 76 nolu parselin dava konusu edilmediği, 6 nolu parselin de davalı adına tescil edildiği gerekçesi ile davanın reddine ve taşınmazın tespit gibi davalı adına"
"17039600","Yargıtay","Hukuk Genel Kurulu","2010/14589","2011/718","26.01.2011","hgk","icra_iflas","y2010_2019","0.7","0.707","0.468","0.95","gerekçesiyle davanın kabulü ile itirazın iptaline, takibin devamına, %40 icra inkar tazminatının davalıdan alınarak davacıya verilmesine karar verilmiş, kesin olarak verilen hüküm davalı banka vekilinin talebi, Adalet Bakanlığının ilgili yazısı üzerine, Yargıtay Cumhuriyet Başsavcılığınca HUMK' nun 427/6. 427/7) kanun yararına BOZULMASINA, kararın bir örneğinin Resmî Gazete'de yayımlanmak üzere Adalet Bakanlığına gönderilmesine (HUMK."
"257941300","Yargıtay","Hukuk Genel Kurulu","2012/1362","2012/831","21.11.2012","hgk","borclar","y2010_2019","0.7","0.629","0.513","0.95","Mahkemece istem kabul edilmiş; davalılar vekilinin temyizi üzerine Özel Dairece; yukarıda başlık bölümünde esas ve karar numarası belirtilen ilam ile bozulmuştur. O halde, davalı Avea İletişlim Hizmetleri AŞ vekilinin temyiz dilekçesinin feragat nedeniyle reddi gerekir."
"76474500","Yargıtay","Hukuk Genel Kurulu","2012/1826","2013/1298","11.09.2013","hgk","esya_tapu","y2010_2019","0.699","0.209","0.753","0.95","HUKUK GENEL KURULU KARARI 

 Hukuk Genel Kurulu'nca incelenerek direnme kararının süresinde temyiz edildiği anlaşıldıktan ve direnme kararının verildiği tarih itibariyle H.U.M.K.2494 sayılı Yasa ile değişik 438/II.fıkrası hükmü gereğince duruşma isteğinin reddine karar verilip dosyadaki kağıtlar okunduktan sonra gereği görüşüldü: 

 Dava, kamulaştırmasız el atılan taşınmaz bedelinin tahsili istemine ilişkindir. Davalı Kültür ve Turizm Bakanlığı'na izafeten İstanbul Muhakemat "
"17079800","Yargıtay","Hukuk Genel Kurulu","2011/254","2011/321","18.05.2011","hgk","is_sgk","y2010_2019","0.699","0.354","0.671","0.95","HUKUK GENEL KURULU KARARI 





 
Hukuk Genel Kurulunca incelenerek direnme kararının süresinde temyiz edildiği anlaşıldıktan ve dosyadaki kağıtlar okunduktan sonra gereği görüşüldü:





 
Dava, yaşlılık aylığına hak kazanıldığının tespiti ile aylık bağlanmasına karar verilmesi istemine ilişkindir. Direnme yolu ile Hukuk Genel Kurulu önüne gelen uyuşmazlık, 3201 sayılı Yurtdışında Bulunan Türk Vatandaşlarının Yurt Dışında Geçen Sürelerinin Sosyal Güvenlikleri Bakımından Değe"
"77394200","Yargıtay","Hukuk Genel Kurulu","2012/1706","2013/814","12.06.2013","hgk","aile","y2010_2019","0.699","0.672","0.485","0.95","Keza hak düşürücü süre de olumsuz dava şartlarından olup davanın esastan görülmesine engel olup, yanlışlıkla işin esası incelenmiş ve herhangi bir nedenle (davanın ispatı, kabul, feragat vs.) esastan karar verilmiş olsa bile, hak düşürücü sürenin geçtiği anlaşıldığı takdirde, davanın bu nedenle reddi gerekir. Kesin hüküm itirazı, davanın her aşamasında ileri sürülebilir ve mahkemenin de; (Yargıtay'ın da) davanın her aşamasında kesin hükmün varlığını kendiliğinden gözetip, dav"
"86478500","Yargıtay","Hukuk Genel Kurulu","2012/1038","2013/377","20.03.2013","hgk","ticaret","y2010_2019","0.699","0.449","0.616","0.95","HUKUK GENEL KURULU KARARI
Hukuk Genel Kurulunca incelenerek direnme kararının süresinde temyiz edildiği anlaşıldıktan ve dosyadaki kağıtlar okunduktan sonra gereği görüşüldü:
Dava, İİK’nun 67.maddesine dayalı olarak açılmış olup, davalı tarafın hakkındaki icra takibine yönelik itirazlarının iptali istemine ilişkindir. Söz konusu yeri 1 yıl içinde şahsım, ortağı veya çalışanı bulunduğum şirket, şirket ortakları, şirketin ortak olduğu kuruluşlar yada kan ve sıhri hısımlarım sat"
"77450000","Yargıtay","Hukuk Genel Kurulu","2013/427","2013/1700","25.12.2013","hgk","ticaret","y2010_2019","0.699","0.481","0.598","0.95","O halde, Hukuk Genel Kurulu'nca da benimsenen Özel Daire bozma kararına uyulması gerekirken, önceki kararda direnilmesi usul ve yasaya aykırıdır. talep etmiş bulunması karşısında, bu talebin kooperatiften çıkma alacağı değil, kendilerine daire verilmemesinden kaynaklanan tazminat talebi olduğu kabul edilmelidir."
"77628300","Yargıtay","Hukuk Genel Kurulu","2013/643","2013/1604","27.11.2013","hgk","ticaret","y2010_2019","0.699","0.478","0.598","0.95","maddesi ile doktora veya diğer lisans üstü eğitim programlarına göre öğrenimlerini tamamladıktan sonra öğretim görevlisi olarak beş yıl çalışılacağının taahhüt edilmiş bulunmasına göre, Hukuk Genel Kurulu'nca da benimsenen Özel Daire bozma kararına uyulmak gerekirken, önceki kararda direnilmesi usul ve yasaya aykırıdır. maddesi ile 6100 sayılı Hukuk Muhakemeleri Kanunu'na eklenen ""Geçici Madde 3"" atfıyla uygulanmakta olan 1086 sayılı Hukuk Usulü Muhakemeleri Kanunu'nun 429.ma"
"87581800","Yargıtay","Hukuk Genel Kurulu","2013/155","2013/1488","23.10.2013","hgk","usul_hukuk","y2010_2019","0.699","0.512","0.579","0.95","O halde; Hukuk Genel Kurulu’nca da benimsenen Özel Daire bozma kararına uyulmak gerekirken, önceki kararda direnilmesi usul ve yasaya aykırıdır. Mahkemece, el konulan kürklerin teminat karşılığı iade edilmesi yönünde Ağır Ceza Mahkemesi tarafından ara karar verilmiş olmasına rağmen, malların davacı tarafından teslim alınmadığı, yapılan satış işleminin hukuka uygun olduğu ve ileri sürülen zararın oluşmasında davalının kusurunun bulunmadığı gerekçesiyle davanın reddine karar ve"
"76492600","Yargıtay","Hukuk Genel Kurulu","2010/21","2013/1357","18.09.2013","hgk","usul_hukuk","y2010_2019","0.699","0.665","0.491","0.95","Mahkemece; yukarıda başlık bölümüne alınan gerekçe ile davanın reddine karar verilmiştir."
"52075900","Yargıtay","Ceza Genel Kurulu","2011/577","2012/1821","31.10.2012","cgk","ticaret","y2010_2019","0.699","0.49","0.592","0.95","Özel Daire ile yerel mahkeme arasında oluşan ve Ceza Genel Kurulunca çözümlenmesi gereken uyuşmazlık; sanıklara yüklenen suç işlemek amacıyla kurulmuş olan örgüte üye olmak ve örgüt faaliyeti kapsamında uyuşturucu madde ticareti suçlarının sabit olup olmadığının belirlenmesine ilişkindir. maddesi uyarınca, sanıklar müdafilerinin duruşmalı inceleme isteminin reddine karar verilerek, inceleme dosya üzerinden ve sanıklar Feysel ile Vahap hakkında kurulan hükümlerle sınırlı olara"
"496939400","Yargıtay","Büyük Genel Kurulu","2019/1","2019/1","30.01.2019","yibk","diger","y2010_2019","0.698","0.756","0.394","1","maddesinde sayılan sebeplerden hiçbirisine uygun olmayan karar düzeltme isteğinin REDDİNE, 30/01/2019 tarihinde oy birliğiyle kesin olarak karar verildi. maddesi ile 6100 sayılı Hukuk Muhakemeleri Kanununa eklenen ""Geçici madde 3"" atfıyla uygulanmakta olan 1086 sayılı Hukuk Usulü Muhakemeleri Kanunun 440."
"85690100","Yargıtay","Hukuk Genel Kurulu","2012/1086","2013/294","27.02.2013","hgk","ticaret","y2010_2019","0.698","0.281","0.709","0.95","Hal böyle olunca; aynı hususa işaret eden ve Hukuk Genel Kurulu’nca da benimsenen Özel Daire bozma kararına uyulmak gerekirken, önceki kararda direnilmesi usul ve yasaya aykırıdır. Hemen belirtmek gerekir ki; 2918 sayılı Karayolları Trafik Kanunu'nun 36."
"77474600","Yargıtay","Hukuk Genel Kurulu","2012/1503","2013/755","22.05.2013","hgk","aile","y2010_2019","0.698","0.441","0.616","0.95","Aile Mahkemesi kurulmayan yerlerde, Hakimler ve Savcılar Yüksek Kurulunca belirlenen Asliye Hukuk Mahkemelerinde davanın Aile Mahkemesi sıfatı ile görülüp karara bağlanması gerekir (Yargıtay HGK.nun 16.11.2005 tarih ve 2005/2-673 E 2005/617 K.sayılı kararı). HUKUK GENEL KURULU KARARI 
Hukuk Genel Kurulu'nca incelenerek direnme kararının süresinde temyiz edildiği anlaşıldıktan ve dosyadaki kağıtlar okunduktan sonra gereği görüşüldü:
Dava, evlilik birliği devam ederken satın al"
"77554700","Yargıtay","Ceza Genel Kurulu","2013/517","2013/514","26.11.2013","cgk","icra_iflas","y2010_2019","0.698","0.538","0.56","0.95","CEZA GENEL KURULU KARARI
İtirazın kapsamına göre inceleme, sanık hakkında çocukların cinsel istismarı suçundan kurulan hükümle sınırlı olarak yapılmış olup, Özel Daire çoğunluğu ile Yargıtay Cumhuriyet Başsavcılığı arasında oluşan ve Ceza Genel Kurulunca çözümlenmesi gereken uyuşmazlık; çocukların cinsel istismarı suçundan sanık hakkında TCK'nun 30. İkinci fıkra ile kişinin, suçun daha ağır veya daha az cezayı gerektiren nitelikli hallerinin gerçekleştiği hususundaki hatasınd"
"77594800","Yargıtay","Ceza Genel Kurulu","2013/223","2013/429","22.10.2013","cgk","ceza_usul","y2010_2019","0.698","0.539","0.56","0.95","maddesindeki; ""(1) Ceza Muhakemesi Kanununun 141 il&acirc; 144 üncü maddeleri hükümleri, 1 Haziran 2005 tarihinden itibaren yapılan işlemler hakkında uygulanır. Asliye Ceza Mahkemesince verilen beraat kararının da 06.01.2005 tarihinde kesinleştiği, 02.04.1997 tarihinde kesinleşen beraat kararının kesinleştiğinin davacıya veya vekiline tebliğ olunduğuna ya da davacı tarafından dava tarihinden önce öğrenildiğine dair dosya içerisinde bir bilgi veya belgenin bulunmadığı, 06.01.2"
"77096700","Yargıtay","Ceza Genel Kurulu","2011/105","2011/107","24.05.2011","cgk","ceza_genel","y2010_2019","0.698","0.756","0.435","0.95","Ayrıntıları Yargıtay Ceza Genel Kurulunun 17.04.2007 gün ve 32-97 sayılı kararında vurgulandığı üzere, 01 Haziran 2005 tarihinden önce işlenen suçlarda lehe yasa her suç yönünden ayrı ayrı belirlenmeli ve 765 sayılı Yasanın içtimaya ilişkin 68 ila 77. Bu ilkeler ve yasal düzenlemeler kapsamında, lehe yasa belirlenmesinde 765 sayılı Yasa kapsamındaki içtimalı cezaların değil, her suç yönünden ayrı ayrı değerlendirme yapılarak, her biri için belirlenen cezanın dikkate alınması "
"76915100","Yargıtay","Ceza Genel Kurulu","2010/193","2010/202","19.10.2010","cgk","ceza_genel","y2010_2019","0.698","0.69","0.473","0.95","Her iki yasanın ilgili maddeleri birlikte değerlendirildiğinde, iştirak halinde suç işleyen yaşı küçük sanıklar ile yaşı büyük sanıkların ayrı ayrı görülmekte olan davalarının mahkemelerin karşılıklı uygun görmesi sonucunda genel mahkemelerde birleştirilebileceği ve birleştirme sonrasında yargılamanın da genel mahkemede ve bu mahkemenin tabi olduğu usule göre yapılacağında kuşku bulunmamaktadır. Bu itibarla yerel mahkeme direnme hükmünün, sanığın savunmasının usulünce saptana"
"45607700","Yargıtay","Ceza Genel Kurulu","2012/1392","2013/274","28.05.2013","cgk","ceza_genel","y2010_2019","0.698","0.628","0.51","0.95","maddeleri uyarınca 2 yıl 1 ay hapis ve 15.000 Lira adli para cezası ile cezalandırılmasına ilişkin yerel mahkeme hükmünün Özel Dairece, ceza miktarı yönünden kazanılmış hak saklı kalmak kaydıyla, eylemin mağdur sayısınca suç oluşturduğundan bahisle bozulmasında bir isabetsizlik bulunmamaktadır. SONUÇ :

 Açıklanan nedenlerle;

 1- Yargıtay Cumhuriyet Başsavcılığı itirazının REDDİNE,

 2-Dosyanın, mahalline gönderilmek üzere Yargıtay Cumhuriyet Başsavcılığına TEVDİİNE, 28.05.2"
"86219700","Yargıtay","Hukuk Genel Kurulu","2012/1128","2013/403","27.03.2013","hgk","ticaret","y2010_2019","0.697","0.656","0.491","0.95","Yerel Mahkemece, ihtiyati haciz kararının kaldırılmasına ilişkin kararın kesinleşmeden derhal uygulanması gerektiği, İİK'nun 265/son maddesinin de kararın temyizinin ilgili kararın uygulanmasını durdurmayacağı yönünde olduğu gerekçesi ile şikâyetin kabulü ile icra dosyasındaki 04.02.211 tarihli icra müdürlüğü kararının kaldırılmasına karar vermiştir. Hukuk Genel Kurulu önüne gelen uyuşmazlık; alacaklı tarafından mahkemeden alınan ve takibe konulan ihtiyati haciz kararının son"
"86454500","Yargıtay","Hukuk Genel Kurulu","2012/1331","2013/404","27.03.2013","hgk","usul_hukuk","y2010_2019","0.697","0.624","0.51","0.95","fıkrasının Anayasa Mahkemesi'nin 12/05/2011 tarih ve 2009/31 E-2011/77 K sayılı olup 23/07/2011 tarih 28003 tarihli RG'de yayınlanan kararı ile iptal edildiği; böylelikle bozma gerekçesinin yargılama devam ederken ortadan kalktığı” gerekçesi ile, bozmadan sonra gerçekleşen iptal olgusuna dayalı olarak direnildiğinden bahisle, davanın kısmen kabulüne karar verilmiştir. Hukuk Genel Kurulu'ndaki görüşme sırasında, işin esasının incelenmesinden önce, bozma kararının dayanağını te"
"77543500","Yargıtay","Hukuk Genel Kurulu","2012/569","2012/900","28.11.2012","hgk","usul_hukuk","y2010_2019","0.697","0.249","0.727","0.95","Hal böyle olunca; aynı hususa işaret eden ve Hukuk Genel Kurulu'nca da benimsenen Özel Daire bozma kararına uyulmak gerekirken, önceki kararda direnilmesi usul ve yasaya aykırıdır. Eser sözleşmeleri, kural olarak, hiçbir şekle bağlı değildir."
"76763300","Yargıtay","Hukuk Genel Kurulu","2010/180","2010/197","31.03.2010","hgk","ticaret","y2010_2019","0.697","0.624","0.51","0.95","O halde, kurulan yeni hükme ilişkin davalı vekilinin temyiz itirazlarının incelenmesi için dosyanın Özel Daireye gönderilmesi gerekir. Özel Dairece, davacının mevcut uygulamaya uzun süre ses çıkarmaması, yeni iş başvurusunun kabul edilmesinden sonra sözleşmenin haklı nedenle feshedildiği belirtildiğinden, eldeki davada bu hakkın ileri sürülmesi 4721 sayılı Türk Medeni Kanunu'nun 2.maddesine aykırı olup, hukuken himaye edilemeyeceğinden, objektif iyiniyet kuralları da gözetilm"
"86217900","Yargıtay","Hukuk Genel Kurulu","2012/1165","2013/406","27.03.2013","hgk","aile","y2010_2019","0.697","0.483","0.591","0.95","O halde, davacının yoksulluk nafakası isteminin reddi gereğine değinen, Hukuk Genel Kurulu’nca da benimsenen Özel Daire bozma ilamına uyulmak gerekirken, önceki kararda direnilmesi usul ve yasaya aykırıdır. Kural olarak her dava açıldığı tarihteki koşullara göre hükme bağlanır."
"17003300","Yargıtay","Hukuk Genel Kurulu","2010/356","2010/389","14.07.2010","hgk","aile","y2010_2019","0.697","0.472","0.598","0.95","Hukuk Genel Kurulu'nca da benimsenen Özel Daire bozma kararına uyulmak gerekirken, önceki kararda direnilmesi usul ve yasaya aykırıdır. Ne var ki bu durum hakimin olaya resen el koyabileceği anlamında değil usulüne uygun olarak açılmış davalardaki usuli işlemlerin yapılması anlamında kabul edilmelidir."
"52018400","Yargıtay","Ceza Genel Kurulu","2013/81","2013/91","19.03.2013","cgk","icra_iflas","y2010_2019","0.697","0.621","0.51","0.95","Özel Daire ile yerel mahkeme arasında oluşan ve Ceza Genel Kurulunca çözümlenmesi gereken uyuşmazlık; sanık Doğan'ın itiraza konu edilmeyen sanık M.'nin işlemiş olduğu kasten öldürme suçuna katılıp katılmadığı, katıldığının kabulü halinde ise eyleme asli fail olarak mı, yoksa yardım eden olarak mı katıldığının belirlenmesine ilişkindir. İncelenen dosya içeriğinden;

 Olayın oluş şekli ve olay yeri ile ilgili gözlemler başlıklı 15.12.2007 günlü tutanakta, göğüs kafesi ile karı"
"17066800","Yargıtay","Ceza Genel Kurulu","2011/22","2011/22","29.03.2011","cgk","ceza_genel","y2010_2019","0.697","0.622","0.51","0.95","Bu itibarla haklı nedene dayanan Yargıtay C.Başsavcılığı itirazının kabulüne, Özel Dairenin temyiz isteminin reddine ilişkin kararının tehdit ve sövme suçları yönünden kaldırılmasına ve esastan incelenerek bir karar verilmek üzere dosyanın Özel Daireye gönderilmesine karar verilmelidir. Ceza Dairesinin 15.12.2010 gün ve 20607-20928 sayılı temyiz isteminin reddine ilişkin kararının tehdit ve sövme suçlarına ilişkin olarak KALDIRILMASINA,





 
3- Dosyanın, tehdit ve sövme suç"
"17159800","Yargıtay","Hukuk Genel Kurulu","2011/573","2011/692","23.11.2011","hgk","esya_tapu","y2010_2019","0.696","0.584","0.529","0.95","Eş söyleyişle, bir hukuki işlemin 4077 sayılı yasa kapsamında kaldığının kabulü için, taraflardan birinin satıcı, diğerinin tüketici sıfatını taşıması, alışverişe konu olan malın ise Kanunun 3.maddesinde yazılı mal kavramı içerisinde yer alması gerekir. Ne var ki davacı vekilinin sair temyiz itirazları Özel Dairece incelenmemiş olduğundan, dosyanın buna ilişkin inceleme yapılmak üzere Özel Daireye gönderilmesi gerekir."
"77043800","Yargıtay","Hukuk Genel Kurulu","2011/249","2011/334","18.05.2011","hgk","usul_hukuk","y2010_2019","0.696","0.628","0.504","0.95","Ne var ki, tazminat miktarına ilişkin temyiz itirazları Özel Dairesince incelenmediğinden, dosyanın bu inceleme yapılmak üzere Özel Dairesine gönderilmesi gerekir. Davalı vekili, söz konusu programın Türkiye'de siyasetin, siyasetçilerin ve siyasi üslup konusunun tartışıldığı bir program olduğunu, davalının bir örnekleme yaptığını, davacının salt kişiliği ile ilgili bir değerlendirmenin sözkonusu olmadığını, olayın basın yoluyla yapılmış bir siyasi eleştiri niteliğinde olduğun"
"77578800","Yargıtay","Ceza Genel Kurulu","2012/1298","2013/418","22.10.2013","cgk","ticaret","y2010_2019","0.696","0.682","0.473","0.95","2-) Müşteki vekilinin temyiz isteminin süresinde olup olmadığının belirlenmesine gelince;
Olağan kanun yollarından olan temyiz incelemesinin yapılabilmesi için bir temyiz davasının açılmış olması gerekir. Yapılan değişikliğin gerekçesi ""İtiraz üzerine dosyanın kararına itiraz edilen daireye gönderileceği ve itirazın mümkün olan en kısa sürede dairece inceleneceği ve itirazın yerinde görülmesi durumunda dairenin kararını düzelteceği; itiraz yerinde görülmezse dairenin dosyayı "
"17063500","Yargıtay","Ceza Genel Kurulu","2011/11","2011/21","29.03.2011","cgk","ticaret","y2010_2019","0.696","0.618","0.51","0.95","Bu nitelikteki bir hükmün temyiz edilmesi halinde ise incelemenin Yargıtay'ın ilgili dairesi tarafından yapılması gerekir. Asliye Ceza Mahkemesince 02.10.2001 tarihinde verilen ve 08.04.2004 tarihinde kesinleşen ilam getirtilerek dosyaya konulmuş, gerekçede 07.06.1976 gün ve 4-3 sayılı Yargıtay İçtihadı Birleştirme Kararına yer verilmiş, bunun yanında ilk hükümde yer almayan yeni ve değişik gerekçeye dayanılmıştır."
"53692100","Yargıtay","Ceza Genel Kurulu","-","2013/10766","21.03.2013","cgk","icra_iflas","y2010_2019","0.696","0.771","0.42","0.95","maddeleri uyarınca (BOZULMASINA), ilamın tebliğinden itibaren 10 gün içinde karar düzeltme yolu açık olmak üzere, 21.03.2013 gününde oybirliğiyle karar verildi. gerekçeli kararın yazıldığı tarihin"" yer alması zorunlu olup, kanunun bu emredici hükmüne aykırı davranılması da doğru bulunmamıştır."
"76762900","Yargıtay","Hukuk Genel Kurulu","2010/143","2010/196","31.03.2010","hgk","is_sgk","y2010_2019","0.695","0.367","0.653","0.95","Bu ilkeden hareketle, davada menfaatin varlığı, mahkemece, taraflarca dava dosyasına sunulmuş deliller, olay veya olgular çerçevesinde, kural olarak davanın açıldığı tarihe göre, kendiliğinden ve yargılamanın her aşamasında gözetilmesi gerekir. Kararın adaletli olması ise, kararın, davanın tarafları arasındaki uyuşmazlığı, tarafları tatmin eder biçimde ortadan kaldırılmasının yanında ve ondan çok daha önemli olarak, toplum barışını sağlamaya yönelik olması demek olduğu; bunun"
"17000700","Yargıtay","Hukuk Genel Kurulu","2010/332","2010/344","23.06.2010","hgk","is_sgk","y2010_2019","0.695","0.612","0.51","0.95","Ne var ki, işin esasına ilişkin temyiz itirazlarının incelenmesi için dosyanın Özel Dairesine gönderilmesi gerekir. maddesi hükmündeki su ve kanalizasyon tesislerine bilerek veya bilmeyerek çeşitli sebeplerle zarar verilmesi halinde zararın giderilmesi için yapılan harcamaların %50 fazlası ile tahsil edileceğine ilişkin hükmün somut olayda uygulanmasına imkan bulunmamasına, somut olayda zarar kapsamının Borçlar Kanununun 42."
"17155500","Yargıtay","Hukuk Genel Kurulu","2011/831","2011/770","14.12.2011","hgk","is_sgk","y2010_2019","0.695","0.579","0.529","0.95","HUKUK GENEL KURULU KARARI





 
Hukuk Genel Kurulu'nca incelenerek dosyadaki kağıtlar okunduktan sonra gereği görüşüldü: 





 
Bilindiği üzere, sağlıklı bir temyiz incelemesi yapılabilmesi için hükme esas alınan deliller ile dava evrakının eksiksiz olması, işlem sırasına göre belli bir düzen içinde bulunması gerekmektedir. Görülmektedir ki, yüze karşı verilen karara karşı süresi içinde verilen süre tutum dilekçesi üzerinde 28.06.2011 havale tarihinden başka temyiz defterin"
"17000400","Yargıtay","Hukuk Genel Kurulu","2010/297","2010/341","23.06.2010","hgk","usul_hukuk","y2010_2019","0.695","0.613","0.51","0.95","I-Davacılar vekilinin temyiz dilekçesinin direnmeye ilişkin bölümü yönünden; 






Özel Dairece temyiz itirazlarının reddine karar verilerek haklarında hüküm kesinleşmiş olan davacıların direnme kararını temyizde hukuki yararı bulunmadığından direnmeye yönelik temyiz istemlerinin reddi gerekir. Bozma ilamında yer alan, ""4.256,15 YTL'lik işsizlik sigortası primi ile 1.880,62 YTL'lik gecikme zammından"" şeklindeki ibare ödeme emrinde yer alan miktarlarla uyumlu olmadığı gibi öd"
"77037700","Yargıtay","Hukuk Genel Kurulu","2011/51","2011/327","18.05.2011","hgk","icra_iflas","y2010_2019","0.695","0.675","0.473","0.95","O halde, direnme kararının, mahkemece davacının geri alma beyanı değerlendirilmek ve bu konuda bir karar verilmek üzere salt bu değişik nedenle, bozulması gerekir. Bu beyan karşısında heyetçe ,davacının davayı geri alma talebine davalı vekilinin muvafakatinin bulunduğu kabul edilerek; bu durumun yerel mahkemece değerlendirilmesi gerektiği sonucuna varılmış; varılan bu sonuca göre uyuşmazlığa ilişkin diğer hususların değerlendirilmesi yoluna gidilmemiştir."
"77034200","Yargıtay","Ceza Genel Kurulu","-","2011/56","19.04.2011","cgk","ceza_genel","y2010_2019","0.695","0.76","0.425","0.95","D.'la pazarlık yaptığı, ancak adı geçen kişilerin sanığa, tapuda satacakları arsa yerine, yola daha yakın ve değeri daha yüksek olan ve aynı zamanda tapuda da başkası adına kayıtlı bulunan başka bir arsayı gösterdikleri ve 25.000 TL peşin, 20.000 TL bir hafta sonra ve kalan 35.000 TL için de, Aralık ayında ödenmek üzere senet düzenlemek suretiyle toplam 85.000 TL'ye anlaşarak noterde işlem yaptıkları,
Ancak bir süre sonra İ. A.'ın da sanığın aksi kanıtlanamayan savunmasına gö"
"76917300","Yargıtay","Ceza Genel Kurulu","2010/135","2010/204","19.10.2010","cgk","usul_hukuk","y2010_2019","0.695","0.675","0.473","0.95","CEZA GENEL KURULU KARARI
Sanığın uzun namlulu kaleşnikof tüfeği ile mağdurun ayaklarına doğru ateş ederek, ateşli silah yaralanmasına bağlı sağ tibia ve fibulada çok parçalı kırığa ve yüzde sabit eser niteliğindeki yaralanmaya neden olduğu olayda, oluş ve sübutta bir uyuşmazlık bulunmayıp, Yargıtay Ceza Genel Kurulunca çözümlenmesi gereken uyuşmazlık, neticesi sebebiyle ağırlaşmış yaralama eylemlerinde 5237 sayılı TCY'nın 87. fıkranın (e) bendi uyarınca yarı oranında artırıla"
"76715200","Yargıtay","Ceza Genel Kurulu","2010/16","2010/3","26.01.2010","cgk","ceza_usul","y2010_2019","0.695","0.743","0.435","0.95","maddesinde, suç tarihinde onbeş yaşını doldurmuş olup da, onsekiz yaşını doldurmamış olan kişiler hakkında hükmolunan cezaların ""yarısının"" indirileceği hükmüne yer verilmiş, anılan hükümdeki indirim oranı 08.07.2005 günlü Resmi Gazete'de yayımlanarak yürürlüğe giren 29.06.2005 gün ve 5377 sayılı Yasanın 5. maddesi uyarınca baro tarafından atanan müdafilere ödenen ücretlerin, 19.12.2006 tarihinden önce yapılan atama işlemleri yönünden yargılama giderlerine esas alınamayacağı "
"77097000","Yargıtay","Ceza Genel Kurulu","2011/89","2011/108","24.05.2011","cgk","ceza_usul","y2010_2019","0.695","0.676","0.473","0.95","Kurulan hükmün sanık hakkında hukuki sonuç doğurmamasına olanak sağlayan ve bu yönüyle sanık lehine sonuç doğurduğunda kuşku bulunmayan bu müessesenin, sanık hakkında uygulanıp uygulanmayacağı, öncelikle birinci derece yargılamasını yapan mahkemece değerlendirilmelidir. fıkrasında gerçekleştirilen değişiklik sonucunda, bu maddede öngörülen objektif ve subjektif koşulların varlığı halinde uygulanması olanağı bulunan ""hükmün açıklanmasının geri bırakılması"" kurumunun tatbik ala"
"85842000","Yargıtay","Hukuk Genel Kurulu","2012/755","2013/289","27.02.2013","hgk","usul_hukuk","y2010_2019","0.694","0.522","0.56","0.95","Bu itibarla; Hukuk Genel Kurulu’nca da benimsenen Özel Daire bozma kararına uyulmak gerekirken, önceki kararda direnilmesi usul ve yasaya aykırıdır. Bu durumda cezai şartında sözleşmede belirlenen 5.101.000.000.TL’nin baz alınarak hesaplanması gerekir; kaldı ki, davalıda savunmasında cezai şartın 5.100.000.000.TL üzerinden hesaplanması gerektiğini açıkça belirtmiştir."
"45602400","Yargıtay","Ceza Genel Kurulu","2012/1269","2013/26","29.01.2013","cgk","ceza_genel","y2010_2019","0.694","0.587","0.523","0.95","Sulh Ceza Mahkemesine yazdığı yazı ile suçun vasıf ve mahiyetinin değişme ihtimali, şüphelilerin tutuklu kaldığı süre dikkate alınarak tahliye isteminde bulunduğu, ilgili hakim tarafından tahliye hususunun bizzat Cumhuriyet savcısı tarafından 5271 sayılı CMK'nın 103/2. CEZA GENEL KURULU KARARI

 Yargıtay Ceza Genel Kurulunca çözümlenmesi gereken uyuşmazlık, sanığa atılı zincirleme şekilde icbar suretiyle irtikaba teşebbüs suçunun sabit olup olmadığının belirlenmesine ilişkind"
"466302400","Yargıtay","Ceza Genel Kurulu","2012/937","2012/1782","25.09.2012","cgk","ceza_genel","y2010_2019","0.694","0.491","0.579","0.95","CEZA GENEL KURULU KARARI
Sanığın taksirle öldürme suçundan cezalandırılmasına karar verilen olayda, Özel Daire ile yerel mahkeme arasında oluşan ve Yargıtay Ceza Genel Kurulunca çözümlenmesi gereken uyuşmazlık, taksirli suçlarda hükmolunan iki yıldan fazla hapis cezalarının adli para cezasına çevrilmesi halinde, hükmün açıklanmasının geri bırakılmasına karar verilip verilemeyeceğinin belirlenmesine ilişkindir. fıkrasının; “...ancak mahkeme, kendisine yüklenen yükümlülükleri y"
"77280800","Yargıtay","Ceza Genel Kurulu","2011/233","2011/305","27.12.2011","cgk","ceza_genel","y2010_2019","0.694","0.521","0.56","0.95","Özel Daire ile Yargıtay C.Başsavcılığı arasında oluşan ve Ceza Genel Kurulunca çözümlenmesi gereken uyuşmazlık; sanığın eyleminin tek hırsızlık suçunu oluşturduğunun kabulü halinde, bu eylemle ilgili olarak hem onama hem de bozma kararı verilmesinin isabetli olup olmadığının belirlenmesine ilişkin ise de; sanık hakkında kantinden bir miktar para ve çakmak almak eylemi dışında başka bir hırsızlık suçundan usulüne uygun olarak açılmış bir dava bulunup bulunmadığı hususu öncelik"
"17160900","Yargıtay","Hukuk Genel Kurulu","2011/627","2011/722","30.11.2011","hgk","is_sgk","y2010_2019","0.693","0.45","0.598","0.95","HUKUK GENEL KURULU KARARI 





 
Hukuk Genel Kurulunca incelenerek direnme kararının süresinde temyiz edildiği anlaşıldıktan ve dosyadaki kağıtlar okunduktan sonra gereği görüşüldü: 





 
Dava, iş akdinin haksız feshi nedeniyle kıdem ve ihbar tazminatı ile yıllık ücretli izin alacağının tahsili istemine ilişkindir. Davacı vekili, davacının 1987 yılından itibaren devam eden iş akdinin davalı işveren tarafından babaannesinin cenazesi için kullandığı izin dönüşü haksız ve öne"
"77522900","Yargıtay","Hukuk Genel Kurulu","2012/255","2012/876","28.11.2012","hgk","usul_hukuk","y2010_2019","0.693","0.666","0.473","0.95","Hukuk Dairesinin ilk derece mahkemesi sıfatıyla verdiği kararın onanması gerekir. Davalı Maliye Bakanlığı cevap dilekçesinde özetle: ""&hellip; Davacının 04.09.2009 tarihli hal kağıdına 01.11.2010 tarihli itirazı üzerine yapılan inceleme sonunda, itirazları yerinde görülerek ""orta"" notun kaldırıldığını ve ""iyi"" olarak yeni bir hal kağıdının 08.12.2010 tarihinde düzenlendiğini, davacının mağduriyetinin ortadan kaldırılmış olduğunu, ortada bir zararın bulunmadığını, savunarak da"
"17109800","Yargıtay","Hukuk Genel Kurulu","2011/425","2011/521","13.07.2011","hgk","icra_iflas","y2010_2019","0.693","0.811","0.389","0.95","Şu hale göre; serbest alım-satımlar üzerinden emsal değerlendirmesi içeren ve hükme esas alınan 24.11.2009 tarihli bu raporun, Kanunun aradığı yöntem ve ilkelere uygun, denetime elverişli, hüküm kurmaya yeterli olduğu da çok açıktır. Oysa, yukarıda aktarılan dosya kapsamına göre mahkemenin aldığı tek rapor bu olmadığı gibi, hükme esas alınan 24.11.2009 tarihli raporda da bozma ilamında aktarıldığının aksine serbest alım-satımlar emsal olarak değerlendirilmiştir."
"77512600","Yargıtay","Ceza Genel Kurulu","2013/621","2013/457","19.11.2013","cgk","ticaret","y2010_2019","0.693","0.516","0.56","0.95","Bu nitelikteki bir hükmün temyiz edilmesi halinde ise incelemenin Yargıtayın ilgili dairesi tarafından yapılması gerekir. CEZA GENEL KURULU KARARI
Özel Daire ile yerel mahkeme arasında oluşan ve Ceza Genel Kurulunca çözümlenmesi gereken uyuşmazlık; gizli soruşturmacı olarak görev yapan kolluk personeli dinlenilmeden eksik araştırma ile hüküm kurulup kurulmadığı ve suça konu uyuşturucu maddenin tamamı için bilirkişi incelemesi yaptırılıp yaptırılmadığının belirlenmesine ilişki"
"77053700","Yargıtay","Ceza Genel Kurulu","2011/37","2011/71","26.04.2011","cgk","ticaret","y2010_2019","0.693","0.765","0.416","0.95","Bunun sonucu olarak, hüküm kesinleşinceye kadar, inceleme olanağı bulunan kanıtların ele alınıp değerlendirilmesi gerekir. Yargılamaya konu çekin, sanık tarafından imzalanarak boş bir şekilde şik&acirc;yetçiye verildiği, söz konusu çekte rakam ve yazı ile gösterilen çek bedelleri arasında fark bulunduğu ve üzerinde tahrifat da yapılmadığı hususlarında herhangi bir duraksama bulunmamakta olup uyuşmazlık bu bedellerden hangisine itibar olunacağı noktasında toplanmaktadır."
"77601300","Yargıtay","Hukuk Genel Kurulu","2013/129","2013/1585","15.11.2013","hgk","miras","y2010_2019","0.692","0.511","0.56","0.95","Hal böyle olunca, Hukuk Genel Kurulu'nca da benimsenen Özel Daire'nin bozma kararına uyulması gerekirken, önceki kararda direnilmesi usul ve yasaya aykırıdır. Bu durumda, Türk Medeni Kanunu'nun 512/3.maddesi hükmü gözetilerek ıskatı içeren ölüme bağlı tasarrufun davacıların saklı payı dışında (tasarruf nisabı oranında) yerine getirileceği kabul edilmelidir."
"77445200","Yargıtay","Hukuk Genel Kurulu","2012/535","2012/818","21.11.2011","hgk","borclar","y2010_2019","0.692","0.513","0.56","0.95","Hukuk Genel Kurulu'nda yapılan görüşmeler sonucunda mahkemenin söz konusu ifadeleri kullanmasının direnme gerekçesini kuvvetlendirmek amacıyla olduğu, bu nedenle anılan kararın yeni gerekçeye dayalı yeni bir hüküm niteliğinde olmadığı sonucuna oybirliğiyle varılarak ön sorun bu şekilde aşılmış ve işin esasının görüşülmesine geçilmiştir. maddesi ile 6100 sayılı Hukuk Muhakemeleri Kanunu'na eklenen ""Geçici madde 3"" atfıyla uygulanmakta olan 1086 sayılı Hukuk Usulü Muhakemeleri "
"76491100","Yargıtay","Hukuk Genel Kurulu","2013/748","2013/1376","25.09.2013","hgk","aile","y2010_2019","0.692","0.662","0.474","0.95","Ayrıca davalının temyiz dilekçesine karşı cevap veren davacı vekili 17.04.2012 tarihli dilekçesinde ""davalının temyiz dilekçesinin reddine karar verilmesini"", devamında ise ""yerel mahkeme kararının 16.02.2012 tarihli dilekçemizde ileri sürdüğümüz temyiz istemimiz yönünde düzleterek onanmasına karar verilmesini"" istemiş, ancak herhangi bir harç yatırılmamıştır. Bu nedenle davalı vekiline feragat yetkisi olan vekaletname ibraz etmesi için; davacı vekiline ise HUMK.nun 434/son m"
"77095300","Yargıtay","Ceza Genel Kurulu","2011/92","2011/105","24.05.2011","cgk","ceza_genel","y2010_2019","0.692","0.792","0.398","0.95","İncelenen dosya içeriğinden; 
Trafik Kazası Tespit Tutanağında; ""Sürücü T.E.'nın idaresindeki ....plakalı kamyoneti ile Karaman Çevre Yolu'nu takiben Ereğli Yolu Kavşağı istikametinden Kumköprü Caddesi Kavşağına doğru seyrederken, Menzil Caddesi Kavşağında yaya geçidinden, orta refüj istikametinden karşıya .... fıkrası; ""Hakim; somut olayda; a) Suçun işleniş biçimini, b)Suçun işlenmesinde kullanılan araçları, c) Suçun işlendiği zaman ve yeri, d) Suçun konusunun önem ve değeri"
"76772000","Yargıtay","Ceza Genel Kurulu","2010/2","2010/68","30.03.2010","cgk","ceza_usul","y2010_2019","0.692","0.642","0.485","0.95","Z.ı Cumhuriyet savcısına bilgi vermeksizin karakola götüren ve hakkında herhangi bir işlem yapmaksızın karakolda tutmak suretiyle kişiyi hürriyetinden yoksun kılma suçunu işledikleri iddia olunan sanık polis memurlarının yüklenen suçu adli görevleri sırasında işledikleri konusunda Özel Daire ile Yargıtay C.Başsavcılığı arasında bir uyuşmazlık ve bu kabulde dosya içeriği itibariyle de herhangi bir isabetsizlik bulunmamaktadır. Mahk&ucirc;miyete ilişkin hükmün, davanın esasını "
"76858300","Yargıtay","Ceza Genel Kurulu","2010/124","2010/156","22.06.2010","cgk","usul_hukuk","y2010_2019","0.692","0.598","0.51","0.95","Bu nedenle sorunun çözümünde, hüküm tarihinde yürürlükte bulunan yasal düzenlemelere itibar edilmesi gerekir. CEZA GENEL KURULU KARARI
Yargıtay Ceza Genel Kurulunca çözümlenmesi gereken uyuşmazlık, zorunlu müdafii huzurunda verilmiş bulunan kararın kendisine zorunlu müdafii görevlendirildiğinden haberi olmayan sanığa ayrıca tebliğ edilmesinin gerekip gerekmediği ve buna bağlı olarak sanığın öğrenme üzerine yaptığı temyizin süresinde olup olmadığının belirlenmesine ilişkindir."
"77303200","Yargıtay","Ceza Genel Kurulu","2012/1477","2013/63","19.02.2013","cgk","icra_iflas","y2010_2019","0.692","0.578","0.523","0.95","maddesinin birinci fıkrası uyarınca ceza davası, dava açan belge niteliğindeki icra ceza mahkemesine verilen şik&acirc;yet dilekçesi, son soruşturmanın açılması kararı gibi istisna hükümler hariç olmak üzere, kural olarak Cumhuriyet savcısınca düzenlenen iddianame ile açılır. Cezanın artırılmasını veya cezaya ek olarak güvenlik tedbirlerinin uygulanmasını gerektirecek h&acirc;ller, ilk defa duruşma sırasında ortaya çıktığında aynı hüküm uygulanır."
"76822500","Yargıtay","Ceza Genel Kurulu","2010/84","2010/119","25.05.2010","cgk","ceza_genel","y2010_2019","0.692","0.706","0.448","0.95","maddesi uyarınca, yukarıda sayılan hükümlerden birinin ve&not;rilmesi durumunda, kural olarak bu kararlara karşı başvurulabilecek olağan yasa yolu temyizdir. maddesi uyarınca, temyiz istemi üzerine hükmü veren mahke&not;mece öncelikle, hük&not;mün temyizinin olanaklı bulunup bulunmadığı, süre&not;sinde açılmış bir temyiz davası olup olmadığı, istemde bulunanların buna hak ve yetkileri bulunup bulunmadığı değerlen&not;dirilerek bu koşulların birinin eksik olduğunun saptanması "
"77097700","Yargıtay","Ceza Genel Kurulu","2011/118","2011/109","24.05.2011","cgk","ceza_genel","y2010_2019","0.692","0.729","0.435","0.95","Bu suç kasten işlenebilen suçlardan olup, oluşması için kamu görevlisinin görevini bilerek ve isteyerek ihmal etmesi veya geciktirmesi gerekir. maddesi uyarınca zoralım talebi üzerine duruşma açılarak karar verilmesi gerekirken evrak üzerinden müsadere kararı verilmesi yasaya aykırı görüldüğü"" gerekçesiyle Yeşilyurt Sulh Ceza Mahkemesinin zoralım kararının bozulduğu, 
Bozmadan sonra Yeşilyurt Sulh Ceza Mahkemesince 09.02.2006 gün ve 57-15 sayı ile ""5326 sayılı Kabahatler Yasa"
"76907700","Yargıtay","Ceza Genel Kurulu","2010/152","2010/199","19.10.2010","cgk","ceza_ozel","y2010_2019","0.692","0.597","0.51","0.95","A..müdafiinin temyiz isteminin süresinde olup olmadığı hususları da incelemeyi yapacak olan Özel Dairece değerlendirilmelidir. Özel Daire ile yerel mahkeme arasındaki uyuşmazlık, 08.03.2008 tarihinde ölümle ve yaralamayla sonuçlanan kavga sırasında 6136 sayılı Yasaya aykırı davranma suçunu işledikleri belirlenen sanıklar hakkında, hürriyeti bağlayıcı ceza yanında verilmesi gereken adli para cezası miktarının belirlenmesine ilişkin ise de; direnme kararının yeni bir hüküm olup"
"77127600","Yargıtay","Ceza Genel Kurulu","2011/128","2011/135","21.06.2011","cgk","ticaret","y2010_2019","0.692","0.6","0.51","0.95","maddesinde açıklanan süre ve istek koşullarına uyularak açılmış bir temyiz davasının bulunması gerekir. Dosyanın incelenmesinde;
Katılanlar vekilinin yüzüne karşı verilen 24.11.2010 günlü direnme kararının, sanığa 06.12.2010 tarihinde tebliğ edildiği, resen temyize tabi olmayan, taraflarca ve Cumhuriyet savcısınca da temyiz edilmeyen direnme hükmünün yerel mahkeme tarafından Ceza Genel Kuruluna gönderildiği anlaşılmaktadır."
"76755900","Yargıtay","Hukuk Genel Kurulu","2010/133","2010/174","24.03.2010","hgk","is_sgk","y2010_2019","0.691","0.66","0.473","0.95","kuruluşların kayıtlarının esas alınacağını, prim tevkifatı nedeni ile tescile ilişkin genelgenin 21.03.2002 tarih ve 24702 sayılı resmi gazetedeki kararla yürürlükten kaldırıldığını, 2926 sayılı yasaya göre geriye dönük tescilin mümkün olmadığını belirterek davanın reddine karar verilmesini cevaben bildirmiştir. ye yazılan 25.10.2007 tarihli müzekkere ile davacının teslim ettiği ürün bedellerinden bağ-kur tevkifatı yapılıp yapılmadığı, yapılmış ise kesintilerin kurum hesabına"
"85829400","Yargıtay","Hukuk Genel Kurulu","2012/806","2013/286","27.02.2013","hgk","icra_iflas","y2010_2019","0.691","0.477","0.579","0.95","Açıklanan nedenlerle, Özel Daire bozma ilamında belirtilen gerekçelerle, Hukuk Genel Kurulu’nca da benimsenen bozma ilamına uyulmak gerekirken, önceki kararda direnilmesi usul ve yasaya aykırıdır. Hukuk Genel Kurulu önüne gelen uyuşmazlık, davacının isteminin İİK'nun 168.maddesinde belirtilen senetteki imza ve borca itiraz mı ; yoksa İİK'nun 170/a maddesine (borçlunun kambiyo hukuku bakımından şikayeti) dayalı bir şikayet mi olduğu, buna göre 5 günlük sürenin mi dikkate alına"
"77036900","Yargıtay","Hukuk Genel Kurulu","2011/157","2011/317","18.05.2011","hgk","usul_hukuk","y2010_2019","0.691","0.594","0.51","0.95","vekilinin mahkemenin bozma ilamının (2) bendine uyulmak suretiyle verdiği karara yönelik temyiz itirazları yönünden; 
Mahkemece bozma ilamının (2) nolu bendine uyulmuş olmakla, açık biçimde yeni hüküm niteliğindeki bu karara yönelik temyiz itirazlarının incelenmesi görevi Hukuk Genel Kuruluna değil; Özel Daireye aittir. vekilinin, mahkemenin bozma ilamının (3) nolu bendinde yer alan bozma nedenine karşı verdiği direnme kararına yönelik temyizine gelince; 
Direnme yoluyla Huku"
"76734400","Yargıtay","Hukuk Genel Kurulu","2010/103","2010/160","17.03.2010","hgk","esya_tapu","y2010_2019","0.691","0.596","0.51","0.95","Hal böyle olunca, davalı vekilinin temyiz dilekçesinin reddi gerekir. Direnme kararları da dahil olmak üzere, Yerel Mahkemelerce kurulan hükümlerin temyizinin ve temyiz incelemesi sonucunda Yargıtay Daireleri ya da Hukuk Genel Kurulu'nca verilen kararlara karşı karar düzeltme yoluna gidilmesinin mümkün olup olmadığı belirlenirken; temyiz ya da karar düzeltme istemi hangi karara yönelik ise, o karar tarihinde yürürlükte olan Kanun hükmü esas alınmalıdır."
"45607900","Yargıtay","Ceza Genel Kurulu","2012/1423","2013/260","28.05.2013","cgk","ceza_usul","y2010_2019","0.691","0.509","0.56","0.95","Kanunda ""suçtan zarar görmek"" kavramı açıklanmamış olmakla birlikte, gerek Ceza Genel Kurulunun, gerekse Özel Dairelerin yerleşmiş kararlarında bu kavram, ""suçtan doğrudan doğruya zarar görmüş olma hali"" olarak anlaşılarak uygulanmış ve buna bağlı olarak dolaylı veya muhtemel zararların davaya katılma hakkı vermeyeceği kabul edilmiştir. maddesinde belirtilen şartın gerçekleşmesi, başka bir deyişle suçtan doğrudan zarar görmüş bulunması veya herhangi bir kanunda, belirli bir t"
"77384900","Yargıtay","Ceza Genel Kurulu","2012/1238","2012/1827","31.10.2012","cgk","ceza_genel","y2010_2019","0.691","0.51","0.56","0.95","Bu nitelikteki bir hükmün temyiz edilmesi halinde ise incelemenin Yargıtay'ın ilgili dairesi tarafından yapılması gerekir. maddesinin uygulanma koşullarının bulunup bulunmadığının ve suçun bilinçli taksirle işlenmiş olmasının bu suçu takibi şikayete bağlı olmaktan çıkarıp çıkarmadığının belirlenmesine ilişkin ise de; öncelikle yerel mahkeme direnme hükmünün eylemli uyma sonucu verilmiş yeni hüküm niteliğinde olup olmadığı hususunun Yargıtay İç Yönetmeliğinin 27."
"1219317200","Yargıtay","3. Hukuk Dairesi","2025/5916","2026/3267","21.05.2026","hukuk-daire","icra_iflas","y2020plus","0.691","1","0.566","0.62","İSTİNAF
Bölge Adliye Mahkemesinin yukarıda tarih ve sayısı belirtilen kararıyla; davalı tanıklarının beyanıyla ödeme iddiasının ispat edilemediği, davalının cevap dilekçesinde açıkça yemin deliline dayandığı, Mahkemece davalı tarafa yemin teklif etme hakkı hatırlatıldığı, davacının kamulaştırma bedelini almadığına dair teklif edilen yemini eda ettiği gerekçesiyle, başvurunun esastan reddine karar verilmiş; karara karşı, davalı vekili temyiz isteminde bulunmuştur. gerekçesiyle"
"76938500","Yargıtay","Hukuk Genel Kurulu","2010/474","2010/487","13.10.2010","hgk","usul_hukuk","y2010_2019","0.69","0.502","0.56","0.95","HUKUK GENEL KURULU KARARI

 Hukuk Genel Kurulu'nca incelenerek direnme kararının süresinde temyiz edildiği anlaşıldıktan ve dosyadaki k&acirc;ğıtlar okunduktan sonra gereği görüşüldü:
Dava konusu taşınmaz kadastro sırasında, Kurudere Köyü 107 ada 41 parsel sayılı 2.534,70 m2 yüzölçümü zeytinlik niteliğinde, belgesizden kazandırıcı zamanaşımı zilyetliğine dayalı olarak davalı adına tespit edilmiştir. Mahkemece; çekişmeli taşınmazın (B) bölümü yönünden, kesinleşen orman kadastr"
"77616200","Yargıtay","Hukuk Genel Kurulu","2013/341","2013/1590","27.11.2013","hgk","is_sgk","y2010_2019","0.69","0.427","0.604","0.95","(Ek : 6/6/1985 - 3220/12 md.; Değişik fıkra: 11/1/2011-6099/9 md.) Daha önce tebligat yapılmamış olsa bile, tüzel kişiler bakımından resm&icirc; kayıtlardaki adresleri esas alınır ve bu madde hükümleri uygulanır. Somut uyuşmazlığın incelenmesinde, davacı vekili tarafından davalı B.T.İnşaat Temizlik Tekstil Sanayi Ve Ticaret Limited Şirketi'nin dava dilekçesinde bildirilen adresine çıkarılan ve dava dilekçesi ile duruşma gününü içeren tebligatın; ""işyeri sahibi cezaevinde oldu"
"77452400","Yargıtay","Hukuk Genel Kurulu","2012/1575","2013/732","22.05.2013","hgk","usul_hukuk","y2010_2019","0.69","0.718","0.435","0.95","İspat yüküne ilişkin yukarıdaki ilkeler dikkate alındığında, davacı kocaya ait ziynetlerin varlığını ve bunları evden ayrılırken davalı tarafından götürüldüğü vakıasının ispatı halinde bu durum davacı koca lehine hak çıkaracağından, ziynet eşyalarının varlığı ve davalı tarafından götürüldüğünün ispat yükü de davacı koca üzerinde olması gerekir. Davacı vekili, tarafların 26.10.2008'den bu yana evli olup, yaşanan bir tartışma sonrasında davalının, özel eşyaları ile birlikte kas"
"77446900","Yargıtay","Hukuk Genel Kurulu","2013/689","2013/871","26.06.2013","hgk","usul_hukuk","y2010_2019","0.69","0.17","0.753","0.95","Kural olarak dava şartı noksanlığını tespit edilmesi halinde davanın usulden reddine karar verilmesi asıl ise de, dava şartı noksanlığının giderilmesi mümkün ise bunun tamamlanması için kesin süre verilmesi, verilen bu süre içinde dava şartı noksanlığı giderilmemişse davayı dava şartı yokluğu sebebiyle usulden reddedilmesi gereklidir. maddesinde somut bir norma bağlanmış, söz konusu norm ile vekaletnamede özel yetki bulunmaması halinde h&acirc;kimlerin fiilleri sebebiyle Devl"
"77615400","Yargıtay","Hukuk Genel Kurulu","2013/430","2013/1589","15.11.2013","hgk","aile","y2010_2019","0.69","0.59","0.51","0.95","maddesinde öngörülen usul hükümlerinin uygulanması, ayrıca da karar başlığında davaya aile mahkemesi sıfatıyla bakıldığının gösterilmesi gerekir. Yerel mahkemece, bozma ilamına konu kararın Asliye Hukuk Mahkemesi sıfatıyla 4787 sayılı Kanunun yürürlüğe girdiği 18/01/2003 tarihinden önce 25/01/2001 tarihinde verildiğinden davaya Aile Mahkemesi sıfatıyla bakılmamasının bozma nedeni yapılamayacağı gerekçesiyle direnme kararı verilmiş, direnme kararını davacı vekili temyiz etmekt"
"17003100","Yargıtay","Hukuk Genel Kurulu","2010/368","2010/386","14.07.2010","hgk","miras","y2010_2019","0.69","0.696","0.449","0.95","Mahkemece ""davanın reddine"" dair verilen ilk karar; Özel Daire'ce, ""…



… tadilat projelerinin onay tarihindeki tapu kayıtlarının getirtilerek bu tarihteki tüm kat irtifakı hakkı sahiplerinin saptanması ve bu maliklerce tadilat projelerine onay verilip verilmediği belgelendikten sonra istem hakkında bir karar verilmesi gereğine"" işaretle, araştırmaya yönelik olarak bozulmuştur. Yerel Mahkemece bozma sonrası; ""mahkemenin ilk kararının davacı mirasçılarına 27.10.2008 tarihinde"
"77464700","Yargıtay","Hukuk Genel Kurulu","2012/1847","2013/888","26.06.2013","hgk","usul_hukuk","y2010_2019","0.69","0.655","0.472","0.95","Bu durumda gerekçeli kararın en geç bir ay içinde yazılarak tebliğe çıkartılması gerekir"" düzenlemesinin bulunduğunu; 6100 sayılı HMK'nın 316/1-g maddesi yollaması ile basit yargılama usulünün uygulandığı eldeki davada hükmün tefhiminin, hakimin gerekçe yazmama nedenini belirtemediği gibi (HMK.m. Hukuk Genel Kurulu'nda yapılan görüşmelerde bir kısım üyelerce; 6100 sayılı Hukuk Muhakemeleri Usulü Kanunun 321/2 maddesinde, ""kararın tefhimi, mahkemece hükme ilişkin tüm hususları"
"17003200","Yargıtay","Hukuk Genel Kurulu","2010/335","2010/388","14.07.2010","hgk","miras","y2010_2019","0.69","0.674","0.462","0.95","Aksi takdirde vasiyetname alacaklısı mirasçılar aleyhine usulüne uygun olarak vasiyetnamenin tenfizi talebinde bulunması gerekir. Yerel Mahkemece, kesinleşen karardan sonra aynı dosya üzerinden dosyanın yeniden ele alınarak vasiyet alacaklısına mirasçılık belgesi verilemeyeceğinden bahisle talebin reddine dair verilen karar, özel Dairece yukarıda yazılı gerekçe ile bozulmuş, yerel mahkeme önceki gerekçesiyle kararında direnmiştir."
"87778400","Yargıtay","Ceza Genel Kurulu","2012/1277","2013/24","22.01.2013","cgk","icra_iflas","y2010_2019","0.69","0.495","0.566","0.95","CEZA GENEL KURULU KARARI
Sanığın mühür bozma suçundan cezalandırılmasına karar verilen olayda, Özel Daire ile Yargıtay Cumhuriyet Başsavcılığı arasında oluşan ve çözümlenmesi gereken uyuşmazlık; yerel mahkeme hükmünün Özel Dairece, ""sanığın tekerrüre esas alınan adli sicil kaydında yer alan ilam getirtilmeden TCK'nun 58/6. maddeleri uyarınca 664.372.800 Lira ağır para cezasıyla cezalandırılmasına karar verildiği, kararın 21.05.2002 tarihinde kesinleştiği, ilamın 24.06.2002 ta"
"77573600","Yargıtay","Ceza Genel Kurulu","2013/50","2013/525","26.11.2013","cgk","ceza_genel","y2010_2019","0.69","0.59","0.51","0.95","fıkrası kıyasen uygulanmak suretiyle saptanmalı ve bu sürenin ""tefhim tarihinden itibaren bir ay"" olduğu kabul edilmelidir. maddesi uyarınca sanığın hukuki durumunun yeniden değerlendirilmesinin zorunlu olduğundan bahisle yerel mahkeme hükmünün bozulmasına karar verilmesinin isabetli olup olmadığının belirlenmesine ilişkin ise de; öncelikle o yer Cumhuriyet savcısının temyiz başvurusunun süresinde olup olmadığı ile yerel mahkeme direnme kararının yeni hüküm niteliğinde olup o"
"76736400","Yargıtay","Ceza Genel Kurulu","2010/34","2010/35","23.02.2010","cgk","ceza_usul","y2010_2019","0.69","0.592","0.51","0.95","Bu nitelikteki bir hükmün temyiz edilmesi halinde incelemenin Yargıtay'ın ilgili dairesi tara&not;fından yapılması gerekir. maddelerinin somut olayda, uygulanma koşullarının bulunmadığı, yerel mahkemece yasal olarak uygulanması olanaksız bulunan bir hükme yönelik olarak yapılan değerlendirmenin bu nedenle hukuki değerden yoksun olduğu, ancak hükümden sonra 08.02.2008 gün ve 26781 sayılı Resmi Gazetede yayımlanarak aynı tarihte yürürlüğe giren 5728 sayılı Yasanın 562."
"76716000","Yargıtay","Ceza Genel Kurulu","2009/247","2010/4","26.01.2010","cgk","ceza_usul","y2010_2019","0.69","0.592","0.51","0.95","Sanığın 19.01.2000 tarihinde işlediği iddia olunan suç, cezasının üst sınırı itibariyle 765 sayılı TCY'nın 102/4 maddesi uyarınca 5 yıllık dava zamanaşımına tabi olup, kesen nedenlerin varlığı halinde bu süre en fazla yarı oranında artarak 7 yıl 6 aya uzamaktadır. Yerel Mahkemenin 15.06.2009 tarihli hükmü hukuki değerden yoksun bulunduğundan, suç tarihi itibariyle bu süre 19.07.2007 tarihinde direnme hükmünün verildiği 03.10.2006 tarihinden sonra dosya henüz Ceza Genel Kurulu"
"77692000","Yargıtay","Hukuk Genel Kurulu","2012/1538","2012/1408","26.12.2012","hgk","is_sgk","y2010_2019","0.689","0.618","0.491","0.95","I-Davalı Türk Telekom AŞ vekilinin temyiz dilekçesinin reddine ilişkin ek karara yönelik temyiz isteminin incelenmesinde:
Hukuk Genel Kurulunca, öncelikle yerel mahkemenin ""kararın kesin olarak verildiği gerekçesiyle davalı vekilinin temyiz isteğinin reddine"" ilişkin ek kararına yönelik davalı Türk Telekom AŞ vekilinin temyiz istemi incelenmiştir. Bu durumda 5473 sayılı Kanundan kaynaklanan ek ödemeye hak kazanılıp kazanılmadığı yönünde tespit istemini de içeren böyle bir dav"
"77442800","Yargıtay","Hukuk Genel Kurulu","2013/419","2013/1690","25.12.2013","hgk","usul_hukuk","y2010_2019","0.689","0.498","0.56","0.95","Devlet, işlemlerinde, ilgili kişilerin hangi kanun yolları ve mercilere başvuracağını ve sürelerini belirtmek zorundadır. HUKUK GENEL KURULU KARARI

 Hukuk Genel Kurulu'nca incelenerek direnme kararının süresinde temyiz edildiği anlaşıldıktan ve dosyadaki kağıtlar okunduktan sonra gereği görüşüldü: 
Dava, kamu görevlilerinin yetkilerini kullanırken, kusurlu davranışları sonucu kişilere zarar vermesinden kaynaklanan ve zarar görenin kamu görevlileri aleyhine açtığı tazminat is"
"77472700","Yargıtay","Hukuk Genel Kurulu","2013/1351","2013/1741","25.12.2013","hgk","miras","y2010_2019","0.689","0.434","0.598","0.95","O halde, bozma kararında ve yukarıda açıklanan ilave gerektirici nedenlere göre, Hukuk Genel Kurulu'nca da benimsenen Özel Daire bozma kararına uyulmak gerekirken, önceki kararda direnilmesi usul ve yasaya aykırıdır. Bu taleplerden yalnız birinin ya da bir kaçının veya asıl talebin bir bölümünün konusuz kalması halinde, diğer talepler hakkında yargılamaya devam edilip karar verilmesi gerekir."
"76493000","Yargıtay","Hukuk Genel Kurulu","2013/166","2013/1360","18.09.2013","hgk","is_sgk","y2010_2019","0.689","0.432","0.598","0.95","Bu nedenle, tarafların karşılıklı iddia ve savunmalarına, dosyadaki tutanak ve kanıtlar ve özellikle Özel Daire bozma ilamında belirtilen gerekçelerle, Hukuk Genel Kurulu'nca da benimsenen bozma ilamına uyulmak gerekirken, önceki kararda direnilmesi usul ve yasaya aykırıdır. Hukuk Genel Kurulunun önüne gelen uyuşmazlık; İcra ve İflas Kanununun 97/a maddesinde yer verilen ""mülkiyet karinesi""nin aksinin davacı üçüncü kişi yararına kanıtlanıp kanıtlanamadığı, bu konuda yapılan a"
"17203100","Yargıtay","Hukuk Genel Kurulu","2010/71","2010/87","17.02.2010","hgk","is_sgk","y2010_2019","0.689","0.53","0.541","0.95","Kural olarak, hakim ara kararından dönebilirse de, bozmaya uyulmasına ilişkin karar, bunun istisnalarındandır. Öncelikle belirtelim ki, vermiş olduğu bir hüküm Yargıtay tarafından bozulan ve Yargıtay'ın bu bozma kararına gerek iradi ve gerekse kanuni şekilde uymuş olan yerel mahkeme, bozma kararı doğrultusunda inceleme yapmak ve hüküm kurmak zorundadır."
"457397300","Yargıtay","Hukuk Genel Kurulu","2010/191","2010/162","24.03.2010","hgk","usul_hukuk","y2010_2019","0.689","0.531","0.541","0.95","Hukuk Dairesinin ilk derece mahkemesi sıfatıyla verdiği kararın onanması gerekir. Hukuk Dairesinin ilk derece mahkemesi sıfatıyla verdiği kararın yukarıda açıklanan nedenlerle ONANMASINA, aşağıda dökümü yazılı (9,10) TL."
"77298300","Yargıtay","Hukuk Genel Kurulu","2011/743","2011/721","30.11.2011","hgk","borclar","y2010_2019","0.689","0.75","0.414","0.95","gerekçe ile bozulması gerektiği görüşünde olduğumuzdan sayın çoğunluk kararına karşıyız."
"76934100","Yargıtay","Ceza Genel Kurulu","2010/144","2010/213","26.10.2010","cgk","ticaret","y2010_2019","0.689","0.584","0.51","0.95","D..'nin uyuşturucu madde ticareti suçundan cezalandırılmasına karar verilen somut olayda, Yargıtay Ceza Genel Kurulunca çözümlenmesi gere&not;ken uyuşmazlık, sanığın sübuta eren eyleminin kullanmak için uyuşturucu madde bulundurmak suçunu mu, yoksa uyuşturucu madde ticareti suçunu mu oluşturduğunun belirlenmesine ilişkindir. Aynı gün mah&not;kemeden alınan karar gereğince evinde aramaya başlanılacağı sırada sanığın, sağ çorabının içinde gazete k&acirc;ğıdına sarılı esrar oldu"
"77339900","Yargıtay","Ceza Genel Kurulu","2012/1287","2013/71","26.02.2013","cgk","ceza_genel","y2010_2019","0.689","0.587","0.51","0.95","Ceza Genel Kurulunun 26.06.2012 gün ve 978-250 ile 23.01.2007 gün ve 254-5 sayılı kararları başta olmak üzere birçok kararında da açıkça vurgulandığı gibi, yargılama yapılmasına engel olup, davayı düşüren hallerden biri olan dava zamanaşımının yargılama sırasında gerçekleşmesi durumunda, yerel mahkeme ya da Yargıtay, re'sen zamanaşımı kuralını uygulayarak kamu davasının düşmesine karar verecektir. maddesinde, kanunlarda aksine bir hüküm bulunmadıkça kamu davasının maddede yaz"
"76824600","Yargıtay","Ceza Genel Kurulu","2010/113","2010/122","25.05.2010","cgk","ticaret","y2010_2019","0.689","0.584","0.51","0.95","Asliye Ceza Mahkemesince tefhim olunan 26.12.2006 gün ve 936-913 sayılı hükmün, sanık tara&not;fından 04.01.2007 tarihinde temyiz edildiği, temyiz isteminin son günü olan 02.01.2007 gününün Kurban Bayramının üçüncü gününe tesadüf etmesi ve 2429 sayılı Ulusal Bayram ve Genel Tatiller Hakkındaki Yasanın 1/B-2. Asliye Ceza Mahkemesince 26.12.2006 tarihinde, sanığın yüzüne karşı tefhim edilen hüküm, sanık tarafından 04.01.2007 tarihinde temyiz edilmiş, Özel Dairece, temyiz istemi"
"76805000","Yargıtay","Ceza Genel Kurulu","2010/78","2010/96","27.04.2010","cgk","diger","y2010_2019","0.689","0.71","0.438","0.95","maddesi gereğince Özel Daire tara&not;fından reddedildiği, bunun üzerine sanık müdafiinin yerel mahkemeye başvu&not;rarak hükmü temyiz ettiğine ilişkin üzerinde h&acirc;kim havalesi taşıyan süre tutum dilekçesinin fotokopisini sunduğu, yapılan araştırma sonucu dosyaya eklenen temyiz defterinin onaylı fotokopisi ve yerel mahkeme tarafından tutulan 31.03.2009 tarihli tutanağa göre, sanık müdafiinin 13.12.2004 tarihli süre tutum dilekçesinin temyiz defterine kaydedildiği anlaşıl"
"53737900","Yargıtay","Ceza Genel Kurulu","-","2013/10804","22.03.2013","cgk","diger","y2010_2019","0.689","0.784","0.396","0.95","İcra Hukuk Mahkemesi
TARİHİ : 27/12/2012
NUMARASI : 2012/1060-2012/1127

 Yukarıda tarih ve numarası yazılı mahkeme kararı mahallinden Dairemize gönderilmiş olup, dava dosyası için Tetkik Hakimi tarafından düzenlenen rapor dinlendikten ve dosya içerisindeki tüm belgeler okunup incelendikten sonra işin gereği görüşülüp düşünüldü : 
Yargıtay Hukuk ve Ceza Dairelerinin görevleri 09.02.2011 tarihli 6110 Sayılı Kanun'un 8. İnceleme konusu karar, ilamlı takipte şikayet talebine ili"
"77128500","Yargıtay","Ceza Genel Kurulu","2011/4","2011/136","21.06.2011","cgk","usul_hukuk","y2010_2019","0.688","0.773","0.398","0.95","Resm&icirc; belgenin, gerçeği taklit edilerek (sahte olarak düzenlenerek) işlenen suçun sahtecilik olarak nitelendirilebilmesi için, düzenlenen belgenin gerçek bir belge olduğu konusunda kişiyi yanıltıcı nitelikte olması gerekir. Sahteciliğin kişileri aldatacak nitelikte (nesnel) olup olmadığının ve beş duyuyla ilk bakışta anlaşılabilir olup olmadığının kuşkuya yer vermeyecek şekilde belirlenmesi gerekir."
"76872500","Yargıtay","Ceza Genel Kurulu","2010/157","2010/172","28.09.2010","cgk","ceza_genel","y2010_2019","0.688","0.688","0.448","0.95","maddesinin 2.fıkrası ile, ""suç tarihinden önce para cezasına veya tedbire çevrilmiş olsa dahi hürriyeti bağlayıcı cezaya mahk&ucirc;m edilmemiş olanlar hakkında hükmolunan otuz güne kadar (otuz gün dahil) hürriyeti bağlayıcı cezalarla, suç tarihinde 18 yaşını ikmal etmemiş olanların mahk&ucirc;m edildikleri kısa süreli hürriyeti bağlayıcı cezalar yukarıdaki bentlerde yazılı ceza veya tedbirlerden birine çevrilir"" hükmü getirilmiştir. fıkrasında yapılan değişiklikle getirilen "
"77255200","Yargıtay","Hukuk Genel Kurulu","2011/498","2011/572","28.09.2011","hgk","ticaret","y2010_2019","0.687","0.457","0.579","0.95","HUKUK GENEL KURULU KARARI

 Hukuk Genel Kurulu'nca incelenerek direnme kararının süresinde temyiz edildiği anlaşıldıktan ve dosyadaki kağıtlar okunduktan sonra gereği görüşüldü:
Dava, ayıplı çıkan araç nedeni ile satım sözleşmesinin feshi, aracın iadesi ve satış bedelinin dava tarihinden itibaren faizi ile tahsili istemine ilişkindir. Yerel Mahkemece; üretim hatasından kaynaklanan gizli ayıp nedeni ile davacının araçtan beklediği yararı elde edemediği gerekçesi ile araç bedel"
"76896300","Yargıtay","Hukuk Genel Kurulu","2010/346","2010/407","22.09.2010","hgk","usul_hukuk","y2010_2019","0.687","0.49","0.56","0.95","H&acirc;kimin verdiği süre kesin değilse, tarafa talebi üzerine ikinci kez ama kesin olmak üzere yeni bir süre verilmesi gerekir (HUMK m.163). HUKUK GENEL KURULU KARARI
 

 Hukuk Genel Kurulunca incelenerek direnme kararının süresinde temyiz edildiği anlaşıldıktan ve dosyadaki k&acirc;ğıtlar okunduktan sonra gereği görüşüldü:
Asıl ve birleşen dava, devre tatil sözleşmesinden kaynaklanan çekişmenin önlenmesi ve bu sözleşmeye dayalı haklarının kullandırılmaması nedeniyle maddi "
"17211900","Yargıtay","Hukuk Genel Kurulu","2010/456","2010/409","22.09.2010","hgk","usul_hukuk","y2010_2019","0.687","0.641","0.473","0.95","maddeye göre kamulaştırma bedelinin mahkemece tespiti ve taşınmazın idare adına tescili istemiyle Asliye Hukuk Mahkemesince müracaat etmesi gerekir. Bozmaya uyan Yerel Mahkemece, bilirkişi kurulundan ek rapor alınmış; dava konusu taşınmaza kapama kavaklık niteliğiyle ve enkaz bedeli düşülmek suretiyle değer biçen ek rapor esas alınarak, ""kamulaştırma bedelinin 23.559,12 TL olarak tespitine, kamulaştırma bedelinin daha önce ödenen bedelden mahsubu ile bakiye 10.009,00 TL nin t"
"87156700","Yargıtay","Hukuk Genel Kurulu","2013/152","2013/1394","25.09.2013","hgk","esya_tapu","y2010_2019","0.687","0.425","0.598","0.95","Hal böyle olunca; Hukuk Genel Kurulu’nca da benimsenen Özel Daire bozma kararına, uyulmak gerekirken, önceki kararda direnilmesi usul ve yasaya aykırıdır. O halde, mahkemece yukarıda açıklanan ilkeler gözetilerek, bozma ilamında da işaret edildiği şekilde yeniden inceleme ve araştırma yapılarak neticesine göre bir karar verilmesi gerekir."
"77408200","Yargıtay","Hukuk Genel Kurulu","2012/1688","2013/827","12.06.2013","hgk","is_sgk","y2010_2019","0.687","0.638","0.473","0.95","Yerel Mahkeme direnme kararı açıklanan bu değişik gerekçe ile, usul ve yasaya aykırı olup bozulması gerekir. Hukuk Genel Kurulu önüne uyuşmazlık; iş sözleşmesinin davacı işçi tarafından kıdem ve ihbar tazminatına hak kazanamayacak şekilde sona erdirildiğinin kanıtlanıp kanıtlanamadığı; buna göre davacının kıdem ve ihbar tazminatı taleplerinin hüküm altına alınmasının gerekip gerekmediği noktasında toplanmaktadır."
"52003600","Yargıtay","Ceza Genel Kurulu","2012/1085","2013/96","19.03.2013","cgk","icra_iflas","y2010_2019","0.687","0.492","0.56","0.95","CEZA GENEL KURULU KARARI

 Sanıkların göçmen kaçakçılığı suçundan cezalandırılmalarına karar verilen somut olayda, Özel Daire çoğunluğu ile yerel mahkeme arasında oluşan ve Ceza Genel Kurulunca çözümlenmesi gereken uyuşmazlık; sanıkların üzerlerine atılı göçmen kaçakçılığı suçunun tamamlanıp tamamlanmadığının belirlenmesine ilişkindir. maddesi suç tarihinde;

 ""1) Doğrudan doğruya veya dolaylı olarak maddi menfaat elde etmek maksadıyla, yasal olmayan yollardan;

 a) Bir yaban"
"76968700","Yargıtay","Ceza Genel Kurulu","2010/219","2010/239","30.11.2010","cgk","ticaret","y2010_2019","0.687","0.685","0.447","0.95","Tebligat evrakının posta işletmesine teslimi ile tebligatın yerine getirilmesinden sonra ilgili kuruma gönderilmesi amacıyla posta işleme merkezine teslimi tarihler dikkate alındığında, gerekçeli kararın sanık müdafiine bu iki tarih arasında, yani 06.12.2007 tarihinde tebliğ edildiğinin, ancak posta görevlisi tarafından tebliğ tarihinin sehven 06.11.2007 olarak yazıldığının kabulü zorunludur. isimli posta görevlisi tarafından sanık müdafiine tebliğ edilerek, tebliğ tarihinin "
"53537200","Yargıtay","Ceza Genel Kurulu","2013/30939","2013/37272","25.11.2013","cgk","usul_hukuk","y2010_2019","0.687","0.776","0.394","0.95","gerekçelere göre yerinde bulunmayan temyiz itirazlarının reddiyle usul ve kanuna uygun mahkeme kararının İİK.'nun 366."
"77184700","Yargıtay","Hukuk Genel Kurulu","2010/628","2010/693","22.12.2010","hgk","aile","y2010_2019","0.686","0.486","0.56","0.95","HUKUK GENEL KURULU KARARI

 Hukuk Genel Kurulunca incelenerek direnme kararının süresinde temyiz edildiği anlaşıldıktan ve dosyadaki kağıtlar okunduktan sonra gereği görüşüldü: 
Başvuran Faruk Kozan'ı temsilen Adalet Bakanlığı Uluslararası Hukuk ve Dış İlişkiler Genel Müdürlüğü'ne İzafeten Kuşadası Cumhuriyet Savcılığı 29.08.2007 tarihli davanamede: Türk uyruklu H... K...'ın evliliklerinden olan Mina Kozan isimli çocuğun, anne, babası ile birlikte tatilini geçirmek üzere 18.0"
"77449700","Yargıtay","Hukuk Genel Kurulu","2013/453","2013/728","22.05.2013","hgk","ticaret","y2010_2019","0.686","0.635","0.473","0.95","Hukuk Dairesinin ilk derece mahkemesi sıfatıyla verdiği kararın onanması gerekir. Davalı vekili cevap dilekçesinde 6110 sayılı yasayla 2802 sayılı yasaya ilave edilen 93/a maddesine göre h&acirc;kimlerin yargılama faaliyetlerinde dolayı devlet aleyhine açılacak tazminat davalarının ancak, davaya konu dava sonucunda verilecek hükmün kesinleştiği tarihten itibaren bir yıl içinde açılabileceğini, öncelikle dava şartının araştırılması gerektiğini, HMK'nın 46."
"77047500","Yargıtay","Hukuk Genel Kurulu","2011/342","2011/360","25.05.2011","hgk","usul_hukuk","y2010_2019","0.686","0.392","0.615","0.95","Buna göre; 
1-Davalı vekilinin, mahkemenin 2005 yılı kira parasının tespiti kararına yönelik temyizi yönünden; 
2005 yılının dava edilmediği dava dilekçesi ve dosya kapsamına göre belirgin olmakla, tarafların karşılıklı iddia ve savunmalarına, dosyadaki tutanak ve kanıtlara, bozma kararında açıklanan gerektirici nedenlere göre 2005 yılı yönünden verilen ve Hukuk Genel Kurulu'nca da benimsenen Özel Daire bozma kararına uyulmak gerekirken, önceki kararda direnilmesi usul ve yas"
"76984200","Yargıtay","Hukuk Genel Kurulu","2010/737","2011/219","27.04.2011","hgk","usul_hukuk","y2010_2019","0.686","0.636","0.473","0.95","Açıklanan nedenlerle; Özel Dairenin ilk derece mahkemesi sıfatıyla verdiği 13.07.2010 tarihli görevsizlik kararının bozulması gerekir. maddesi gereğince Dairenin görevsizliğine ve dava dilekçesinin görevsizlik nedeniyle reddine, kararın kesinleşmesinden itibaren 10 gün içinde başvurulduğu takdirde dosyanın görevli İstanbul Asliye Hukuk Mahkemesi'ne gönderilmesine"" karar vermiş; hüküm davalılardan Serhan Gürsoy vekilince temyiz edilmiştir."
"77594000","Yargıtay","Ceza Genel Kurulu","2013/66","2013/428","22.10.2013","cgk","ceza_ozel","y2010_2019","0.686","0.541","0.529","0.95","Bu nitelikteki bir hükmün temyiz edilmesi halinde ise incelemenin Yargıtay'ın ilgili dairesi tarafından yapılması gerekir. maddesinde düzenlenmiş olan hükmün açıklanmasının geri bırakılmasının sanık hakkında uygulanma imkanının bulunup bulunmadığına ilişkin olarak herhangi bir değerlendirme yapmamış olan yerel mahkemenin, bozmadan sonraki direnme gerekçesinde, bozmada belirtilen hususları tartışmak suretiyle, sanık hakkında anılan Kanunun 23."
"76988000","Yargıtay","Hukuk Genel Kurulu","2011/7","2011/228","27.04.2011","hgk","is_sgk","y2010_2019","0.685","0.322","0.653","0.95","HUKUK GENEL KURULU KARARI

 Hukuk Genel Kurulunca incelenerek direnme kararının süresinde temyiz edildiği anlaşıldıktan ve dosyadaki kağıtlar okunduktan sonra gereği görüşüldü:
Dava, yurtdışı borçlanması nedeniyle 01.05.2005 tarihinden itibaren yaşlılık aylığına hak kazandığının tespiti ile aylık bağlanması istemine ilişkindir. Davalı Sosyal Güvenlik Kurumu Başkanlığı (SGK) vekili, 3201 Sayılı Yasaya göre yurtdışında çalışan sigortalıların ilk sigortalılık başlangıcının borçl"
"16895800","Yargıtay","Hukuk Genel Kurulu","2010/285","2010/326","16.06.2010","hgk","miras","y2010_2019","0.685","0.481","0.56","0.95","maddesinde genel olarak ""Geçmişe etkili olmama"" kuralı düzenlenmiş ve anılan maddenin birinci fıkrasında, ""Türk Medenî Kanununun yürürlüğe girdiği tarihten önceki olayların hukukî sonuçlarına, bu olaylar hangi kanun yürürlükte iken gerçekleşmişse kural olarak o kanun hükümleri uygulanır"" hükmü öngörülmüştür. Davacı vekili; 08.01.1982 tarihinde çocuksuz olarak vefat eden tarafların ortak miras bırakanı F…



… Ü…



… (A…



…) adına kayıtlı 338 numaralı parselin mirasçılar ta"
"17082100","Yargıtay","Hukuk Genel Kurulu","2011/210","2011/355","25.05.2011","hgk","usul_hukuk","y2010_2019","0.685","0.633","0.473","0.95","vekili dava konusu 2671 parsel sayılı taşınmazda müvekkillerinin paydaş olduklarını, davalı Antakya Belediyesi tarafından kaldırım yapmak, yol açmak ve asfaltlanmak suretiyle taşınmaza fiilen el konulduğunu, bu suretle taşınmaza davalı idare tarafından kamulaştırmasız el atıldığını iddia ederek tazminatın davalıdan tahsiline, fiilen el konulan kısmın yasa gereği davalı belediye adına tapuya tescilini istemiştir. Davalı Antakya Belediyesi Tüzel Kişiliği vekili ise 30 yıldan fa"
"77591500","Yargıtay","Ceza Genel Kurulu","2012/1488","2013/426","22.10.2013","cgk","is_sgk","y2010_2019","0.685","0.569","0.51","0.95","Özel Daire ile yerel mahkeme arasında oluşan ve Ceza Genel Kurulunca çözümlenmesi gereken uyuşmazlık; sanık K.U.r'ın hakkında verilen mahkumiyet hükmü Özel Dairece onanmak suretiyle kesinleşen M.G.'ü teşebbüs aşamasında kalan mağdur S.K.'u kasten öldürme suçuna azmettirdiğinin sabit olup olmadığı noktasında toplanmaktadır. A..'in atılı suçu haksız tahrik altında işlediğinin kabulü ile mahk&ucirc;miyetine, diğer sanıkların ise beraatlerine karar verildiği, 
19.07.2008 günü saa"
"77388900","Yargıtay","Ceza Genel Kurulu","2012/1315","2012/1871","25.12.2012","cgk","ceza_genel","y2010_2019","0.685","0.319","0.653","0.95","maddesi ile kabul edilmiş, 19.12.2006 günü yürürlüğe giren 5560 sayılı Kanunun 23. aleyhine gerçekleştirilen hırsızlık suçundan kurulan hükümle sınırlı olarak yapılmış olup, Özel Daire ile Yargıtay Cumhuriyet Başsavcılığı arasında oluşan ve Ceza Genel Kurulunca çözümlenmesi gereken uyuşmazlık, sanık hakkında hükmün açıklanmasının geri bırakılması kurumunun uygulanma koşullarının bulunup bulunmadığının belirlenmesine ilişkindir."
"76805800","Yargıtay","Ceza Genel Kurulu","2010/79","2010/98","27.04.2010","cgk","ticaret","y2010_2019","0.685","0.569","0.51","0.95","CEZA GENEL KURULU KARARI
Sanığın dolandırıcılık suçundan beraatına karar verilen olayda, Özel Daire ile yerel mahkeme arasında çözümlenmesi gereken uyuşmazlık, yeterli soruşturma yapılıp yapılmadığının belirlenmesine ilişkindir. 07.11.2001 olan suç tarihi ile inceleme tarihi arasında 8 yıldan fazla süre geçmiş olup, dosya içeriği itibariyle de daha ağır bir suçu oluşturma olasılığı bulunmayan eylemde dava zamanaşımı süresinin dolduğu görülmektedir."
"77550200","Yargıtay","Hukuk Genel Kurulu","2012/270","2012/910","28.11.2012","hgk","miras","y2010_2019","0.684","0.531","0.529","0.95","O halde, tarafların karşılıklı iddia ve savunmalarına, dosyadaki tutanak ve kanıtlara, mahkeme kararında açıklanan gerektirici nedenlere ve özellikle Menderes Asliye Hukuk Mahkemesi'nin (Önce E:2004/664, K:2006/157; Sonra 2007/109 E., 2007/729 K.) kesinleşen kararında ""davacı ve mirasçılarının yapı üzerinde hakkının kalmadığı"" gerekçesine yer verilmiş olmasına göre, yerel mahkemenin bu hususları gözeterek yazılı şekilde karar vermesinde bir isabetsizlik bulunmadığından, diren"
"77169900","Yargıtay","Hukuk Genel Kurulu","2010/749","2010/674","22.12.2010","hgk","borclar","y2010_2019","0.684","0.706","0.428","0.95","Yukarıda yapılan açıklama ve tespitlere göre sonuç olarak; kısa karar hakim ve katip tarafından imzalanmış olduğundan, gerekçeli karardaki hakim imzası eksikliği bozma nedeni yapılmamış; belirtilen imza eksiğinin ve adı geçen davalı vekillerinin usulünce düzenlenmiş vekaletname veya yetki belgelerinin tamamlanması için, dosyanın Yerel mahkemeye geri çevrilmesi gerekmiştir. 'nun Davalı vekili olduklarına ilişkin vekaletname ya da usulünce düzenlenmiş yetki belgeleri eklendikte"
"76875500","Yargıtay","Ceza Genel Kurulu","2010/109","2010/177","28.09.2010","cgk","usul_hukuk","y2010_2019","0.684","0.563","0.51","0.95","CEZA GENEL KURULU KARARI
Sanık E..K..'ın, 15 yaşını tamamlamamış çocuklara cinsel istismarda bulunma suçundan cezalandırılmasına karar verilen somut olayda, Yargıtay Ceza Genel Kurulunca çö-zümlenmesi gereken uyuşmazlık, sanığın atılı cinsel istismar suçlarını işleyip işlemediğinin be-lirlenmesine ilişkindir. Ben bu şahsın E..K..olduğunu karakola teşhis yapıldıktan sonra bana kimliğini gös-terdiklerinde öğrendim"", 30.05.2007 tarihinde mahkemede; ""Teşhis tutanağında kesin olar"
"76874100","Yargıtay","Ceza Genel Kurulu","2010/145","2010/175","28.09.2010","cgk","ceza_ozel","y2010_2019","0.684","0.561","0.51","0.95","CEZA GENEL KURULU KARARI
Özel Daire ile yerel mahkeme arasındaki uyuşmazlık; hırsızlık suçunun unsurlarının oluşup oluşmadığının belirlenmesi bağlamında, sanığın kaçak elektrik kullanıp kullanmadığı hususunun saptanmasına ilişkin ise de; asli zamanaşımı süresinin dolup dolmadığı konusunun Yargıtay İç Yönetmeliğinin 27. maddelerinde belirtilen cezaların, türleri ve üst hadleri itibarıyla, suç tarihinde yürürlükte bulunan ve sanıklar lehine olan 765 sayılı TCY'nın 102/4 maddesi"
"77236400","Yargıtay","Hukuk Genel Kurulu","2011/485","2011/547","21.09.2011","hgk","is_sgk","y2010_2019","0.683","0.429","0.585","0.95","Davacı vekili, müvekkilinin, Almanya'da ilk defa 14.7.1984 tarihinde çalışmaya başladığını, davalı Kuruma yaşlılık aylığı bağlanması için müracaat edildiğinde talebinin reddedildiğini belirterek, ilk sigortalılık başlangıcının 14.07.1984 tarihi olduğunun ve 01.02.2008 tarihi itibariyle yaşlılık aylığına hak kazandığının tespitine karar verilmesini talep ve dava etmiştir. Yerel mahkemece, Türk-Alman Sosyal Güvenlik Sözleşmesine Ek Sözleşmenin 29/4.maddesi hükmü uyarınca yurt d"
"77658500","Yargıtay","Hukuk Genel Kurulu","2012/915","2012/1236","19.12.2012","hgk","usul_hukuk","y2010_2019","0.683","0.472","0.56","0.95","Şu hususta unutulmamalıdır ki, çekişmeli taşınmazlara ilişkin dayanak tescil ilamlarının gözetilmesi, kesin hüküm itirazları mülkiyet iddiasını ilgilendireceğinden görevli mahkemece değerlendirilmesi gerekir. Yapılan tespit usul ve yasaya aykırı olup, taşınmaz orman tahdit sınırları içerisinde kalmıştır."" iddiası ile, çekişmeli taşınmaza ilişkin tespitin iptalini ve taşınmazın kesinleşmiş orman tahdit sınırları içerisinde kalan kısmının orman vasfı ile Hazine adına tapuya kay"
"76756300","Yargıtay","Hukuk Genel Kurulu","2010/116","2010/175","24.03.2010","hgk","icra_iflas","y2010_2019","0.683","0.524","0.529","0.95","O halde, davalının kabul edilen, davacı vekilinin de reddedilen kısımlara ilişkin olmak üzere bu yeni hükme yönelik temyiz itirazlarını inceleme görevi Özel Daireye ait olup, dosyanın temyiz incelemesi yapılmak üzere Özel Daireye gönderilmesi gerekir. Şu hale göre, ön sorunun çözümlenmesi için temyize konu kararların açıklanan özellikleri taşıyıp taşımadığının irdelenmesi gerekir."
"76996400","Yargıtay","Ceza Genel Kurulu","2010/259","2011/6","25.01.2011","cgk","ceza_ozel","y2010_2019","0.683","0.819","0.36","0.95","A..'ın olay günü cep telefonunu mesaj çekmek amacıyla alan, geri istediğinde ise sustalı bıçak çekerek cep telefonunu geri vermeyen kişi olarak sanık M.K..'yı 6 kişi arasından teşhis ettiği, 
Polis Kriminal Laboratuvarlığınca düzenlenmiş olan 19.01.2004 tarih ve 2003/682 sayılı ekspertiz raporunda; sanık M. isimli şah&not;sı sordular, ben de tanıdığımı söyledim, E..'ın nerede olduğunu sorduklarında nerede olduğunu bilmediğimi söyledim, bu esnada şahıslardan birisi benim cep t"
"77320100","Yargıtay","Ceza Genel Kurulu","2012/1320","2013/252","21.05.2013","cgk","ticaret","y2010_2019","0.683","0.536","0.523","0.95","Suçun sübutu ve nitelendirmesine ilişkin olarak uyuşmazlık bulunmayan somut olayda, Özel Daire çoğunluğu ile Yargıtay Cumhuriyet Başsavcılığı arasında oluşan ve Ceza Genel Kurulunca çözümlenmesi gereken uyuşmazlık; yerel mahkemece, izinsiz hint keneviri yetiştirme suçundan kurulan mahkumiyet hükmünde sanık hakkında TCK'nun 62. E.'un Seyitgazi ilçesi ......köyünde bulunan evi ve eklentilerinde arama yapıldığı,
Arama tutanağına göre; narkotik dedektör köpeğin bahçe içerisinde g"
"76718100","Yargıtay","Ceza Genel Kurulu","2009/219","2010/8","26.01.2010","cgk","ticaret","y2010_2019","0.683","0.621","0.473","0.95","CEZA GENEL KURULU KARARI
Sanığın karşılıksız çek keşide etmek suçundan cezalandırılmasına karar verilen somut olayda, Yargıtay Ceza Genel Kurulunca çözümlenmesi gereken uyuşmazlık; sanığın, keşide tarihi tahrif edilerek ödeme ve ibraz süresi geçmiş bulunan çeke işlerlik kazandırılmak suretiyle icra takibine konu yapıldığını ve bu takibe konu borca karşı Ankara 13. Bu bilgiler ışığında somut olay değerlendirildiğinde; 
Çekin asli unsurlardan sayılan keşide tarihinin tahrif edi"
"77131900","Yargıtay","Ceza Genel Kurulu","2011/139","2011/142","21.06.2011","cgk","ceza_genel","y2010_2019","0.683","0.664","0.448","0.95","Dosya incelendiğinde; 
Yerel mahkeme kararının tefhim edildiği 29.07.2009 tarihli oturuma ait tutanağın altında; ""sanık söz alarak mahkemece verilen hükmü temyiz etmek istiyorum, gerekçeli kararın tarafıma tebliğini istiyorum dedi"" şeklinde ibarenin yazılı olduğu, bunun altının sanık tarafından imzalandığı ve temyiz defterinin 2009/61 sırasına kaydedildiği açıklamasının yazıldığı, sanığın gerekçeli kararın kendisine tebliğinden sonra 04.09.2009 tarihinde gerekçeli temyiz dile"
"77673500","Yargıtay","Hukuk Genel Kurulu","2012/1650","2012/1377","26.12.2012","hgk","usul_hukuk","y2010_2019","0.682","0.403","0.598","0.95","Şu hususta unutulmamalıdır ki, çekişmeli taşınmazlara ilişkin dayanak tescil ilamlarının gözetilmesi, kesin hüküm itirazları mülkiyet iddiasını ilgilendireceğinden görevli mahkemece değerlendirilmesi gerekir. Davacı Orman İdaresi vekili, dava dilekçesinde; ""Antalya İli Kepez ilçesi Duacı köyü sınırları içerisinde 3402 Sayılı Kadastro Kanunu'nun 22/a maddesi uyarınca yapılan arazi kadastro çalışmalarının tamamlanıp 09.06.2010 tarihinde askı suretiyle ilan edildiğini, Duacı Köy"
"77237500","Yargıtay","Hukuk Genel Kurulu","2012/599","2013/145","23.01.2013","hgk","icra_iflas","y2010_2019","0.682","0.242","0.69","0.95","Bu itibarla; Hukuk Genel Kurulu'nca da benimsenen Özel Daire bozma kararına uyulmak gerekirken, önceki kararda direnilmesi usul ve yasaya aykırıdır. Buna göre, likit bir alacaktan söz edilebilmesi için, ya alacağın gerçek miktarının belli ve sabit olması ya da borçlusu tarafından belirlenebilmesi için bütün unsurların bilinmesi veya bilinmesinin gerekmekte olması; böylece, borçlunun borç tutarını tahkik ve tayin etmesinin mümkün bulunması; başka bir ifadeyle, borçlunun yalnız"
"77531300","Yargıtay","Hukuk Genel Kurulu","2012/1506","2013/811","31.05.2013","hgk","ticaret","y2010_2019","0.682","0.552","0.51","0.95","Somut olayda ise; 
Yerel mahkemece, bozma kararından sonra yapılan yargılamada, bozma ilamına uyulmakla birlikte, yeniden bilirkişi incelemesi yaptırılarak rapor alınmış ve yine bozma öncesi gibi iflasın ertelenmesine ilişkin kararda bu bilirkişi raporu değerlendirilerek, gerekçe yapılmıştır. maddesi ile 6100 sayılı Hukuk Muhakemeleri Kanunu'na eklenen ""Geçici Madde 3"" atfıyla uygulanmakta olan 1086 sayılı HUMK'nun 440/1.maddesi uyarınca kararın tebliğinden itibaren onbeş (10"
"77277300","Yargıtay","Hukuk Genel Kurulu","2011/602","2011/612","12.10.2011","hgk","miras","y2010_2019","0.682","0.616","0.473","0.95","Hukuk Genel Kurulu'nda yapılan karar düzeltme görüşmesi sonunda Yerel Mahkeme gerekçesinde yer alan bu ibarenin, hükmün infazı sırasında tereddüt oluşturmaması için hüküm fıkrasının 2.bendine ""davalılardan"" sonra gelmek üzere parantez içinde eklenmesine, diğer yönlerden ise, karar düzeltme istemlerinin reddine karar verilmiştir. KARŞI OY

 Yüksek Hukuk Genel Kurulunun, mahkemenin her iki davalının da satış bedelinden sorumlu oldukları yönündeki direnme kararını yerinde bulan "
"76897200","Yargıtay","Hukuk Genel Kurulu","2010/379","2010/413","22.09.2010","hgk","miras","y2010_2019","0.682","0.564","0.503","0.95","Tüm dosya kapsamından terekenin borca batık olduğu anlaşıldığına göre Hukuk Genel Kurulu'nca da benimsenen Özel Daire bozma kararına uyulmak gerekirken, önceki kararda direnilmesi usul ve yasaya aykırıdır. Yerel Mahkemece süresi içerisinde mirasın reddi istenmediğinden, açılmış olan dava ile davacıların mirası örtülü olarak kabul etmiş sayılacakları ve terekenin borca batık olduğu hususunun ispatlanmadığı gerekçesi ile davanın reddine ilişkin verilen karar, Özel Dairece yukar"
"77236100","Yargıtay","Ceza Genel Kurulu","2011/305","2011/275","20.12.2011","cgk","icra_iflas","y2010_2019","0.682","0.469","0.56","0.95","fıkralar ile büyükler için de kabul edilmiş, aynı Yasanın 40. maddeleri uyarınca 2 ay 15 gün hapis cezası ile cezalandırılmasına karar verilen olayda, Özel Daire ile Yargıtay Cumhuriyet Başsavcılığı arasında oluşan ve Ceza Genel Kurulunca çözümlenmesi gereken uyuşmazlıklar; 
1- Sanık hakkında hükmün açıklanmasının geri bırakılması koşullarının bulunup bulunmadığı,
2- Hükmün 5728 sayılı Yasa ile 5846 sayılı Yasada yapılan değişiklikler nedeniyle sanığın hukuksal durumunun yeni"
"77583300","Yargıtay","Ceza Genel Kurulu","2013/588","2013/422","22.10.2013","cgk","ceza_usul","y2010_2019","0.682","0.532","0.523","0.95","Özel Daire ile Yargıtay Cumhuriyet Başsavcılığı arasında oluşan ve Ceza Genel Kurulunca çözümlenmesi gereken uyuşmazlık; sanık hakkında kişiyi hürriyetinden yoksun kılma suçuna azmettirmenin sabit olup olmadığının belirlenmesine ilişkindir. İncelenen dosya kapsamından; 
Suç tarihinde bir sağlık ocağında doktor olarak görev yapan sanık M.'in aynı zamanda Çapa Tıp adlı özel bir poliklinikte çalıştığı, haklarındaki mahk&ucirc;miyet hükmü onanmak suretiyle kesinleşen sanıklar M."
"77262900","Yargıtay","Ceza Genel Kurulu","2010/255","2011/294","27.12.2011","cgk","ceza_usul","y2010_2019","0.682","0.812","0.36","0.95","sanıklar tarafından telefonla aranarak kuyumcuda bulunan altınların getirilmesinin istendiği, aksi halde katılanın öldürüleceğinin ifade edildiği, katılanın eşinin olayı polise bildirdiği, sanıkların tanık A..'ya katılana ait kuyumcudaki altınları tarif edecekleri yere getirmesini istediği, tanık A.'nun polis eşliğinde bir poşet içine altın kutuları doldurularak sanıkların telefonla yaptıkları yönlendirmelerle buluşma yerine gittiği, sanıklardan S. adına kayıtlı olduğunun tes"
"52039500","Yargıtay","Ceza Genel Kurulu","2012/1291","2012/1865","25.12.2012","cgk","usul_hukuk","y2010_2019","0.682","0.553","0.51","0.95","maddeleri uyrınca 8 yıl 4 ay hapis cezasıyla cezalandırılmasına karar verilen somut olayda, Özel Daire ile yerel mahkeme arasında oluşan ve Ceza Genel Kurulunca çözümlenmesi gereken uyuşmazlık; kesinleşen başka bir yargılama dosyasında, öz babasının cinsel istismarına maruz kalması nedeniyle Adli Tıp 6. İncelenen dosya içeriğinden;

 Çorum Ağır Ceza Mahkemesince 22.04.2008 gün ve 323-147 sayı ile, mağdure ve kendisinden iki yaş büyük olan ablasına karşı 15.11.2005 tarihinde b"
"76736300","Yargıtay","Ceza Genel Kurulu","2009/254","2010/34","23.02.2010","cgk","ceza_genel","y2010_2019","0.682","0.553","0.51","0.95","Diğer taraftan, Yargıtay Ceza Genel Kurulu'nun 26.09.2006 gün ve 204-197 sayılı kararında da açıklandığı üzere; hükmü temyiz etmeleri halinde veya aleyhlerine sonuç doğurabilecek görüş içermesi halinde Yargıtay Cumhuriyet Başsavcılığınca düzenlenen tebliğnamenin, sanık veya müdafii ile katılan veya vekiline tebliğ olunacağı 5320 sayılı Yasanın 8. Ağır Ceza Mahkemesinin 14.06.2004 gün ve 174-287 ek sayılı uyarlama hükmüne ait gerekçeli kararla, Yargıtay Cumhuriyet Başsavcılığı"
"17000600","Yargıtay","Hukuk Genel Kurulu","2010/324","2010/343","23.06.2010","hgk","idare","y2010_2019","0.681","0.547","0.51","0.95","Dava dilekçesindeki açıklamalara göre davacı, davalı gerçek kişilerin kişisel kusurlarına dayandığına göre mahkemece işin esasının incelenmesi, davalıların kişisel kusuru bulunup bulunmadığının araştırılması ve sonucuna göre bir karar verilmesi gerekir. Yeni hükme yönelik temyiz itirazlarının incelenmesi için dosyanın Özel Daireye gönderilmesi gerekir."
"76731100","Yargıtay","Hukuk Genel Kurulu","2010/104","2010/151","17.03.2010","hgk","usul_hukuk","y2010_2019","0.681","0.572","0.498","0.95","S O N U Ç : Davalılar vekilinin temyiz itirazlarının reddi ile, direnme kararının yukarıda açıklanan nedenlerle ONANMASINA, gerekli temyiz ilam harcı peşin alındığından başkaca harç alınmasına mahal olmadığına ikinci görüşmede 17.03.2010 gününde oyçokluğu ile karar verildi. emekli maaşı aldığı dikkate alındığında takdir edilen 10.000,00 YTL manevi tazminatın hakkaniyete uygun olduğu sonucuna varılmış olup delillerin değerlendirilmesinde bir isabetsizlik bulunmamasına göre, us"
"77138300","Yargıtay","Ceza Genel Kurulu","2011/134","2011/152","28.06.2011","cgk","usul_hukuk","y2010_2019","0.681","0.658","0.448","0.95","maddesi gereğince sanığa verilen cezanın ertelenmesi halinde ilerde bir daha suç işlemeyeceğine dair mahkememizde olumlu kanaat hasıl olmadığından cezasının ertelenmesine yer olmadığına"" ve hak yoksunluğuna karar verildiği, hükmolunan hapis cezasının para cezasına çevrilip çevrilmeyeceği hususunda olumlu ya da olumsuz bir karar verilmediği,
Anlaşılmaktadır. (3) Daha önce hapis cezasına mahk&ucirc;m edilmemiş olmak koşuluyla, mahk&ucirc;m olunan otuz gün ve daha az süreli hapi"
"77096300","Yargıtay","Ceza Genel Kurulu","2011/81","2011/106","24.05.2011","cgk","aile","y2010_2019","0.681","0.461","0.56","0.95","Maddenin birinci fıkrasında kasten yaralama suçunun tanımı yapılmış, kişinin vücuduna acı veren veya sağlığının ya da algılama yeteneğinin bozulmasına neden olan her davranış, yaralama olarak kabul edilmiş, madde gerekçesinde bu husus açıkça vurgulanmıştır. İnceleme konusu olayda; 
Katılan M.T.'ın 03.09.2005 günü saat 14.30 sıralarında T.Düğün Salonunda meydana gelen olayın ardından Altıntabak Polis Karakoluna başvuruda bulunması üzerine soruşturmaya başlanıldığı, 
Katılana a"
"76800800","Yargıtay","Ceza Genel Kurulu","2010/86","2010/91","27.04.2010","cgk","ticaret","y2010_2019","0.681","0.615","0.473","0.95","maddesi uyarınca hakkında tekerrür hükümlerinin uygulanmasının gerektiği somut olayda, suçun sübutu ve nitelendirilmesinde bir isabetsizlik bulunmayıp, Yargıtay Ceza Genel Kurulunca çözümlenmesi gereken uyuşmazlık 01.06.2005 tarihinden önce işlenip, özel yasalarda yaptırıma bağlanan eylemler nedeniyle, önceki yasanın lehe kabul edilerek uygulama yapılması halinde, tekerrür hükümlerinin uygulanması olanağının, bulunup bulunmadığı noktasında toplanmak&not;tadır. Süreklilik göst"
"77611900","Yargıtay","Ceza Genel Kurulu","2012/818","2012/1436","26.12.2012","cgk","ticaret","y2010_2019","0.681","0.722","0.409","0.95","Temyiz isteyen davalı tarafın kendisinin ya da işleminin harçtan istisna ve muafiyetinin bulunmadığı belirgin olmakla temyiz isteminin incelenmesi için temyiz başvurma ve nisbi temyiz karar harcının tahsili gerekir. Nispi harca tabi davaların kabulüne ilişkin kararların temyizi halinde ise, mahkemece hükmedilen miktar üzerinden hesaplanarak kararda belirtilen nispi karar ve ilam harcının dörtte biri peşin olarak alınır."
"77077700","Yargıtay","Hukuk Genel Kurulu","2011/334","2011/427","15.06.2011","hgk","usul_hukuk","y2010_2019","0.68","0.232","0.69","0.95","Ne var ki, direnme kararının davacı vekilince temyizi üzerine Hukuk Genel Kurulu'nda dosyanın incelenmesi aşamasında, davanın reddine gerekçe yapılan 5841 sayılı Yasa ile değişik 3402 sayılı yasanın 12/3.maddesinde düzenlenen ""&hellip;iddia ve taşınmazın niteliğine&hellip;bakılmaksızın"" hükmünün iptali için Anayasa Mahkemesine dava açılmış ve Yüksek Mahkemece anılan hükmün iptal istemi kabul edilmiştir. Ne var ki, davadaki taleplerden biri hakkındaki Yargıtay'ın bozma kararın"
"77598700","Yargıtay","Hukuk Genel Kurulu","2013/326","2013/1515","30.10.2013","hgk","is_sgk","y2010_2019","0.68","0.424","0.579","0.95","D.'nin çalışmadığının tespiti istemini de içeren böyle bir davada verilen kararın, miktar ve değerine bakılmaksızın temyizi olanaklı bulunduğu oybirliğiyle kabul edilmiş ve ön sorun bu şekilde aşıldıktan sonra, işin esasının incelenmesine geçilmiştir. HUKUK GENEL KURULU KARARI
Hukuk Genel Kurulu'nca incelenerek direnme kararının süresinde temyiz edildiği anlaşıldıktan ve dosyadaki k&acirc;ğıtlar okunduktan sonra gereği görüşüldü:
Dava, Kurum işleminin iptali ile SGK Başkanlığ"
"86666700","Yargıtay","Hukuk Genel Kurulu","2012/1229","2013/577","24.04.2013","hgk","icra_iflas","y2010_2019","0.68","0.427","0.579","0.95","Aynı yöne işaret eden ve Hukuk Genel Kurulu’nca da benimsenen Özel Daire Bozma kararına uyulmak gerekirken, yanılgılı gerekçe ile önceki kararda direnilmesi usul ve yasaya aykırı olup; kararın bozulması gerekir. Davacı vekili, davalının ev telefonu ve ayrıca ADSL abonesi olduğunu, sabit hattın iptali ile ADSL hizmetine ilişkin olarak davalının Tüketici Hakem Heyetine müracaat ettiğini ve hakem heyetince şikayetin kabulüne karar verildiğini ileri sürerek, 27.01.2009 tarihli Tü"
"87580100","Yargıtay","Hukuk Genel Kurulu","2013/31","2013/1481","23.10.2013","hgk","ticaret","y2010_2019","0.68","0.553","0.504","0.95","Nitekim, vurgulanan bu ilkeler, Hukuk Genel Kurulu'nun 12.10.2011 gün ve E:2011/3-629, K:2011/613 sayılı ilamında da benimsenmiştir. Şu kadar ki, ölüm ve cismani zarar sebebiyle açılan maddi ve manevi tazminat davalarında peşin alınan harcın oranı yirmide bir olarak uygulanır."
"77706900","Yargıtay","Hukuk Genel Kurulu","2013/1669","2013/1343","11.09.2013","hgk","esya_tapu","y2010_2019","0.68","0.729","0.402","0.95","madde de iki mahkemenin aynı dava hakkında göreve veya yetkiye ilişkin olarak verdikleri kararlar kanun yoluna başvurulmaksızın kesinleştiği takdirde, görevli veya yetkili mahkeme, ilgisine göre bölge adliye mahkemesince veya Yargıtayca belirleneceği düzenlenmiştir. Yargıtay Büyük Genel Kurulunun 21.01.2013 tarih ve 1 sayılı Kararı uyarınca adli Yargı içinde, yargı yeri belirlenmesine ilişkin ihtilaflar nedeniyle yargı yerinin belirlenmesi (merci tayini) görevi Yargıtay 17."
"77132400","Yargıtay","Ceza Genel Kurulu","2011/120","2011/143","21.06.2011","cgk","ticaret","y2010_2019","0.68","0.61","0.473","0.95","Başsavcılığı arasında oluşan ve Ceza Genel Kurulunca çözümlen&not;mesi gereken uyuşmazlıklar; 
1-) Sanığa atılı kasten yaralama ile uyuşturucu veya uyarıcı maddeleri satın alma, kabul etme, bulundurma ve başkalarına verme suçlarının nitelendirilmesine,
2-) İftira suçunun oluşup oluşmadığının belirlenmesine ilişkindir. K..'ün; uyuşturucu veya uyarıcı maddeleri, satın alma, kabul etme, bulundurma ve başkalarına verme suçundan 5237 sayılı TCY'nın 188/3, 52 ve 53."
"77269000","Yargıtay","Ceza Genel Kurulu","2011/267","2011/297","27.12.2011","cgk","ceza_usul","y2010_2019","0.68","0.676","0.435","0.95","Birçok yargısal kararla sürdürülen yerleşmiş uygulamaya göre, kişisel hakka ilişkin yasaya aykırılıkların Yargıtay tarafından bozma konusu yapılabilmesi için, hükmün karşı hak sahibi tarafından temyiz edilmiş olması gerekir. Yargıtay C.Başsavcılığı ise, o yer Cumhuriyet savcısının temyizinin sanık lehine olması nedeniyle nisbi vekalet ücretine hükmedilmemesinin eleştiri konusu yapılabileceği, ancak tazminat ve ağaçlandırma giderine hükmedilmesinin sanık aleyhine olduğundan bo"
"76361600","Yargıtay","Ceza Genel Kurulu","2013/527","2013/393","24.09.2013","cgk","ceza_genel","y2010_2019","0.68","0.458","0.56","0.95","CEZA GENEL KURULU KARARI

 İnceleme, kasten öldürme suçuna teşebbüs ile sınırlı olarak yapılmış olup, sübuta ilişkin bir uyuşmazlık ve bu kabulde dosya içeriği itibariyle de herhangi bir isabetsizliğin bulunmadığı somut olayda, Özel Daire ile Yargıtay Başsavcılığı arasında oluşan ve Ceza Genel Kurulunca çözümlenmesi gereken uyuşmazlık; sanık hakkında haksız tahrik hükümlerinin uygulanma şartlarının bulunup bulunmadığının belirlenmesinine ilişkindir. maddesinde; ""Haksız bir fi"
"77039000","Yargıtay","Hukuk Genel Kurulu","2011/233","2011/330","18.05.2011","hgk","ticaret","y2010_2019","0.679","0.228","0.69","0.95","4722 Sayılı Türk Medeni Kanununun Yürürlüğü ve Uygulama Şekli Hakkında Kanunun 1.maddesinde de; ""Türk Medeni Kanununun yürürlüğe girdiği tarihten önceki olayların hukuki sonuçlarına, bu olaylar hangi kanun yürürlükte iken gerçekleşmişse kural olarak o kanun hükümleri uygulanır."" denilmekte ve aynı yasanın 3. Mahkemece, Özel Daire bozma ilamına uyulmak suretiyle görevsizlik kararı verilerek davacının talebi üzerine dosya İstanbul Denizcilik İhtisas mahkemesi'ne gönderilmiştir."
"77471700","Yargıtay","Hukuk Genel Kurulu","2013/553","2013/751","22.05.2013","hgk","usul_hukuk","y2010_2019","0.679","0.174","0.721","0.95","Hal böyle olunca, Hukuk Genel Kurulu'nca da benimsenen Özel Daire bozma kararına uyulmak gerekirken, önceki kararda direnilmesi usul ve yasaya aykırıdır. Hemen belirtilmelidir ki, temerrüdün oluşması için borcun muaccel olması kural olarak tek başına yeterli değildir."
"77541800","Yargıtay","Hukuk Genel Kurulu","2012/525","2012/899","28.11.2012","hgk","icra_iflas","y2010_2019","0.679","0.634","0.456","0.95","Buna göre, Hukuk Genel Kurulu'nda yapılan görüşmede işin esasının incelenmesine geçilmeden önce davalı vekilinin direnme kararını temyiz ettiği dilekçesinin davacı vekiline tebliğ edilmesi gerekip gerekmediği; burada varılacak sonuca göre, tebliğ işleminin yapılabilmesi için dosyanın geri çevrilmesine karar verilmesi gerekip gerekmediği önsorun olarak ele alınıp tartışılmıştır. Şu durumda, yukarıda yapılan açıklamalar ve tespite göre sonuç olarak, temyiz dilekçesinin karşı ta"
"76861100","Yargıtay","Ceza Genel Kurulu","2010/108","2010/157","22.06.2010","cgk","usul_hukuk","y2010_2019","0.679","0.555","0.5","0.95","maddesi uyarınca bu istemin reddine karar verilerek, dosya üzerinde yapılan temyiz incelemesinde;
Sanığın, ideolojik amaçla adam öldürmek suçundan beraatına karar verilen olayda, Özel Daire ile Yerel Mahkeme arasında çözülmesi gereken uyuşmazlık, sanığa yüklenen adam öldürme suçunun sabit olup olmadığının belirlenmesine ilişkindir. hakkındaki dava da bu dava ile birleştirilmiş ve yapılan yargılama sonucunda 15.07.1986 gün, 1981/282 esas ve 1986/66 karar sayısı ile;
Sanıklarda"
"77520600","Yargıtay","Ceza Genel Kurulu","2013/355","2013/456","19.11.2013","cgk","usul_hukuk","y2010_2019","0.679","0.751","0.388","0.95","İncelenen dosya kapsamından;
Sanıklar H.ve H.'nin birlikte ikamet ettikleri evde 19.01.2010 günü yapılan aramada, maktulenin ölümünden sonra annesi ve kardeşleri ile birlikte oturmaya başlayan ve arama sırasında evde hazır bulunan sanık S.E.'in Beydağı'ndaki evlerinden getirdiğini söylediği bir adet boş şarjörü kolluk görevlilerine teslim ettiği,
Jandarma Kriminal Laboratuarınca gönderilen 02.04.2010 günlü raporda, sanık S. dayısının elinde silah olduğunu, bir ara kapıyı açıp"
"45603100","Yargıtay","Ceza Genel Kurulu","2012/1235","2013/22","22.01.2013","cgk","ceza_genel","y2010_2019","0.679","0.454","0.56","0.95","CEZA GENEL KURULU KARARI

 Sanıkların taksirle bir kişinin ölümüne ve birden fazla kişinin yaralanmasına neden olma suçundan cezalandırılmalarına karar verilen olayda, Özel Daire ile yerel mahkeme arasında oluşan ve Yargıtay Ceza Genel Kurulunca çözümlenmesi gereken uyuşmazlık; sanıkların eylemlerini taksirle mi, yoksa bilinçli taksir ile mi gerçekleştirdiğinin belirlenmesine ilişkindir. İncelenen dosya içeriğinden;

 Sanık Salih 'in 15.07.2005 günü, saat 23.00 sıralarında ha"
"77108300","Yargıtay","Ceza Genel Kurulu","2011/177","2011/185","20.09.2011","cgk","usul_hukuk","y2010_2019","0.679","0.583","0.485","0.95","CEZA GENEL KURULU KARARI
Sanığın, 15 yaşından küçük mağdureye cinsel istismarda bulunarak, ruh ve beden sağlığının bozulmasına neden olduğu kabul edilen olayda, Yargıtay C.Başsavcılığı ile Özel Daire arasında oluşan ve Ceza Genel Kurulunca çözümlenmesi gereken uyuşmazlık; mağdure hakkında 20.07.2007 tarihli raporu düzenleyen Adli Tıp Kurumu 6. Uyuşmazlığın çözümünde sağlıklı bir hukuki sonuca ulaşılabilmesi için, 25.02.2003 tarihli Resmi Gazetede yayımlanarak, yayımından üç a"
"76993600","Yargıtay","Ceza Genel Kurulu","2010/223","2011/4","25.01.2011","cgk","usul_hukuk","y2010_2019","0.679","0.584","0.485","0.95","Sanığın, aralarında alacak meselesinden dolayı husumet bulunan katılanı olay günü karşılaştıkları benzin istasyonunda yanında taşıdığı ruhsatsız tabanca ile bacaklarından yaralaması şeklinde gelişen maddi olayda, suçun sübutu ve nitelendirilmesinde bir uyuşmazlık olmayıp, bu kabulde dosya içeriği itibariyle de herhangi bir isabetsizlik bulunmamaktadır. 24.11.2005 günlü hükmün Özel Daire tarafından lehe yasa değerlendirilmesinin usulünce yapılmadığı gerekçesiyle bozulması üzer"
"76973400","Yargıtay","Hukuk Genel Kurulu","2011/37","2011/198","20.04.2011","hgk","usul_hukuk","y2010_2019","0.678","0.515","0.523","0.95","Bu noktada; Devletin ""tapu sicilinin tutulmasından doğan sorumluluğuna"" ilişkin olarak, kusursuz sorumluluk/ağırlaştırılmış sebep/ağırlaştırılmış objektif sorumluluk/ tehlike sorumluluğa ilişkin kurallar uygulanır. HUKUK GENEL KURULU KARARI
 
Hukuk Genel Kurulunca incelenerek direnme kararının süresinde temyiz edildiği anlaşıldıktan ve dosyadaki kağıtlar okunduktan sonra gereği görüşüldü:
Dava, davacı tarafından davalı Belediyeden satın alınan taşınmazın tapu kaydının, daha s"
"77657400","Yargıtay","Hukuk Genel Kurulu","2012/914","2012/1234","19.12.2012","hgk","usul_hukuk","y2010_2019","0.678","0.448","0.56","0.95","Şu hususta unutulmamalıdır ki, çekişmeli taşınmazlara ilişkin dayanak tescil ilamlarının gözetilmesi, kesin hüküm itirazları mülkiyet iddiasını ilgilendireceğinden görevli mahkemece değerlendirilmesi gerekir. En son olarak 25 nolu orman kadastro komisyonu tarafından 4999 sayılı fenni hataların düzeltilmesi çalışmaları yapılmış ve 08/06/2010 günü askı ilanı yapılarak kesinleştirilmiştir.Tüm bu çalışmalar sırasında H...a Mahallesi'nde kain çekişme konusu taşınmaz kesinleşmiş or"
"76856300","Yargıtay","Hukuk Genel Kurulu","2010/100","2010/258","12.05.2010","hgk","miras","y2010_2019","0.678","0.449","0.56","0.95","HUKUK GENEL KURULU KARARI

 Hukuk Genel Kurulunca incelenerek direnme kararının süresinde temyiz edildiği anlaşıldıktan ve dosyadaki kağıtlar okunduktan sonra gereği görüşüldü: 
Dava, kiralanan taşınmaza yapılan faydalı ve zorunlu masraflar ile sözleşme sonuna kadar olan kar kaybının tahsili ve manevi tazminat istemine ilişkindir. Özel Dairece; karara yönelik temyiz itirazları sadece taşınmaza yapılan faydalı ve zorunlu masraf kalemleri yönünden kabul edilerek, karar bu nokta"
"77405600","Yargıtay","Hukuk Genel Kurulu","2012/1635","2013/823","12.06.2013","hgk","is_sgk","y2010_2019","0.678","0.47","0.548","0.95","Sigortalılık başlangıç tarihi ve hizmet tespitine yönelik davaların kamu düzenini ilgilendirdiği ve bu nedenle özel bir duyarlılık ve özenle yürütülmesi icabettiği Yargıtay'ın yerleşmiş içtihadı gereği olduğundan, kamu düzenini ilgilendiren hizmet tespiti davalarında, hakimin özel bir duyarlılık göstererek delilleri kendiliğinden toplaması ve sonucuna göre karar vermesi gerekir. A.Ş.nde çalışmaya başladığı ve bu çalışmasının 1968 yılına kadar devam ettiğini ancak, çalışma sür"
"77044100","Yargıtay","Hukuk Genel Kurulu","2011/237","2011/337","18.05.2011","hgk","icra_iflas","y2010_2019","0.678","0.534","0.51","0.95","Hal böyle olunca; dosyanın yeni hükme yönelik temyiz itirazlarının incelenmesi için Özel Daireye gönderilmesi gerekir. Özel Dairece, bu karara yönelik olarak Hazine vekilinin temyizi kabul edilerek; yapılan araştırma ve incelemenin hüküm vermeye yeterli olmadığı, mahkemece 6183 sayılı yasanın 27, 28, 29 ve 30.maddelerinde yazılı iptal şartlarının bulunup bulunmadığının araştırılması gerektiği, gerekçesiyle karar bu yönden bozulmuştur."
"77239700","Yargıtay","Hukuk Genel Kurulu","2012/685","2013/149","23.01.2013","hgk","miras","y2010_2019","0.678","0.468","0.548","0.95","O halde, kurulan yeni hükme ilişkin davacı vekilinin temyiz itirazlarının incelenmesi için dosyanın Özel Daireye gönderilmesi gerekir. Hukuk Genel Kurulu'ndaki görüşme sırasında, temyize konu kararın bir direnme kararı mı, yoksa bozma ilamında yapılması gerektiğine işaret edilen tartışma ve değerlendirme yapılmak suretiyle oluşturulmuş yeni bir hüküm niteliğinde mi olduğu, dolayısıyla, temyiz incelemesini yapma görevinin Özel Daire'ye mi, yoksa Hukuk Genel Kurulu'na mı ait bu"
"77449500","Yargıtay","Hukuk Genel Kurulu","2013/422","2013/1699","25.12.2013","hgk","icra_iflas","y2010_2019","0.678","0.483","0.541","0.95","O halde, Hukuk Genel Kurulu'nca da benimsenen Özel Daire bozma kararına uyulmak gerekirken, önceki kararda direnilmesi usul ve yasaya aykırıdır. Somut olayda istifa iradesini noter ihtarı ile gösteren ve davacıya ulaştıran davalının ihtarın kooperatife ulaştığı tarihte ortaklıktan çıkmış sayılması gerekir."
"85847100","Yargıtay","Hukuk Genel Kurulu","2012/766","2013/297","27.02.2013","hgk","miras","y2010_2019","0.678","0.382","0.598","0.95","Tarafların karşılıklı iddia ve savunmalarına, dosyadaki tutanak ve kanıtlara, bozma kararında açıklanan gerektirici nedenlere göre, Hukuk Genel Kurulu’nca da benimsenen Özel Daire bozma kararına uyulmak gerekirken, önceki kararda direnilmesi usul ve yasaya aykırıdır. Uyuşmazlık, Kanunun öngördüğü şekle aykırı olarak düzenlenmiş, ölünceye kadar bakma sözleşmesinin uzun bir süre ifa edildikten sonra, şekil eksikliği nedeniyle geçersiz olduğunun ileri sürülmesinin, dürüstlük kur"
"86484800","Yargıtay","Hukuk Genel Kurulu","2012/1129","2013/380","20.03.2013","hgk","icra_iflas","y2010_2019","0.678","0.416","0.579","0.95","sayılı kararlarında da aynı ilkenin kabul edilmiş bulunmasına göre, şikayetin reddine ilişkin direnme kararı yerinde olup,Yerel Mahkeme direnme kararı onanmalıdır. S O N U Ç :Şikayetçinin temyiz itirazlarının reddi ile direnme kararının yukarıda açıklanan nedenlerle, 6217 sayılı Kanunun 30.maddesi ile 6100 sayılı Hukuk Muhakemeleri Kanunu’na eklenen “Geçici madde 3” atfıyla uygulanmakta olan 1086 sayılı Hukuk Usulü Muhakemeleri Kanunu’nun 429.maddesi gereğince ONANMASINA, 200"
"52005200","Yargıtay","Ceza Genel Kurulu","2012/1319","2013/98","26.03.2013","cgk","ticaret","y2010_2019","0.678","0.534","0.51","0.95","CEZA GENEL KURULU KARARI

 Uyuşturucu madde ticareti suçundan sanık Ferdi S.'nin mahkumiyetine, sanık Ferdi R.'nin ise beraatına karar verilen olayda, Yargıtay Cumhuriyet Başsavcılığı ile Özel Daire arasında oluşan ve Ceza Genel Kurulunca çözümlenmesi gereken uyuşmazlık; uyuşturucu madde ticareti suçundan sanık Ferdi S.'nin mahkumiyetine, sanık Ferdi R.'nin ise beraatına ilişkin yerel mahkeme hükmünün Özel Daire tarafından onanmasının isabetli olup olmadığının belirlenmesine "
"77340800","Yargıtay","Ceza Genel Kurulu","2012/1443","2013/73","26.02.2013","cgk","usul_hukuk","y2010_2019","0.678","0.417","0.579","0.95","Bu ilkenin sonucu olarak;
a- Usul işlemleri kural olarak yürürlükteki kanuna göre yapılacaktır. Ancak; 
1 - İkimilyar liraya kadar (ikimilyar dahil) para cezalarına dair olan hükümler,
2 - Yukarı sınırı onmilyar lirayı geçmeyen para cezasını gerektiren suçlardan dolayı verilen beraat hükümleri,
3 - Bu Kanun ile sair kanunlarda kesin olduğu yazılı bulunan hükümler,
Kesin olup, bu hükümler hakkında temyiz yasa yoluna başvurulamaz."
"77312900","Yargıtay","Ceza Genel Kurulu","2013/29","2013/94","19.03.2013","cgk","usul_hukuk","y2010_2019","0.678","0.449","0.56","0.95","CEZA GENEL KURULU KARARI
Özel Daire ile Yargıtay Cumhuriyet Başsavcılığı arasında oluşan ve Ceza Genel Kurulunca çözümlenmesi gereken uyuşmazlık; aleyhe temyiz bulunmayan durumda, fiilin suçun nitelikli halini oluşturduğundan bahisle eleştiri ile onama mı, yoksa cezayı aleyhe değiştirme yasağı gözetilerek bozma kararı mı verileceğinin belirlenmesine ilişkindir. Aleyhe bozma yasağı öğreti ve uygulamada; ""temyiz davası yalnızca sanık veya müdafii ya da sanık lehine Cumhuriyet s"
"77112200","Yargıtay","Ceza Genel Kurulu","2011/190","2011/191","27.09.2011","cgk","ticaret","y2010_2019","0.678","0.448","0.56","0.95","maddesi uyarınca eski hale getirme nedeni olarak kabul edilmiştir. Görevi kötüye kullanma suçundan sanıkların cezalandırılmasına karar verilen olayda Özel Daire ile Yargıtay Başsavcılığı arasında oluşan ve Ceza Genel Kurulunca çözümlenmesi gereken uyuşmazlık; yasa yolu bildiriminin yanıltıcı nitelikte olup olmadığı ve buna bağlı olarak temyizin süresinde yapılıp yapılmadığının belirlenmesine ilişkindir."
"77410100","Yargıtay","Hukuk Genel Kurulu","2013/219","2013/833","14.06.2013","hgk","usul_hukuk","y2010_2019","0.677","0.66","0.435","0.95","Bu nedenle temyiz yoluna başvurmasına da yasal olanak bulunmadığından temyiz dilekçesinin reddi gerekir. 2.Davacının temyiz itirazlarının incelenmesine gelince; 
Hukuk Genel Kurulu'nda yapılan görüşmeler sırasında işin esasına geçilmeden önce, 6100 sayılı HMK'nun 137-140.maddeleri dikkate alındığında, ön inceleme ve ön inceleme duruşması yapılmadan tahkikat duruşmasına geçilip geçilmeyeceği önsorun olarak tartışılmıştır."
"77079800","Yargıtay","Hukuk Genel Kurulu","2011/394","2011/430","22.06.2011","hgk","is_sgk","y2010_2019","0.677","0.467","0.548","0.95","Anılan yasal düzenlemeler kapsamında sigortalı veya hak sahibine cihaz temini yönünden; aranacak temel unsur; ""iyileşmesine yardımcı olması"" olduğuna göre, bu kavramdan ne kastedildiğinin ortaya konulması gerekir. HUKUK GENEL KURULU KARARI

 Hukuk Genel Kurulunca incelenerek direnme kararının süresinde temyiz edildiği anlaşıldıktan ve dosyadaki kağıtlar okunduktan sonra gereği görüşüldü:
Asıl ve birleşen davalar dik pozisyonlandırma ve portatif merdiven çıkma cihaz bedellerin"
"77652600","Yargıtay","Hukuk Genel Kurulu","2012/782","2012/1279","19.12.2012","hgk","ticaret","y2010_2019","0.677","0.444","0.56","0.95","HUKUK GENEL KURULU KARARI

 Hukuk Genel Kurulunca incelenerek direnme kararının süresinde temyiz edildiği anlaşıldıktan ve dosyadaki kağıtlar okunduktan sonra gereği görüşüldü:
Dava; haksız rekabet iddiasına dayalı davalının ticaret unvanında yer alan ""..'' ibaresinin unvandan terkini, haksız rekabetin men'i ve hükmün ilanı istemine ilişkindir. Mahkemece, davanın kabulüne dair verilen karar davalı vekilinin temyizi üzerine, Özel Dairece; yukarıda açıklandığı üzere davalının, "
"77277600","Yargıtay","Hukuk Genel Kurulu","2011/503","2011/615","12.10.2011","hgk","usul_hukuk","y2010_2019","0.677","0.596","0.473","0.95","Şu hale göre, ön sorunun çözümlenmesi için temyize konu kararın açıklanan özellikleri taşıyıp taşımadığının irdelenmesi gerekir. Mahkemece, bozma sonrası yapılan yargılamada bozmaya uyulup uyulmama konusunda bir karar verilmeden önce bilirkişi incelemesi yaptırılıp, rapor alınmış ve ibraz edilen karar örnekleri de dosya arasına alınarak, bu kez yapı bedeline hükmedilmiş ve önceki kararda direnildiğinden bahisle hüküm kurulmuştur."
"77546600","Yargıtay","Hukuk Genel Kurulu","2012/501","2012/904","28.11.2012","hgk","usul_hukuk","y2010_2019","0.677","0.463","0.548","0.95","Yerel mahkeme direnme olarak adlandırdığı kararında, önceki gerekçeleri yanında ""Bozma sonrası Çankaya Belediye Başkanlığına yazılan yazı üzerine getirtilen tadilat projesinin 25.07.2011 tarihli yazı cevabına göre yapı ruhsatında mal sahibinin Türkiye Kızılay Derneği ve yapı müteahhidinin ise .....İnş. Hukuk Genel Kurulu'ndaki görüşme sırasında, işin esasının incelenmesinden önce, direnme kararının gerçekte yeni hüküm niteliğinde olup olmadığı;dolayısıyla, temyiz incelemesini"
"77427800","Yargıtay","Hukuk Genel Kurulu","2012/1689","2013/856","19.06.2013","hgk","is_sgk","y2010_2019","0.677","0.508","0.523","0.95","Bu nedenle Özel Daire bozma ilamında belirtilen gerekçelerle, Hukuk Genel Kurulu'nca da benimsenen bozma ilamına uyulması gerekirken, önceki kararda direnilmesi usul ve yasaya aykırı olduğundan direnme kararının bozulması gerekmiştir. Mahkemece, toplanan kanıtlar ve bilirkişi raporuna dayanılarak, davacının işe başlamasa bile ihbar tazminatını hak ettiği, ilk fesih tarihindeki ücret miktarına göre ihbar tazminatının hesaplanacağı, izinlerini kullandığından izin ücreti isteyem"
"77137500","Yargıtay","Ceza Genel Kurulu","2011/114","2011/150","28.06.2011","cgk","ceza_genel","y2010_2019","0.677","0.515","0.519","0.95","maddesi uyarınca reddine karar verildikten sonra, dosya üzerinde yapılan incelemede:
Sanıkların öldürmeye teşebbüs suçundan cezalandırılmalarına karar verilen somut olayda, Özel Daire ile yerel mahkeme arasında oluşan ve Ceza Genel Kurulunca çözümlenmesi gereken uyuşmazlık, sanıkların eylemlerinin kasten yaralama suçunu mu yoksa öldürmeye kalkışma suçunu mu oluşturduğunun belirlenmesine ilişkindir. Pastanesi önünde kavga olduğu yönündeki ihbar üzerine olay mahalline gidildiği"
"76873400","Yargıtay","Ceza Genel Kurulu","2010/186","2010/174","28.09.2010","cgk","ceza_usul","y2010_2019","0.677","0.532","0.51","0.95","Bu nitelikteki bir hükmün temyiz edilmesi halinde incelemenin Yargıtay'ın ilgili dairesi tarafından yapılması gerekir. maddesi uyarınca ön sorun olarak ele alınarak öncelikle değerlendirilmelidir."
"76821300","Yargıtay","Ceza Genel Kurulu","2010/68","2010/118","25.05.2010","cgk","usul_hukuk","y2010_2019","0.677","0.531","0.51","0.95","maddesi uyarınca ön sorun olarak ele alınarak öncelikle değerlendirilmelidir. Ç..'in, göçmen kaçakçılığı suçundan cezalandırılmasına karar verilen somut olayda, Yargıtay Ceza Genel Kurulunca çözümlenmesi gereken uyuşmazlık; sanığın atılı göçmen kaçakçılığı suçunu işleyip işlemediğine ilişkin ise de, yerel mahkemece usulüne uygun olarak direnme kararı verilip verilmediği hususu, Yargıtay İç Yönetmeliğinin 27."
"77403100","Yargıtay","Hukuk Genel Kurulu","2012/1618","2013/821","12.06.2013","hgk","is_sgk","y2010_2019","0.676","0.373","0.598","0.95","HUKUK GENEL KURULU KARARI

 Hukuk Genel Kurulu'nca incelenerek direnme kararının süresinde temyiz edildiği anlaşıldıktan ve dosyadaki kağıtlar okunduktan sonra gereği görüşüldü:
Dava, sigortalılık başlangıç tarihinin, yurtdışında çalışmağa başlanılan tarih olduğunun ve yurtiçi çalışması bulunmayan davacının, 3201 sayılı Kanun kapsamında yaptığı borçlanma süresinin 5510 sayılı Kanun'un 4/I-a maddesi kapsamında değerlendirilmesi gerektiğinin tespiti istemlerine ilişkindir. madd"
"77612800","Yargıtay","Hukuk Genel Kurulu","2012/1146","2012/1431","26.12.2012","hgk","is_sgk","y2010_2019","0.676","0.302","0.641","0.95","Davalı Sosyal Güvenlik Kurumu (SGK) vekili, 2926 sayılı Kanun Uygulama Tebliğinde Değişiklik Yapılmasına Dair 7 nolu Tebliğ uyarınca davacının Kuruma başvurması halinde sigortalılığı ilk tevkifata göre sigortalılığı başlatılacağından davanın konusuz kalacağını belirterek davanın reddini savunmuştur. madde kapsamında ürün bedellerinden tevkifat suretiyle kesilerek Bağ-Kur'a ödenmesi halinde, kayıt ve tescil için Kurum'a başvuru olmasa dahi bahse konu biçimde prim ödenmesi sure"
"77450200","Yargıtay","Hukuk Genel Kurulu","2013/454","2013/729","22.05.2013","hgk","ticaret","y2010_2019","0.676","0.592","0.473","0.95","Hukuk Dairesinin ilk derece mahkemesi sıfatıyla verdiği kararın onanması gerekir. Asliye Ticaret Mahkemesinin 2008-782 Esas sayılı dosyasında menfi tespit ve senet iptali davası açtıklarını ve tedbir talebinde bulunduklarını, tedbir istemlerinin mahkemece sürüncemede bırakıldığını; mahkeme hakimi Resmiye Sürmeli'nin taraflı ve kasıtlı davranışları, haksız işlemleri nedeniyle maddi ve manevi zarara uğradığını belirterek, fazlaya ilişkin hakları saklı kalmak üzere dava tarihind"
"77599600","Yargıtay","Hukuk Genel Kurulu","2013/374","2013/1584","15.11.2013","hgk","ticaret","y2010_2019","0.676","0.214","0.69","0.95","O halde, Hukuk Genel Kurulu'nca da benimsenen Özel Daire bozma kararına uyulmak gerekirken önceki kararda direnilmesi usul ve yasaya aykırıdır. HUKUK GENEL KURULU KARARI

 Hukuk Genel Kurulu'nca incelenerek direnme kararının süresinde temyiz edildiği anlaşıldıktan ve dosyadaki kağıtlar okunduktan sonra gereği görüşüldü:
Şik&acirc;yet, icra takibinin iptali istemine ilişkindir."
"77483700","Yargıtay","Hukuk Genel Kurulu","2012/1459","2013/633","24.12.2013","hgk","ceza_usul","y2010_2019","0.676","0.747","0.382","0.95","Ceza Dairesince 06.11.2012 gün ve 8269-12085 sayı ile, itirazın yerinde görülmediğinden bahisle dosya Yargıtay Birinci Başkanlığına gönderilmiş ise de, bu aşamada Yargıtay Cumhuriyet Başsavcılığınca 18.12.2013 gün ve 12728 - 56162 sayı ile itirazın geri alınması talebinde bulunulmuştur. Ceza Genel Kurulunca 01.10.2013 gün ve 314-394; 315-395 sayı ve oybirliğiyle, Yargıtay Cumhuriyet Başsavcılığının karar verilinceye kadar itirazını geri almasının mümkün bulunduğu sonucuna ula"
"87779200","Yargıtay","Ceza Genel Kurulu","2012/1245","2013/21","22.01.2013","cgk","usul_hukuk","y2010_2019","0.676","0.493","0.529","0.95","CEZA GENEL KURULU KARARI
Özel Daire ve yerel mahkeme arasında oluşan ve Ceza Genel Kurulunca çözümlenmesi gereken uyuşmazlık; sanığın 6136 sayılı Kanunu muhalefet ve tehdit suçlarından cezalandırılmasına karar verilen olayda, hükmün eksik soruşturmaya dayalı olarak verilip verilmediğinin belirlenmesine ilişkindir. olduğunu bildiren bir şahsın Beyçeri Köyü Ataca Mezrasında ikamet ettiğini, aralarında arazi anlaşmazlığı bulunan Feyzi isimli şahsın evine ateş ettiğini bildirmesi"
"76679400","Yargıtay","Hukuk Genel Kurulu","2009/591","2010/29","27.01.2010","hgk","is_sgk","y2010_2019","0.675","0.213","0.69","0.95","HUKUK GENEL KURULU KARARI

 Hukuk Genel Kurulu'nca incelenerek direnme kararının süresinde temyiz edildiği anlaşıldıktan ve direnme kararının verildiği tarih itibariyle H.U.M.K.nun 2494 sayılı Yasa ile değişik 438/II.fırkası hükmü gereğince duruşma isteğinin reddine karar verilip dosyadaki kağıtlar okunduktan sonra gereği görüşüldü:
Dava, ücret zammı farkı, kıdem tazminatı farkı ve yıllık izin ücreti alacağına ilişkindir. Yerel Mahkemece, bozma ilamının eksik araştırmaya yöne"
"77065900","Yargıtay","Hukuk Genel Kurulu","2011/299","2011/417","15.06.2011","hgk","is_sgk","y2010_2019","0.675","0.467","0.541","0.95","HUKUK GENEL KURULU KARARI

 Hukuk Genel Kurulunca incelenerek direnme kararının süresinde temyiz edildiği anlaşıldıktan ve dosyadaki kağıtlar okunduktan sonra gereği görüşüldü: 
Davacı, iş akdinin bildirimsiz tazminatsız ve kötü niyetli olarak işverence sona erdirildiğini iddia ederek kıdem tazminatı, ihbar tazminatı, kötü niyet tazminatı, fazla çalışma ücreti, ulusal bayram-genel tatil ücretinin davalıdan tahsiline karar verilmesini istemiştir. Mahkemece, emsal Yargıtay kara"
"100020800","Yargıtay","Hukuk Genel Kurulu","2012/497","2013/150","30.01.2013","hgk","icra_iflas","y2010_2019","0.675","0.369","0.598","0.95","Yukarıda belirtilen yasal düzenleme ve maddi olguya ilişkin açıklamalar; tarafların karşılıklı iddia ve savunmalarına, dosyadaki tutanak ve kanıtlara, bozma kararında açıklanan gerektirici nedenlere göre, Hukuk Genel Kurulu'nca da benimsenen Özel Daire bozma kararına uyulmak gerekirken, önceki kararda direnilmesi usul ve yasaya aykırıdır. Özel şartlar başlıklı bu belgenin 2.maddesinde, “Konut sahibi ve kiracı, tahliye taleplerini en az 60 gün önceden birbirlerine noter teblig"
"52041800","Yargıtay","Hukuk Genel Kurulu","2012/701","2013/78","23.01.2013","hgk","aile","y2010_2019","0.675","0.37","0.598","0.95","Tarafların karşılıklı iddia ve savunmalarına, dosyadaki tutanak ve kanıtlara, bozma kararında açıklanan gerektirici nedenlere göre, Hukuk Genel Kurulu'nca da benimsenen Özel Daire bozma kararına uyulmak gerekirken, önceki kararda direnilmesi usul ve yasaya aykırıdır. Davalı kadın, boşanmayı kabul etmediğini, ilk çocuğun psikolojisi nedeniyle ikinci kardeş yaptıklarını, davacının tatillerde sürekli kendi ailesiyle köyde yaşamaya zorladığını, yaz tatillerinde mutlaka davacının "
"76675600","Yargıtay","Hukuk Genel Kurulu","2010/51","2010/11","27.01.2010","hgk","ticaret","y2010_2019","0.675","0.691","0.411","0.95","Davanın reddine ilişkin karar davacı vekili tarafından 24.11.2009 tarihinde temyiz edilmiş; temyiz peşin harcı ve anılan 67.20 TL Yargıtay temyiz başvuru harcının alındığına ilişkin bir belgeye dosya arasında rastlanmamıştır. tutarında başvuru harcının alınması zorunlu olup; bu miktar yeniden değerlendirme oranlarının uygulanması ile 2009 yılı için 67.20 TL olarak belirlenmiştir."
"76804600","Yargıtay","Ceza Genel Kurulu","2010/50","2010/95","27.04.2010","cgk","ticaret","y2010_2019","0.675","0.652","0.435","0.95","maddesinde çocuklar tarafından işlenen suçlar nedeniyle hükmedilen 3 yıla kadar (üç yıl dahil) hapis ve adli para cezalarında hükmün açıklanmasının geri bırakılması kararı verilmesi olanağı bulunduğundan ayrıca 5237 sayılı TCY'nın 51/1. Ağır Ceza Mahkemesinin 25.03.2008 gün ve 11-87 sayılı kararının BOZULMASINA, 
4- Dosyanın mahalline gönderilmek üzere Yargıtay Cumhuriyet Başsavcılığına TEVDİİNE, 27.04.2010 günü yapılan müzakerede oybirliği ile karar verildi."
"469558700","Yargıtay","Ceza Genel Kurulu","2012/81","2012/1867","25.12.2012","cgk","ceza_usul","y2010_2019","0.675","0.488","0.529","0.95","Yerel mahkeme ile Özel Daire arasında oluşan ve Ceza Genel Kurulunca çözümlenmesi gereken uyuşmazlık; sanıkların üzerine atılı silahlı terör örgütü üyesi olmak suçunun sabit olup olmadığının belirlenmesine ilişkin ise de; dava zamanaşımının dolup dolmadığı hususunun öncelikle değerlendirilmesi gerekmektedir. Ceza Genel Kurulunun 03.07.2012 gün ve 973-264 ile 23.01.2007 gün ve 254–5 sayılı kararları başta olmak üzere birçok kararında da vurgulandığı üzere, yargılama yapılmasın"
"77515600","Yargıtay","Hukuk Genel Kurulu","2012/1481","2013/789","29.05.2013","hgk","is_sgk","y2010_2019","0.674","0.172","0.71","0.95","Davalı Sosyal Güvenlik Kurumu (SGK) vekili cevap dilekçesinde özetle, 2926 sayılı Kanun uyarınca aile reisi olmayan kadınların 02.08.2003 tarihinden önce tevkifata dayalı olarak tescillerinin mümkün olmadığını ve 2926 sayılı Kanunun geriye dönük tespite imkan tanımadığını, 6111 sayılı Kanunun yürürlük tarihinde kesinleşmiş prim borcu bulunmayan davacının anılan Kanundan yararlanma hakkı olmadığını belirterek davanın reddini savunmuştur. Yerel Mahkemece, davacının teslim etmiş"
"77232900","Yargıtay","Hukuk Genel Kurulu","2012/692","2013/138","23.01.2013","hgk","usul_hukuk","y2010_2019","0.674","0.269","0.653","0.95","Konuya açıklık getirmek için öncelikle usuli kazanılmış hak kavramı üzerinde durulmasında yarar vardır:
Usuli kazanılmış hak; Yargıtay'ca bir kararın bozulması ve mahkemece bozma kararına uyulması halinde, bozulan kararın bozma sebeplerinin kapsamı dışında kalmış cihetlerinin kesinleşmiş sayılması, davaların uzamasını önlemek maksadıyla kabul edilmiş çok önemli bir usul hükmüdür. Ne var ki, davadaki taleplerden biri hakkındaki Yargıtay'ın bozma kararının kapsamı dışında kalma"
"77583000","Yargıtay","Hukuk Genel Kurulu","2013/299","2013/1566","13.11.2013","hgk","miras","y2010_2019","0.674","0.364","0.598","0.95","Hal böyle olunca; aynı hususa işaret eden ve Hukuk Genel Kurulu'nca da benimsenen Özel Daire bozma kararına uyulması gerekirken, önceki kararda direnilmesi usul ve yasaya aykırıdır. Ancak, tescil prensibinin istisnasından söz edebilmek için bu istisnanın mutlaka Kanun tarafından öngörülmüş olması gerekir."
"76492700","Yargıtay","Hukuk Genel Kurulu","2013/688","2013/1356","18.09.2013","hgk","usul_hukuk","y2010_2019","0.674","0.581","0.473","0.95","Yargıtay'ın hukuka uygunluk incelemesi yapabilmesi için oluşturulacak gerekçenin denetime elverişli olması gerekir.Eldeki olayda, ilk derece mahkemesi sıfatıyla karar veren Daire, hükmün gerekçe kısmında; ""diğer yandan, bu durum dava açıldıktan sonra yapılan Yasa değişikliğinden kaynaklanmış olup; dava açmasında, davacı kusurlu sayılamaz. Kararlarda tarafların iddia ve savunmalarının özeti, anlaştıkları ve anlaşamadıkları hususlar, çekişmeli vakıalar hakkında toplanan delille"
"77090800","Yargıtay","Hukuk Genel Kurulu","2011/469","2011/448","22.06.2011","hgk","ticaret","y2010_2019","0.674","0.484","0.529","0.95","Böyle bir durumda Özel Dairenin kararda işaret olunan incelemeleri yapmak üzere dosyayı esasına alarak; takibi işlemleri yapması gerekir. HUKUK GENEL KURULU KARARI
 
Hukuk Genel Kurulunca incelenerek, dosyadaki kağıtlar okunduktan sonra gereği görüşüldü:
Bilindiği üzere, direnme kararları üzerine verilen Hukuk Genel Kurulu kararlarına karşı karar düzeltme yolunun açık olup olmadığı hususu, öncelikle 1086 sayılı Hukuk Usulü Muhakemeleri Kanunu'nun 440/1 ve 442/A maddeleri çerç"
"77576900","Yargıtay","Hukuk Genel Kurulu","2013/297","2013/1555","13.11.2013","hgk","usul_hukuk","y2010_2019","0.674","0.365","0.598","0.95","Tarafların karşılıklı iddia ve savunmalarına, dosyadaki tutanak ve kanıtlara, bozma kararında açıklanan gerektirici nedenlere, Hukuk Genel Kurulu'nca da benimsenen Özel Daire bozma kararına uyulmak gerekirken, önceki kararda direnilmesi usul ve yasaya aykırıdır. Yerel Mahkemece, davalı-mukabil davacı alacaklı vekilinin 20.10.2011 tarihli celsede başkaca delillerinin olmadığını bildirdiği, tarafların iddiası ve dayandığı delil olmadan bozma ilamında belirtildiği gibi vergileri"
"77202400","Yargıtay","Hukuk Genel Kurulu","2012/63","2012/263","30.03.2011","hgk","ticaret","y2010_2019","0.674","0.485","0.529","0.95","Açıklanan nedenlerle; dosyanın, belirtilen eksiklikler giderilerek ve gönderme formunu imzalayan hakimce son kontrolünün de sağlanarak temyiz incelemesi yapılmak üzere Yargıtay'a gönderilmesi için, Yerel Mahkemeye geri çevrilmesi gerekir. Davacı vekilinin temyizi üzerine Özel Dairece; mahkeme kararına dayanak alınan raporlar da değerlendirilmek suretiyle, tarafların suya olan ihtiyaçları belirlenerek, gerekirse tarafların ortaklaşa yararlanabilecekleri bir su düzeneği ve reji"
"16895200","Yargıtay","Hukuk Genel Kurulu","2010/362","2010/319","16.06.2010","hgk","usul_hukuk","y2010_2019","0.674","0.667","0.423","0.95","SONUÇ: Dosyanın, yukarıda açıklanan temyiz harcına ilişkin eksiklik tamamlandıktan sonra yeniden gönderilmek üzere, Yerel Mahkemeye GERİ ÇEVRİLMESİNE, 16.06.2010 gününde oybirliği ile karar verildi. Hukuk Dairesinin 23.11.2009 gün ve 2009/1147-13265 sayılı ilamı ile bozularak dosya yerine geri çevrilmekle, yeniden yapılan yargılama sonunda, mahkemece önceki kararda direnilmiştir."
"77521200","Yargıtay","Ceza Genel Kurulu","2012/1419","2013/460","19.11.2013","cgk","usul_hukuk","y2010_2019","0.674","0.649","0.435","0.95","Kolordu Komutanlığı Askeri Mahkemesince bu suçtan cezalandırılmasına karar verildiği, yokluğunda verilen kararın tebliği üzerine sanık tarafından süresi içinde 12.09.2006 tarihinde temyiz edildiği, yapılan yasal değişiklik nedeniyle aynı askeri mahkeme tarafından görevsizlik kararı verilerek dosyanın Hozat Sulh Ceza Mahkemesine gönderildiği, yerel mahkemece de mahkumiyet hükmünün temyiz edildiği gözetilmeden askeri mahkeme tarafından verilen kararın kesinleştiği gerekçesiyle "
"76770500","Yargıtay","Ceza Genel Kurulu","2010/49","2010/67","30.03.2010","cgk","ceza_ozel","y2010_2019","0.674","0.709","0.398","0.95","P.'in, inceleme dışı bırakılan sanık C.P.tarafından A.D.adına 23.01.2001 tarihinde sahte olarak düzenlenen reçetenin arkasına el yazısı ile ""23.01.2001 de annemin ilaçlarını aldım"" şeklinde yazıp imzaladıktan sonra, suça konu sahte reçeteyi katılan Emekli Sandığı Kurumuna verip, 09.02.2001 tarihinde kurum zararına olarak 1474 YTL almak suretiyle nitelikli dolandırıcılık suçunu işlediği anlaşılmaktadır. yönünden gerçekleşen dava zamanaşımı nedeniyle BOZULMASINA,
Yeniden yargıl"
"457376800","Yargıtay","Hukuk Genel Kurulu","2012/1427","2012/1344","26.12.2012","hgk","is_sgk","y2010_2019","0.673","0.262","0.654","0.95","Müsteşarlığının 4853 sayılı Kanuna 5568 sayılı Kanunla eklenen Ek Madde 1 uyarınca sorumlu olduğu gerekçesiyle davanın kabulüne dair verilen karar, davalı vekilinin temyizi üzerine Özel Daire tarafından yukarıda yazılı gerekçelerle bozulmuş, Mahkemece önceki gerekçe genişletilmek ve emsal kararların onandığı belirtilmek suretiyle davanın kabulüne dair hükümde direnilmiştir. Bu durum Kanunun 1.maddesinde, bu Kanunun amacının, çalışanların aylık ve ücretlerinden tasarruf kesint"
"17000800","Yargıtay","Hukuk Genel Kurulu","2010/310","2010/345","23.06.2010","hgk","is_sgk","y2010_2019","0.673","0.653","0.429","0.95","Dava dosyasının görevli mahkemeye gönderilebilmesi ve davaya görevli mahkemede devam edilebilmesi için, davacının 10 gün içinde görevli (yada görevsizlik kararı veren) mahkemeye başvurarak davalıya tebligat yaptırması gerekir. 1086 sayılı Hukuk Usulü Muhakemeleri Kanunu (HUMK)'nun 193.maddesi; 






""Davacı, iptaline karar verilen dilekçenin yerine yeni bir dilekçe düzenleyip vermek zorundadır."
"77249700","Yargıtay","Hukuk Genel Kurulu","2011/488","2011/565","28.09.2011","hgk","is_sgk","y2010_2019","0.673","0.427","0.56","0.95","HUKUK GENEL KURULU KARARI

 Hukuk Genel Kurulunca incelenerek direnme kararının süresinde temyiz edildiği anlaşıldıktan ve dosyadaki kağıtlar okunduktan sonra gereği görüşüldü:
Dava, 506 Sayılı Yasa'nın 52 ve devamı maddelerine dayalı, çalışma gücünün 2/3 oranında kaybedilmesi nedeni ile bağlanıp, fiilen çalışılması nedeniyle kesilen maluliyet aylığının yeniden bağlanması istemine ilişkindir. Davacı vekili, davalı Kurumun müvekkilinin maluliyet aylığı almakta iken çalıştığı g"
"17065700","Yargıtay","Hukuk Genel Kurulu","2011/15","2011/132","13.04.2011","hgk","miras","y2010_2019","0.673","0.394","0.579","0.95","Bu durumda, Yerel Mahkemece direnme kararı olarak nitelendirilen temyize konu bu kararın, gerçekte bir direnme kararı değil yeni bir hüküm niteliğinde olduğu kabul edilmelidir. HUKUK GENEL KURULU KARARI






Hukuk Genel Kurulu'nca incelenerek direnme kararının süresinde temyiz edildiği anlaşıldıktan ve dosyadaki kağıtlar okunduktan sonra gereği görüşüldü:






İşin esasına girilmeden önce temyize konu kararın direnme kararı niteliğinde olup olmadığı ve temyiz inceleme görev"
"77614900","Yargıtay","Hukuk Genel Kurulu","2012/1065","2012/1438","26.12.2012","hgk","ticaret","y2010_2019","0.673","0.578","0.473","0.95","Açıklanan nedenlerle, Hukuk Genel Kurulu'nun 231.11.2011 günlü bozması doğrultusunda işlem yapılmak üzere mahkemenin 08.05.2012 gün ve 2012/113-188 sayılı kararının bozulması gerekir. Direnme kararının davacı vekili tarafından temyiz edilmesi üzerine Hukuk Genel Kurulu'nun 23.11.2011 gün ve 2011/11-554,684 sayılı ilamıyla direnme kararı;
""Mahkemece dava dilekçesi ve duruşma günü, bozma ilamı, karar düzeltme ilamı, bozma sonrası duruşma günü, direnme kararı ve temyiz dilekçesi"
"77450500","Yargıtay","Hukuk Genel Kurulu","2012/1511","2013/730","22.05.2013","hgk","icra_iflas","y2010_2019","0.673","0.641","0.435","0.95","Ne var ki, eldeki istirdat davasının bir (1) yıllık süre içerisinde açılıp açılmadığı hususu ile işin esasına ilişkin diğer temyiz itirazları incelenmediğinden, bu yönde inceleme yapılmak üzere dosyanın Özel Daire'ye gönderilmesi gerekir. Yerel Mahkemece, önceki kararda direnilmiş; hükmü temyize, davalı vekili getirmiştir
Direnme yoluyla Hukuk Genel Kurulu'nun önüne gelen uyuşmazlık; İİK'nun 72/7.maddesi hükmü uyarınca açılan eldeki istirdat davasının yasal bir (1) yıllık sür"
"77484700","Yargıtay","Hukuk Genel Kurulu","2013/1218","2013/914","26.06.2013","hgk","ticaret","y2010_2019","0.673","0.382","0.585","0.95","HUKUK GENEL KURULU KARARI

 Hukuk Genel Kurulu'ca yapılan inceleme sonunda gereği görüşüldü:
6217 sayılı Kanun'un 30.maddesi ile 6100 sayılı Hukuk Muhakemeleri Kanunu'na eklenen geçici 3.madde atfıyla uygulanmakta olan 1086 sayılı Hukuk Usulü Muhakemeleri Kanunu'nun 429.maddesinde herhangi bir istisna getirilmeden mahkemece direnme kararı verilmesi halinde temyiz incelemesinin Hukuk Genel Kurulu'nca yapılacağı hüküm altına alınmıştır. S O N U Ç : Direnme kararının yasal değiş"
"17082300","Yargıtay","Hukuk Genel Kurulu","2011/285","2011/320","18.05.2011","hgk","usul_hukuk","y2010_2019","0.673","0.699","0.403","0.95","Yerel mahkemece davanın kabulüne karar verilmiş; davalı vekilinin temyizi üzerine bu karar Özel Dairece; arazi niteliğindeki taşınmazın zeminine ekilebilir ürünlerin net gelirine göre; üzerinde bulunan binaya da resmi birim fiyatları esas alınıp, yıpranma payı düşülerek değer biçilip, zemin ve binanın değerleri toplam bedeli üzerinden değer düşüklüğü belirlenmesi gereğine işaretle, hükme esas bilirkişi raporunun hükme varmaya yeterli olmadığından bahisle bozulmuştur. Taraflar"
"52005600","Yargıtay","Ceza Genel Kurulu","2012/1591","2013/103","26.03.2013","cgk","ceza_usul","y2010_2019","0.673","0.513","0.51","0.95","Öte yandan, Ceza Genel Kurulunun 16.12.1997 gün ve 300-317 sayılı kararında da belirtildiği üzere, savunma hakkının sınırlandığından söz edebilmek için, savunmanın hükmü etkileyecek nitelik taşıması ve yargılaması yapılan fiile ilişkin olması gerekir. 2) Cezanın artırılmasını veya cezaya ek olarak güvenlik tedbirlerinin uygulanmasını gerektirecek h&acirc;ller, ilk defa duruşma sırasında ortaya çıktığında aynı hüküm uygulanır."
"77448500","Yargıtay","Hukuk Genel Kurulu","2012/440","2012/826","21.11.2011","hgk","usul_hukuk","y2010_2019","0.672","0.42","0.56","0.95","D) Devletin hüküm ve tasarrufu altında bulunan ormanlar, bu Kanunda hüküm bulunmayan hallerde, özel kanunları hükümlerine tabidir."" denilmek suretiyle kural olarak Devletin hüküm ve tasarrufu altındaki yerlerin olağanüstü zamanaşımı veya başka bir yoldan kazanılması ve tapu siciline tescil edilmesinin olanaklı olmadığı belirtilmiştir. Buna göre, Mahkemece yapılacak araştırma sırasında öncelikle arazinin niteliğinin belirlenmesi gerekir.Bir yerin imar ihya ile kazanılabilmesi "
"77633400","Yargıtay","Ceza Genel Kurulu","2012/1275","2013/419","22.10.2013","cgk","miras","y2010_2019","0.672","0.51","0.51","0.95","Sanıkların güveni kötüye kullanma ve dolandırıcılık suçlarından mahkumiyetlerine karar verilen ve suçun sübutuna ilişkin bir problem ve bu kabulde de dosya kapsamına göre herhangi bir hukuka aykırılık bulunmayan somut olayda, Özel Daire ile Yargıtay Cumhuriyet Başsavcılığı arasında oluşan ve Ceza Genel Kurulunca çözülmesi gereken uyuşmazlıklar;
1) Ulusal Yargı Ağı Bilişim Sistemi üzerinden alınan nüfus kayıt örneğine göre, sanık A.. Uyuşmazlık konularının sırasıyla incelenmes"
"76972100","Yargıtay","Ceza Genel Kurulu","2010/237","2010/242","30.11.2010","cgk","usul_hukuk","y2010_2019","0.672","0.57","0.473","0.95","maddesi uyarınca mükerrirlere özgü infaz rejimine göre çektirilmesine, mükerrir sanık hakkında cezanın infazından sonra denetimli serbestlik tedbirinin uygulanmasına kesin olarak karar verildiği, verilen hükmün, sanığa tebliğini müteakip kesinleştirilmesinden sonra da yasa yararına bozma konusu yapıldığı anlaşılmaktadır. madde uyarınca, h&acirc;kim veya mahkemece verilip istinaf veya temyiz incelemesinden geçmeksizin kesinleşen karar veya hükümlerde, madd&icirc; hukuka veya y"
"77525800","Yargıtay","Ceza Genel Kurulu","2013/114","2013/463","19.11.2013","cgk","is_sgk","y2010_2019","0.672","0.507","0.51","0.95","Bütün bu hükümlerden de anlaşılacağı gibi, menfaat zıtlığını dar anlamda yorumlamamak gerekir. CEZA GENEL KURULU KARARI
Özel Daire ile Yargıtay Cumhuriyet Başsavcılığı arasında oluşan ve Ceza Genel Kurulunca çözümlenmesi gereken uyuşmazlık; parada sahtecilik suçundan cezalandırılmalarına karar verilen sanıklar arasında menfaat çatışması bulunup bulunmadığının, buna bağlı olarak da aynı müdafiinin hukuki yardımından yararlanmalarının savunma hakkının kısıtlanması niteliğinde o"
"86560800","Yargıtay","Hukuk Genel Kurulu","2012/1096","2013/382","20.03.2013","hgk","usul_hukuk","y2010_2019","0.671","0.6","0.454","0.95","Mücbir sebep olarak kabul edilen olayın mutlaka işletenin işletmesi (aracı) dışında oluşan bir olay olması gerekir. Bilindiği üzere; 6100 sayılı HMK’nun Geçici 3.maddesinin (1).fıkra hükmü; “Bölge Adliye Mahkemeleri'nin, 26.09.2004 tarihli ve 5235 sayılı Adli Yargı İlk Derece Mahkemeleri ile Bölge Adliye Mahkemelerinin Kuruluş, Görev ve Yetkileri Hakkında Kanunun geçici 2'nci Maddesi uyarınca Resmî Gazete’de ilan edilecek göreve başlama tarihine kadar, 1086 sayılı Kanunun tem"
"77251100","Yargıtay","Hukuk Genel Kurulu","2011/474","2011/568","28.09.2011","hgk","icra_iflas","y2010_2019","0.671","0.567","0.473","0.95","Mahkemenin dava konusu hakkın mal varlığı hakkı (dava konusunun belirli bir değerle ilgili ) olduğu kanısına varması halinde bu hakkın değerini takdir etmesi ve karar ve ilam harcını bu değer üzerinden hesaplayarak, davacıya tamamlattırması gerekir. Şu kadar ki, ölüm ve cismani zarar sebebiyle açılan maddi ve manevi tazminat davalarında peşin alınan harcın oranı yirmide bir olarak uygulanır."
"76984600","Yargıtay","Hukuk Genel Kurulu","2011/52","2011/221","27.04.2011","hgk","is_sgk","y2010_2019","0.671","0.44","0.548","0.95","Davacının aynı işyerinde çalışmaya devam ettiği hususu tartışmasız olup; çalışma kesintisiz devam ettiğine göre, 506 sayılı Sosyal Sigortalar Kanunu'nun 79/10 maddesinde yer alan ""hizmet"" kavramının, somut olay yönünden hem sigortalı hem de emekli sandığı hizmeti birlikte değerlendirilmek suretiyle belirlenmesi ve hak düşürücü sürenin hesabında da bu belirlemenin esas alınması gerekir. Dosyanın bu inceleme yapılmak üzere Özel Daireye gönderilmesi gerekir."
"52024700","Yargıtay","Ceza Genel Kurulu","2012/1296","2013/70","26.02.2013","cgk","ceza_genel","y2010_2019","0.671","0.502","0.51","0.95","İncelenen dosya içeriğinden;

 24.12.2003 tarihinde gerçekleştirildiği iddia olunan eylem nedeniyle sanık hakkında hırsızlık suçundan açılan kamu davasında, dava zamanaşımını kesen en son işlemin 16.10.2008 tarihli mahk&ucirc;miyet hükmü olduğu ve zamanaşımını durduran bir neden de bulunmadığı anlaşılmaktadır. Ceza Genel Kurulunun 26.06.2012 gün ve 978-250 ile 23.01.2007 gün ve 254-5 sayılı kararları başta olmak üzere birçok kararında da açıkça vurgulandığı gibi, yargılama ya"
"77441800","Yargıtay","Hukuk Genel Kurulu","2013/20","2013/868","19.06.2013","hgk","is_sgk","y2010_2019","0.67","0.346","0.598","0.95","Tarafların karşılıklı iddia ve savunmalarına, dosyadaki tutanak ve kanıtlara, bozma kararında açıklanan gerektirici nedenlere ve özellikle iş kazası sonucunda davacıda iş göremezlik derecesi, olayın meydana geldiği tarihteki paranın alım gücü dikkate alındığında hükmedilen manevi tazminat miktarının fazla olduğunun anlaşılmasına göre, Hukuk Genel Kurulu'nca da benimsenen Özel Daire bozma kararına uyulmak gerekirken, önceki kararda direnilmesi usul ve yasaya aykırıdır. İş Mahk"
"76493200","Yargıtay","Hukuk Genel Kurulu","2013/115","2013/1332","11.09.2013","hgk","esya_tapu","y2010_2019","0.67","0.656","0.42","0.95","O halde; anılan işlemler yapılıp, eksikler giderildikten ve ölen davalı yönünden temyiz süresi beklendikten sonra temyiz incelemesine gönderilmek üzere dosyanın mahalline geri çevrilmesi gerekir. Şu durumda mahkemece yapılacak iş; davalılardan Naci'nin nüfus kaydının celbi ile ölüp ölmediğinin tespiti; ölmüş ise öncelikle ölüm tarihinin belirlenmesi; veraset ilamının dosya içine alınması, veraset ilamında adı geçen şahsıların adreslerinin tespit edilerek direnme kararının ve "
"77031000","Yargıtay","Ceza Genel Kurulu","2011/84","2011/55","19.04.2011","cgk","ceza_ozel","y2010_2019","0.67","0.672","0.41","0.95","Diğer taraftan yerleşmiş ve tartışmasız yargısal kararlarla da; temyiz yasa yoluna tabi olmayan kararların tekerrüre esas alınamayacağı, dolayısıyla da ceza kararnamesi ile verilen cezaların da tekerrüre esas olamayacağı kabul edilmiştir. Ceza Genel Kurulunun yerleşmiş kararlarında da vurgulandığı üzere, Ceza Genel Kurulunca inceleme yapılırken, Özel Daire kararının hukuka aykırı görülerek kaldırılması ve yerel mahkeme hükmünün esastan veya usulden bozulması halinde, itirazın"
"77398400","Yargıtay","Hukuk Genel Kurulu","2013/19","2013/817","12.06.2013","hgk","icra_iflas","y2010_2019","0.669","0.343","0.598","0.95","Hal böyle olunca; aynı hususa işaret eden ve Hukuk Genel Kurulu'nca da benimsenen Özel Daire bozma kararına uyulması gerekirken, önceki kararda direnilmesi usul ve yasaya aykırıdır. Hemen belirtmek gerekir ki; tebliğ ile ilgili 7201 sayılı Tebligat Kanunu ve Yönetmelik (tebligatın yapıldığı tarihte yürürlükte bulunan Tebligat Tüzüğü) hükümleri tamamen şeklidir."
"77670500","Yargıtay","Hukuk Genel Kurulu","2013/196","2013/1400","25.09.2013","hgk","aile","y2010_2019","0.669","0.581","0.461","0.95","Yerel mahkemece, asıl davanın kabulü ile velayetin davacı babaya verilmesine, annenin birleşen iştirak nafakası talebine ilişkin davanın kısmen kabulüne dair verilen karar, davalı-birleşen dava davacısı kadın vekilinin temyizi üzerine, Özel Daire tarafından yukarıda açıklanan gerekçelerle bozulmuş, mahkemece bozma ilamının velayete ilişkin (1) numaralı bendine direnilmiştir. S O N U Ç: Yukarıda açıklandığı üzere işlem yapılarak, anılan eksikler tamamlandıktan sonra temyiz inc"
"77131000","Yargıtay","Ceza Genel Kurulu","2011/135","2011/140","21.06.2011","cgk","ceza_genel","y2010_2019","0.669","0.377","0.578","0.95","CEZA GENEL KURULU KARARI
Sanığın kaçakçılık suçundan cezalandırılmasına karar verilen olayda, Özel Daire ile Yargıtay Cumhuriyet Başsavcılığı arasında oluşan ve Ceza Genel Kurulunca çözümlenmesi gereken uyuşmazlık; yakınanın zararının ne olduğu belirlenmeden ve sanıktan, belirlenen bu zararı giderip gidermeyeceği sorulmadan, yerel mahkemece hükmün açıklanmasının geri bırakılmasına yer olmadığına karar verilmesinin isabetli olup olmadığının belirlenmesine ilişkindir. Başlangıç"
"77166400","Yargıtay","Hukuk Genel Kurulu","2010/607","2010/663","15.12.2010","hgk","usul_hukuk","y2010_2019","0.668","0.221","0.665","0.95","Öteki deyişle, kural olarak hak arayan kişiler öncelikle mahkemelere başvuracaktır. HUKUK GENEL KURULU KARARI

 Hukuk Genel Kurulu'nca incelenerek direnme kararının süresinde temyiz edildiği anlaşıldıktan ve direnme kararının verildiği tarih itibariyle H.U.M.K.2494 sayılı Yasa ile değişik 438/II.fıkrası hükmü gereğince duruşma isteğinin reddine karar verilip dosyadaki kağıtlar okunduktan sonra gereği görüşüldü:
Dava, haksız eylem nedeniyle maddi ve manevi tazminat istemine il"
"17001000","Yargıtay","Hukuk Genel Kurulu","2010/255","2010/347","23.06.2010","hgk","ticaret","y2010_2019","0.668","0.402","0.56","0.95","I) İhbar olunan vekilinin temyiz itirazlarının incelenmesinde; 






İhbar olunanın davada taraf sıfatı bulunmadığı gibi, usulüne uygun bir şekilde davaya müdahalesi söz konusu olmadığından direnme hükmüne yönelik temyiz dilekçesinin reddi gerekir. Hukuk Genel Kurulu'nca incelenerek direnme kararının süresinde temyiz edildiği anlaşıldıktan ve direnme kararının verildiği tarih itibariyle HUMK.nun 2494 sayılı Yasa ile değişik 438/II.fıkrası hükmü gereğince duruşma isteğinin re"
"17160200","Yargıtay","Hukuk Genel Kurulu","2011/575","2011/697","23.11.2011","hgk","is_sgk","y2010_2019","0.668","0.336","0.598","0.95","Ancak, bu kimselerin aynı Kanunun 3.maddesinde sayılan istisnalara girmemesi gerekir. HUKUK GENEL KURULU KARARI





 
Hukuk Genel Kurulu'nca incelenerek direnme kararının süresinde temyiz edildiği anlaşıldıktan ve dosyadaki kağıtlar okunduktan sonra gereği görüşüldü:





 
Dava, sigortalılığın başlangıç tarihinin tespiti istemine ilişkindir."
"17210200","Yargıtay","Hukuk Genel Kurulu","2010/473","2010/520","20.10.2010","hgk","usul_hukuk","y2010_2019","0.668","0.459","0.529","0.95","Öncelikle belirtmek gerekir ki, yerel mahkemece hem hak düşürücü süre dolduğundan hem de esastan davanın reddine karar verilmiş olup; hak düşürücü sürenin dolduğundan bahisle davanın reddedildiği durumda işin esası incelenmeyeceğinden aynı zamanda esas hakkında da karar verilemez. HUKUK GENEL KURULU KARARI






Hukuk Genel Kurulu'nca incelenerek direnme kararının süresinde temyiz edildiği anlaşıldıktan ve dosyadaki kağıtlar okunduktan sonra gereği görüşüldü:






Davacı, de"
"77444200","Yargıtay","Hukuk Genel Kurulu","2013/581","2013/1692","25.12.2013","hgk","aile","y2010_2019","0.668","0.339","0.598","0.95","Bu itibarla, yukarıda açıklanan ilke göz önüne alındığında; tarafların karşılıklı iddia ve savunmalarına, dosyadaki tutanak ve kanıtlara, bozma kararında açıklanan gerektirici nedenlere ve özellikle davalı kadına yönelik herhangi bir kusurun iddia ve ispat edilmemiş olmasına göre, Hukuk Genel Kurulu'nca da benimsenen Özel Daire bozma kararına uyulmak gerekirken, önceki kararda direnilmesi usul ve yasaya aykırıdır. Az kusurlu eşin davaya karşı çıkması hakkın kötüye kullanılmas"
"17159200","Yargıtay","Hukuk Genel Kurulu","2011/731","2011/690","23.11.2011","hgk","borclar","y2010_2019","0.668","0.552","0.473","0.95","Ne var ki, işin esasına yönelik temyiz itirazları Özel Dairece incelenmediğinden, dosyanın Dairesine gönderilmesi gerekir…



…""





Gerekçesiyle, göreve ilişkin direnmenin yerinde olup, işin esasına yönelik temyiz itirazlarının incelenmesi için dosyanın 15. Hal böyle olunca, davacılar vekilinin hiçbir karar düzeltme nedeni içermeyen 12.07.2011 havale ve harç tarihli karar düzeltme dilekçesinin, hukuki yarar yokluğundan reddi gerekir."
"477527800","Yargıtay","Ceza Genel Kurulu","2011/198","2011/240","22.11.2011","cgk","ceza_genel","y2010_2019","0.668","0.458","0.529","0.95","CEZA GENEL KURULU KARARI
Sanığın taksirle ölüme ve yaralanmaya neden olma suçundan cezalandırılmasına karar verilen olayda, Özel Daire ile yerel mahkeme arasında oluşan ve Ceza Genel Kurulunca çözümlenmesi gereken uyuşmazlık; suçun sanık tarafından işlenip işlenmediğinin belirlenmesine ilişkindir. kilometreye geldiğinde yorgun ve dalgın araç kullandığından, aracı gidişe göre sağ banket üzerine devirmesi sonucu yaralamalı ve maddi hasarlı trafik kazası meydana gelmiştir."
"45605500","Yargıtay","Ceza Genel Kurulu","2012/1309","2013/258","21.05.2013","cgk","usul_hukuk","y2010_2019","0.668","0.403","0.56","0.95","CEZA GENEL KURULU KARARI

 Özel Daire çoğunluğu ile Yargıtay Cumhuriyet Başsavcılığı arasında oluşan ve Ceza Genel Kurulunca çözümlenmesi gereken uyuşmazlık; sanığın atılı hırsızlık suçunu işleyip işlemediğinin belirlenmesine ilişkindir."
"77419200","Yargıtay","Ceza Genel Kurulu","2013/346","2013/199","30.04.2013","cgk","miras","y2010_2019","0.668","0.491","0.51","0.95","hakkında kurulan hükümlerle sınırlı olarak yapılmış olup, Özel Daire ile Yargıtay Cumhuriyet Başsavcılığı arasında oluşan ve Ceza Genel Kurulunca çözümlenmesi gereken uyuşmazlık; çıkartılan nüfus kaydında sanığın temyiz aşamasında öldüğünün belirtilmesi halinde yapılması gereken işlemin belirlenmesine ilişkindir. maddesinde; sanığın ölümü durumunda kamu davasının düşürüleceği, sadece niteliği itibarıyla müsadereye t&acirc;bi olan eşya ve yararlar hakkında yargılamaya devam ed"
"77411600","Yargıtay","Hukuk Genel Kurulu","2012/1624","2013/839","14.06.2013","hgk","ticaret","y2010_2019","0.667","0.452","0.529","0.95","HUKUK GENEL KURULU KARARI

 Hukuk Genel Kurulu'nca incelenerek direnme kararının süresinde temyiz edildiği anlaşıldıktan ve dosyadaki kağıtlar okunduktan sonra gereği görüşüldü:
Dava, kooperatif ortağına tahsis edilen bağımsız bölümün, üçüncü kişi adına tescilinin usulsüz olduğu iddiasıyla tapu iptali ve tescil istemine ilişkindir. Mahkemece, ""davalılardan N.'ın parasını ödeyerek söz konusu daireyi TMK 1023 maddesi uyarınca Tapu Siciline güvenerek satın aldığı, dolayısı ile s"
"77278500","Yargıtay","Hukuk Genel Kurulu","2011/717","2011/624","12.10.2011","hgk","usul_hukuk","y2010_2019","0.667","0.43","0.541","0.95","Belirtilen nedenlerle; aynı yöne işaret eden ve Hukuk Genel Kurulu'nca da benimsenen Özel Daire bozma kararına uyulmak gerekirken, eksik inceleme sonucu davanın kabulüne dair verilen kararda direnilmesi usul ve yasaya aykırıdır. Direnme kararının davacı vekilince temyizi üzerine Hukuk Genel Kurulu;
""&hellip; 1- Özel Daire bozma ilamının (1) numaralı bendinde yer alan bozma gerekçesi yönünden; &hellip; Yerel Mahkemece; zemin paydaşlarının da eldeki davada taraf olmadıkları göz"
"86220000","Yargıtay","Hukuk Genel Kurulu","2012/1084","2013/401","27.03.2013","hgk","aile","y2010_2019","0.667","0.366","0.579","0.95","Tarafların karşılıklı iddia ve savunmalarına, dosyadaki tutanak ve kanıtlara, bozma kararında açıklanan gerektirici nedenlere göre evlilik birliğinin temelinden sarsılmasına neden olan olaylarda iki tarafın da eşit kusurlu olduğunun kabulü gerektiğinden, Hukuk Genel Kurulu’nca da benimsenen Özel Daire bozma kararına uyulmak gerekirken, önceki kararda direnilmesi usul ve yasaya aykırıdır. Davacı vekili, tarafların 2009 yılında evlendiklerini, davalı kadının müvekkiline hakaret"
"77640500","Yargıtay","Hukuk Genel Kurulu","2012/776","2012/1201","12.12.2013","hgk","ticaret","y2010_2019","0.667","0.592","0.449","0.95","Hukuk Genel Kurulu'nun kararı gereğince, işin esasına yönelik temyiz istemlerinin Özel Dairesince incelenmesi gerekir. Karar düzeltme hakkının kullanılabilmesi amacıyla dosya mahkemesine gönderilmiş, Yargıtay Hukuk Genel Kurulu'na ait 28.03.2012 günlü karar taraflara tebliğ edilmiş, karar düzeltme hakkının kullanılmaması nedeniyle 12.10.2011 tarihli mahkeme kararına yönelik temyiz incelemesinin yapılması amacıyla dosya Yargıtay 19."
"77467000","Yargıtay","Hukuk Genel Kurulu","2013/37","2013/890","26.06.2013","hgk","esya_tapu","y2010_2019","0.667","0.611","0.438","0.95","Bu nedenle Yargıtay incelemesinin sağlıklı bir şekilde yapılabilmesi için, dava konusu 677 parsel numaralı taşınmazın hangi taşınmazlara tedavül gördüğü ve bu taşınmazlarda davacının payının bulunup bulunmadığı konusunda, tapu sicil müdürlüğünden taşınmaza ait tüm tedavül kayıtlarının getirtilmesi gerekmektedir. Ne var ki, dosyada yapılan incelemede, davalı vekilinin ibraz ettiği 158 ada, 1 parsel, D 21 blok, 5 ve 6 numaralı bağımsız bölümler ile dava konusu 677 parsel numara"
"16948200","Yargıtay","Ceza Genel Kurulu","2010/10","2010/7","26.01.2010","cgk","ceza_genel","y2010_2019","0.667","0.613","0.435","0.95","maddenin uygulanmasına dair hüküm fıkralarına * sanık hakkında





mükerrirlere özgü infaz rejiminin ve cezanın infazından sonra denetimli





serbestlik tedbirinin uygulanmasına' ibaresinin eklenmesine karar verilmek





suretiyle düzeltilen hükümlerin tebliğnamedeki düşünce gibi onanmasına""





karar verilmiştir. maddesinin uygulanması yasaya aykırılık oluşturmaktadır"" gerekçeleri ile itiraz yasa yoluna başvurularak,





 
Yargıtay Birinci Ceza Dairesi'nin 03.07.2008 g"
"52073900","Yargıtay","Ceza Genel Kurulu","2012/1242","2012/1822","31.10.2012","cgk","ceza_genel","y2010_2019","0.667","0.486","0.51","0.95","maddesinde, yasalarda aksine bir hüküm bulunmadıkça kamu davasının maddede yazılı sürelerin geçmesiyle ortadan kalkacağı düzenlenmiş, aynı maddenin dördüncü fıkrasında da, beş seneden fazla olmamak üzere hapis ya da para cezalarını gerektiren suçlarda bu sürenin beş sene olacağı hüküm altına alınmıştır. Ceza Genel Kurulunun 26.06.2012 gün ve 978-250 ile 23.01.2007 gün ve 254&ndash;5 sayılı kararları başta olmak üzere birçok kararında da vurgulandığı üzere, yargılama yapılması"
"76736000","Yargıtay","Ceza Genel Kurulu","2009/258","2010/33","23.02.2010","cgk","ceza_genel","y2010_2019","0.667","0.617","0.435","0.95","Bu itibarla, Yargıtay Cumhuriyet Başsavcılığı itirazının bu değişik gerekçe ile kabulü ile Özel Dairenin görevliye direnme suçuyla ilgili bozma kararının kaldırılmasına, yerel mahkeme hükmünün diğer yönleri incelenmeksizin imza eksikliği nedeniyle bozularak, dosyanın yerel mahkemeye gönderilmesi için Yargıtay Cumhuriyet Başsavcılığına tevdiine karar verilmelidir. Ceza Dairesinin 02.11.2009 gün ve 9052-13412 sayılı görevliye direnme suçundan verilmiş hükme ilişkin bozma kararı"
"76994600","Yargıtay","Hukuk Genel Kurulu","2011/172","2011/248","29.04.2011","hgk","is_sgk","y2010_2019","0.666","0.267","0.634","0.95","HUKUK GENEL KURULU KARARI

 Hukuk Genel Kurulunca incelenerek direnme kararının süresinde temyiz edildiği anlaşıldıktan ve dosyadaki kağıtlar okunduktan sonra gereği görüşüldü:
Dava, sigortalılık başlangıç tarihinin ve yaşlılık aylığına hak kazandığının tespiti ile aylık bağlanmasına karar verilmesi istemine ilişkindir. Davacı vekili, müvekkilinin yurtdışında çalıştığı süreleri 3201 sayılı Kanun uyarınca borçlandığını ve borçlanma ile kazanılan sigortalılık süreleri dikkate a"
"76709200","Yargıtay","Hukuk Genel Kurulu","2010/85","2010/94","17.02.2010","hgk","is_sgk","y2010_2019","0.666","0.394","0.56","0.95","Bu nedenle: Aynı yöne işaret eden ve Hukuk Genel Kurulu'nca da benimsenen Özel Daire Bozma kararına uyulmak gerekirken, yanılgılı gerekçe ile önceki kararda direnilmesi usul ve yasaya aykırı olup; kararın bozulması gerekir. maddesine göre, süresi belirli olsun veya olmasın işçinin bazı hallerde iş sözleşmesini süresinin bitiminden önce veya bildirim süresini beklemeksizin feshedebileceği açıklanmış, bu haklı fesih hallerinin ""Ahlak ve iyiniyet kurallarına uymayan haller ve be"
"17157600","Yargıtay","Hukuk Genel Kurulu","2011/817","2011/709","23.11.2011","hgk","is_sgk","y2010_2019","0.666","0.599","0.441","0.95","HUKUK GENEL KURULU KARARI






Hukuk Genel Kurulu'nca incelenerek dosyadaki kağıtlar okunduktan sonra gereği görüşüldü: 





 
6100 sayılı Hukuk Muhakemeleri Kanunu (HMK)'nun; 





 
""Vekaletnamenin İbrazı"" başlıklı 76.maddesinde: 





 
""(1) Avukat, açtığı veya takip ettiği dava ve işlerde, noter tarafından onaylanan ya da düzenlenen vekâletname aslını veya avukat tarafından onaylanmış aslına uygun örneğini, dava yahut takip dosyasına konulmak üzere ibraz etmek zorundadı"
"477280700","Yargıtay","Ceza Genel Kurulu","2011/324","2011/298","27.12.2011","cgk","is_sgk","y2010_2019","0.666","0.447","0.529","0.95","Sanığın resmi belgede sahtecilik suçundan cezalandırılmasına karar verilen olayda, Özel Daire ile Yargıtay Cumhuriyet Başsavcılığı arasında oluşan ve Ceza Genel Kurulunca çözümlenmesi gereken uyuşmazlık; Yargıtay Cumhuriyet Başsavcılığınca düzenlenen ve sanık aleyhine olacak şekilde onama istemli olan tebliğnamenin, sanık müdafiine usulüne uygun olarak tebliğ edilip edilmediğinin belirlenmesine ilişkindir. tarafından temyiz edildiği,
Yargıtay Cumhuriyet Başsavcılığınca 15.07."
"77052700","Yargıtay","Ceza Genel Kurulu","2011/62","2011/68","26.04.2011","cgk","icra_iflas","y2010_2019","0.666","0.576","0.454","0.95","494 üncü maddenin 2, 3 ve 4 numaralı bentleri ile 521 a ve 521 b maddelerinde yazılı cürümlerden dolayı da yukarıdaki fıkralar hükümleri uygulanır"" şeklindedir. maddeleri uyarınca cezalandırılmasına karar verilen somut olayda, Özel Daire ile Yargıtay C.Başsavcılığı arasında oluşan ve Ceza Genel Kurulunca çözümlenmesi gereken uyuşmazlık, 01.01.1986 doğumlu olan sanık hakkında, 16.07.2003 tarihinde işlediği kamu malına zarar verme ve görevli memura hakaret suçlarından hüküm kur"
"76762700","Yargıtay","Hukuk Genel Kurulu","2010/163","2010/195","31.03.2010","hgk","icra_iflas","y2010_2019","0.665","0.388","0.56","0.95","1-Özel Dairenin kira alacağına ilişkin bozma nedeni yönünden:
Tarafların karşılıklı iddia ve savunmalarına, dosyadaki tutanak ve kanıtlara ve aynı yöne işaret eden bozma kararında açıklanan gerektirici nedenlere göre, yerel Mahkemece, Hukuk Genel Kurulu'nca da benimsenen Özel Daire bozma kararına uyulmak gerekirken önceki kararda direnilmesi usul ve yasaya aykırıdır. 2-Özel Dairenin davacı aleyhine hükmedilen icra inkar tazminatına ilişkin bozma nedeni yönünden:
Yerel mahkeme"
"76705100","Yargıtay","Hukuk Genel Kurulu","2010/61","2010/84","17.02.2010","hgk","icra_iflas","y2010_2019","0.665","0.23","0.653","0.95","O halde, Hukuk Genel Kurulu'nca da benimsenen Özel Daire bozma kararına uyulmak gerekirken, önceki kararda direnilmesi usul ve yasaya aykırıdır. Borçlar Kanunu'nda, sorumluluğun üçüncü genel kaynağı olarak öngörülen sebepsiz zenginleşmeden söz edilebilmesi için; bir taraf zenginleşirken diğerinin fakirleşmesi, zenginleşme ve fakirleşme arasında uygun nedensellik bağının bulunması ve zenginleşmenin hukuken geçerli bir nedene dayalı olmaması gerekir."
"77620300","Yargıtay","Hukuk Genel Kurulu","2013/75","2013/1612","27.11.2013","hgk","usul_hukuk","y2010_2019","0.665","0.476","0.51","0.95","tarafından direnme kararının temyizine ilişkin verilen dilekçenin 02.03.2012 tarihinde harcı yatırıldıktan sonra aynı gün hakim havalesinin yapılarak temyiz defterine kaydının yapılmış olması karşısında, davacı vekilinin direnmeyi temyizinin yasal süresinde olup olmadığı, ön sorun olarak ele alınmıştır. Bilindiği üzere, 6217 Sayılı Kanunun 30.maddesi ile 6100 sayılı Hukuk Muhakemeleri Kanunu'na eklenen ""Geçici Madde 3"" atfıyla uygulanmakta olan 1086 sayılı Hukuk Usulü Muhakem"
"76894400","Yargıtay","Hukuk Genel Kurulu","2010/403","2010/403","22.09.2010","hgk","usul_hukuk","y2010_2019","0.665","0.604","0.435","0.95","Bu maddeler hükmünce kararların alenen tefhim edilmesi gerekir. Bu kararın davalı vekilinin temyizi üzerine Özel Dairece bozulmasından sonra mahkemece önceki kararda direnildiği ifade edilmiş ise de verilen kararda ""davacının davasının kabulü ile kurum tarafından yersiz ödeme nedeniyle çıkarılan miktar itibariyle kuruma borçlu olmadığının tespitine"" karar verilmiş; ancak ilk hükümde yer almasına karşın onunla çelişki oluşturacak şekilde direnmede ""kurumun karşı işleminin ipta"
"76894000","Yargıtay","Hukuk Genel Kurulu","2010/454","2010/401","22.09.2010","hgk","ticaret","y2010_2019","0.665","0.564","0.459","0.95","Mahkemece, davanın kısmen kabulüne hükmedilmiş; Özel Dairece bozulması üzerine de önceki kararda direnildiğinden bahisle karar verilmiş; ancak Hukuk Genel Kurulunca mahkemenin bu kararının teknik anlamda direnme olmayıp, yeni hüküm olduğu gerekçesiyle dosyanın temyiz incelemesi yapılmak üzere Özel Daireye gönderilmesine karar verilmiştir. Mahkemece yapılacak iş; Hukuk Genel Kurulu kararının taraflara tebliği ile oluşacak duruma göre dosyayı ya karar gereğince Özel Daireye ya "
"76803000","Yargıtay","Ceza Genel Kurulu","2009/174","2010/92","27.04.2010","cgk","is_sgk","y2010_2019","0.665","0.774","0.338","0.95","hakkında verilen 17.12.2002 tarihli ön inceleme izni üzerine, Ulaştırma Bakanlığı müfettişlerince düzenlenen 24.03.2003 gün ve 2/2 sayılı inceleme raporunda, konunun genel hükümler uyarınca soruşturulması gerektiği, 4483 sayılı Yasaya göre de soruşturma izni verilmesini gerektirir bir işlem bulunmadığı belirtilmesi üzerine, genel hükümler uyarınca işlem yapılmak üzere evrak ekleriyle birlikte İzmir C.Başsavcılığına gönderilmiştir. Ancak yılda binin üzerinde gözlük reçetesi ve"
"45607500","Yargıtay","Ceza Genel Kurulu","2012/1538","2013/255","21.05.2013","cgk","usul_hukuk","y2010_2019","0.665","0.476","0.51","0.95","CEZA GENEL KURULU KARARI

 Yargıtay Cumhuriyet Başsavcılığı ile Özel Daire arasında oluşan ve Ceza Genel Kurulunca çözümlenmesi gereken uyuşmazlık, kanun yararına bozma nedeninin sanık hakkında daha az ceza verilmesini gerektirmesi halinde, lehe olan cezaya Özel Dairece mi yoksa yerel mahkemece mi hükmolunacağının belirlenmesine ilişkindir. maddesi uyarınca h&acirc;kim veya mahkemece verilip, istinaf veya temyiz incelemesinden geçmeksizin kesinleşen karar veya hükümlerde, mad"
"52039300","Yargıtay","Ceza Genel Kurulu","2012/1280","2012/1864","25.12.2012","cgk","ceza_genel","y2010_2019","0.665","0.475","0.51","0.95","CEZA GENEL KURULU KARARI

 Yargıtay C.Başsavcılığı ile Özel Daire arasında oluşan ve Ceza Genel Kurulunca çözümlenmesi gereken uyuşmazlık; sanık hakkında 5237 sayılı TCK'nun 157/1 maddesi gereğince 1 ila 5 yıl hapis cezasını gerektiren dolandırıcılık suçundan hüküm kurulurken temel hürriyeti bağlayıcı cezanın üst sınırdan 5 yıl olarak belirlenmesinin isabetli olup olmadığı noktasında toplanmaktadır. maddesine uygun olarak, suçun işleniş biçimi, işlenmesinde kullanılan araçlar"
"77138800","Yargıtay","Ceza Genel Kurulu","2011/112","2011/153","28.06.2011","cgk","ceza_genel","y2010_2019","0.665","0.672","0.398","0.95","Başsavcılığınca 19.01.2006 gün ve 1577 sayı ile sanık Ramazan Efe hakkında 27.04.2005 tarihinde işlediği taksirle yaralama suçundan cezalandırılması istemiyle kamu davası açıldığı, 
Yerel mahkemece 765 sayılı TCY ve 5237 sayılı TCY hükümleri karşılaştırılarak lehe yasa değerlendirmesi yapıldığı, 
5237 sayılı TCY hükümlerinin lehe olduğunun belirlenmesi sonucunda, aynı Yasanın 89/1. maddesi kapsamında kalan eylem için yasada öngörülen seçimlik yaptırımlardan adli para cezası t"
"76737400","Yargıtay","Ceza Genel Kurulu","2010/7","2010/37","23.02.2010","cgk","usul_hukuk","y2010_2019","0.665","0.734","0.36","0.95","maddesinden cezalandırılması istemiyle kamu davası açıldığı, yerel mahkeme tarafından sanığın 01.03.2001 tarihinde Van Atatürk Lisesi duvarına terör örgütünün propagandası niteliğinde yazı yazılması eylemini gerçekleştirdiği kabul edilerek hakkında 765 sayılı TCY'nın 169. Ağır Ceza Mahkemesinin 21.03.2007 gün ve 213-79 sayılı hükmü&not;nün sanık T....Ç...yönünden gerçekleşen zamanaşımı nedeniyle BOZULMASINA, ancak bu husus yeniden yargılama yapılmasını gerektirmediğinden 5320"
"45623700","Yargıtay","Hukuk Genel Kurulu","2012/1038","2013/377","20.03.2013","hgk","ticaret","y2010_2019","0.664","0.32","0.598","0.95","HUKUK GENEL KURULU KARARI

 

 Hukuk Genel Kurulunca incelenerek direnme kararının süresinde temyiz edildiği anlaşıldıktan ve dosyadaki kağıtlar okunduktan sonra gereği görüşüldü:

 Dava, İİK'nun 67.maddesine dayalı olarak açılmış olup, davalı tarafın hakkındaki icra takibine yönelik itirazlarının iptali istemine ilişkindir. Davacının dayandığı davalı ile yapılan 15.02.2007 tarihli Sözleşmede, aracılık hizmetine konu taşınmazın davalı dışında hangi şahıslar tarafından alınmas"
"17003900","Yargıtay","Hukuk Genel Kurulu","2010/336","2010/396","14.07.2010","hgk","usul_hukuk","y2010_2019","0.664","0.45","0.523","0.95","Devletin ""tapu sicilinin tutulmasından doğan sorumluluğuna"" ilişkin olarak, kusursuz sorumluluk/ağırlaştırılmış sebep/ağırlaştırılmış objektif sorumluluk/ tehlike sorumluluğuna ilişkin kurallar uygulanır. Özel Daire ile yerel mahkeme arasındaki uyuşmazlık; davacının iddiasının açıklanan içeriği ve ileri sürülüş biçimi dikkate alındığında tapu sicil müdürlüğüne husumet düşüp düşmeyeceği, düşeceği kabul edilirse Belediye ve Hazinenin de davalı yanında yer almasının zorunlu olup"
"76941100","Yargıtay","Hukuk Genel Kurulu","2011/2","2011/140","13.04.2011","hgk","miras","y2010_2019","0.664","0.451","0.523","0.95","Mahkemece istem kısmen kabul edilmiş, davalı vekilinin temyizi üzerine yukarıda başlık bölümüne aynen alınan gerekçe ile mahkeme kararı bozulmuştur. HUKUK GENEL KURULU KARARI

 Hukuk Genel Kurulunca incelenerek direnme kararının süresinde temyiz edildiği anlaşıldıktan ve dosyadaki kağıtlar okunduktan sonra gereği görüşüldü: 
Dava, trafik zorunlu mali sorumluluk sigortası poliçesiyle sigortalı aracın, sürücü belgesi olmayan sürücü tarafından kullanılırken, karıştığı kaza sonuc"
"77408500","Yargıtay","Hukuk Genel Kurulu","2012/1843","2013/828","12.06.2013","hgk","icra_iflas","y2010_2019","0.664","0.407","0.548","0.95","Hukuk Genel Kurulu'ndaki görüşmeler sırasında, işin esasının incelenmesinden önce, yerel mahkeme kararının direnme kararı mı, yeni bir karar mı olduğu, dolayısıyla temyiz incelemesinin Hukuk Genel Kurulu'nca mı, yoksa Özel Dairece mi yapılması gerektiği hususu ön sorun olarak tartışılıp değerlendirilmiştir. Yerel Mahkemenin ilk kararının gerekçesinde dayandığı hukuki olgunun yanında veya dışında yeni bir hukuki olguya dayanarak ve gerekçesini de bu yeni hukuki olgu yönünde de"
"77707900","Yargıtay","Hukuk Genel Kurulu","2013/1528","2013/1379","25.09.2013","hgk","usul_hukuk","y2010_2019","0.664","0.586","0.443","0.95","HUKUK GENEL KURULU KARARI

 Hukuk Genel Kurulunca incelenerek dosyadaki kağıtlar okunduktan sonra gereği görüşüldü: 
Vekil ile takip edilen davalarda vekaletnamenin ibrazını düzenleyen 6100 sayılı HMK'nun 76., vekaletnamesiz dava açılması ve işlem yapılması halini düzenleyen HMK'nun 77. Temyiz aşamasında iken davalı vekili 11/09/2013 tarihli dilekçe ile temyiz hakkından feragat dilekçesi vermiş, talimat mahkemesince feragat dilekçesinin altına kimlik tespiti yapılmadan Hukuk "
"77558700","Yargıtay","Ceza Genel Kurulu","2013/552","2013/518","26.11.2013","cgk","ceza_usul","y2010_2019","0.664","0.645","0.41","0.95","T.'un; sanığın ablası olduğunu, sanığın evlerinin karşısında bulunan mağdurenin evine gidip geldiğini, kendisini uyardığını ve yetişkin kızları bulunduğunu söylediğini, altı ay sonra aralarında duygusal ilişki olduğunu öğrendiğini, mağdure ile görüştüğünü, mağdurenin kardeşini sevdiğini ve evleneceğini söylediğini, üç ay sonra birlikte kaçtıklarını, üç dört gün sonra eve g CEZA GENEL KURULU KARARI
Özel Daire ile Yargıtay Cumhuriyet Başsavcılığı arasında oluşan ve Ceza Genel K"
"76960200","Yargıtay","Ceza Genel Kurulu","2010/180","2010/233","23.11.2010","cgk","usul_hukuk","y2010_2019","0.664","0.535","0.473","0.95","maddeleri uyarınca günlüğü 20 Liradan 300 Lira adli para cezasına çevrilmesine ve ""adli para cezasının ertelenmesi mümkün bulunmamakla birlikte, inceleme konusu 17.06.2009 tarihli kararda erteleme hükmünün uygulanması sanık yönünden kazanılmış hak oluşturdu&not;ğundan, hükmolunan cezanın TCK'nun 51. Görüldüğü üzere Özel Daire ile Yargıtay Cumhuriyet Başsavcılığı arasında oluşan ve Ceza Genel Kurulunca çözümlenmesi gereken uyuşmazlık; hükümlü hakkında verilen ve temyiz edilmek"
"52041400","Yargıtay","Ceza Genel Kurulu","2012/406","2012/1868","25.12.2012","cgk","icra_iflas","y2010_2019","0.664","0.47","0.51","0.95","CEZA GENEL KURULU KARARI

 İnceleme, sanık Uğur hakkında kasten öldürme suçuna yardım etmekten kurulan hükümle sınırlı olarak yapılmış olup, Özel Daire ile yerel mahkeme arasında oluşan ve Ceza Genel Kurulunca çözümlenmesi gereken uyuşmazlık; sanığın üzerine atılı kasten öldürme suçuna yardım etme fiilinin sabit olup olmadığının belirlenmesine ilişkindir. 1- Maddi yardım: Bir suçun işlenmesine maddi yardımda bulunma çok çeşitli şekillerde ortaya çıkmakla birlikte maddede;

 a"
"52069500","Yargıtay","Ceza Genel Kurulu","2012/655","2012/1823","31.10.2012","cgk","ceza_usul","y2010_2019","0.664","0.474","0.51","0.95","CEZA GENEL KURULU KARARI

 Özel Daire ile yerel mahkeme arasında oluşan ve Ceza Genel Kurulunca çözümlenmesi gereken uyuşmazlık; sanıklar hakkında lehe yasa değerlendirmesinin usulüne uygun olarak yapılıp yapılmadığının belirlenmesine ilişkin ise de, yerel mahkeme hüküm tarihinden önce 765 sayılı TCY hükümlerine göre dava zamanaşımının gerçekleşip geçekleşmediği hususunun Yargıtay İç Yönetmeliğinin 27. Kırtasiye'ye bomba atarak patlattığı, sanık F'nin 1993 yılında İncirlik-Yu"
"77281400","Yargıtay","Ceza Genel Kurulu","2012/1250","2013/23","22.01.2013","cgk","ceza_usul","y2010_2019","0.664","0.47","0.51","0.95","maddesindeki; ""(1) Ceza Muhakemesi Kanununun 141 il&acirc; 144 üncü maddeleri hükümleri, 1 Haziran 2005 tarihinden itibaren yapılan işlemler hakkında uygulanır. İncelenen dosya içeriğinden;
Devletin hakimiyeti altında bulunan toprakların bir kısmını devlet idaresinden ayırmaya matuf eylemde bulunma suçundan davacının 05.11.1997 tarihinde gözaltına alındığı, 14.11.1997 tarihinde tutuklandığı, Van Devlet Güvenlik Mahkemesince 28.01.1999 tarihinde beraatına ve tahliyesine karar "
"53803300","Yargıtay","Ceza Genel Kurulu","-","2013/11818","28.03.2013","cgk","ticaret","y2010_2019","0.664","0.671","0.395","0.95","maddeleri uyarınca (REDDİNE), takdiren 220,00 TL para cezasının ve tahsil edilen 43,90 TL ilam harcının mahsubu ile kalan 6,55 TL harcın karar düzeltme isteyenden alınarak hazineye gelir yazılmasına, 28.03.2013 gününde oybirliğiyle karar verildi. gerekçeler ve dosyada mevcut belgeler karşısında karar düzeltme isteği yerinde görülmediği gibi HUMK."
"76990400","Yargıtay","Hukuk Genel Kurulu","2011/16","2011/233","29.04.2011","hgk","esya_tapu","y2010_2019","0.663","0.156","0.69","0.95","HUKUK GENEL KURULU KARARI
 
Hukuk Genel Kurulunca incelenerek direnme kararının süresinde temyiz edildiği anlaşıldıktan ve direnme kararının verildiği tarih itibariyle H.U.M.K.nun 2494 sayılı Yasa ile değişik 438/II.fıkrası hükmü gereğince duruşma isteğinin reddine karar verilip dosyadaki kağıtlar okunduktan sonra gereği görüşüldü:
Dava, tapu iptali ve tescil istemine ilişkindir. Hukuk Genel Kurulu önüne gelen uyuşmazlık; eldeki davanın kadastro öncesi nedenlere mi, yoksa kad"
"77552100","Yargıtay","Hukuk Genel Kurulu","2012/352","2012/913","28.11.2012","hgk","usul_hukuk","y2010_2019","0.663","0.348","0.579","0.95","Davaya konu konutun, fiili teslim tarihinin 27.10.2009 olmasına rağmen, Özel Daire bozma kararında bu tarihin 04.11.2009 olarak yazılmasının maddi hataya dayandığı görülmüştür..Bu nedenle: Aynı yöne işaret eden ve Hukuk Genel Kurulu'nca da benimsenen Özel Daire Bozma kararına uyulmak gerekirken, yanılgılı gerekçe ile önceki kararda direnilmesi usul ve yasaya aykırı olup; kararın bozulması gerekir. maddesi gereğince BOZULMASINA, istek halinde temyiz peşin harcının yatırana ger"
"86458200","Yargıtay","Hukuk Genel Kurulu","2012/672","2013/263","20.02.2013","hgk","aile","y2010_2019","0.663","0.304","0.604","0.95","SONUÇ:Yukarıda açıklanan nedenlerle davalı vekilinin yeni hükme yönelik temyiz itirazlarının incelenmesi için dosyanın 2.HUKUK DAİRESİNE GÖNDERİLMESİNE, 6217 sayılı Kanunun 30.maddesi ile 6100 sayılı Hukuk Muhakemeleri Kanunu’na eklenen “Geçici Madde 3” atfıyla uygulanmakta olan 1086 sayılı Hukuk Usulü Muhakemeleri Kanunu’nun 440/1.maddesi uyarınca kararın tebliğinden itibaren 15 gün içerisinde karar düzeltme yolu açık olmak üzere, 20.02.2013 gününde oybirliği ile karar veril"
"16851900","Yargıtay","Hukuk Genel Kurulu","2010/24","2010/19","27.01.2010","hgk","ticaret","y2010_2019","0.663","0.379","0.56","0.95","2-Bozma ilamının 2/b bendinde belirtilen bozma nedenine gelince;






Tarafların karşılıklı iddia ve savunmalarına, dosyadaki tutanak ve kanıtlara, bozma kararında açıklanan gerektirici nedenlere göre, “



“mahkemece yasal faize karar verilmesi gereğine”



” işaret eden ve Hukuk Genel Kurulu’nca da benimsenen Özel Daire bozma kararına uyulmak gerekirken, önceki kararda direnilmesi usul ve yasaya aykırıdır. 1-Bozma ilamının 2/a bendi yönünden;






Bozma ilamının 2/a bendi"
"77259500","Yargıtay","Hukuk Genel Kurulu","2011/699","2011/581","28.09.2011","hgk","ticaret","y2010_2019","0.663","0.598","0.434","0.95","Bu nedenle; ortada temyiz incelemesine konu olabilecek direnme kararı bulunmadığı gibi, yargılamanın yenilenmesine ilişkin taleplerin şekli ve mercii yasada ayrıca düzenlenmiş olup; davacının dilekçesine konu ettiği şekilde ""kesin bir kararın Hukuk Genel Kurulunca yargılamanın yenilenmesi suretiyle incelenip kararın düzeltilmesi"" gibi bir yasal yol bulunmadığından, dilekçenin reddi gerekir. Davacı bu kez 11.03.2011 tarihli dilekçesi ile mahkemeye başvurarak ""yargılamanın yeni"
"52005500","Yargıtay","Ceza Genel Kurulu","2012/1318","2013/108","26.03.2013","cgk","ticaret","y2010_2019","0.663","0.468","0.51","0.95","CEZA GENEL KURULU KARARI

 Özel Daire ile Yargıtay Cumhuriyet Başsavcılığı arasında oluşan ve Ceza Genel Kurulunca çözümlenmesi gereken uyuşmazlık; hükmün sanığa tebliğinin geçerli olup olmadığı, buna bağlı olarak da, Özel Dairenin temyiz isteminin reddine ilişkin yerel mahkeme kararını kaldırarak temyiz incelemesi yapmasının isabetli bulunup bulunmadığı noktalarında toplanmaktadır. İncelenen dosya içeriğinden;

 Sanığın kolluk görevlilerince beyanının saptandığı 14.06.2006 t"
"77251000","Yargıtay","Ceza Genel Kurulu","2011/364","2011/287","20.12.2011","cgk","ceza_genel","y2010_2019","0.663","0.466","0.51","0.95","CEZA GENEL KURULU KARARI
Özel Daire ile Yargıtay Cumhuriyet Başsavcılığı arasında oluşan ve Ceza Genel Kurulunca çözümlenmesi gereken uyuşmazlık; vekili duruşmalara iştirak etmeyen katılan idare lehine Avukatlık Asgari Ücret Tarifesi uyarınca maktu vek&acirc;let ücretine mi, yoksa dilekçe yazım ücretine mi hükmedilmesi gerektiğinin belirlenmesine ilişkindir. İncelenen dosya içeriğinden;
09.10.2006 tarihinde düzenlenen duruşmaya hazırlık tutanağı ile verilen karar uyarınca, 25"
"77102200","Yargıtay","Ceza Genel Kurulu","2011/162","2011/178","20.09.2011","cgk","ceza_ozel","y2010_2019","0.663","0.38","0.56","0.95","CEZA GENEL KURULU KARARI
Sanığın 5846 sayılı Yasaya aykırılık suçundan mahk&ucirc;miyetine karar verilen somut olayda, Özel Daire ile yerel mahkeme arasında oluşan ve Ceza Genel Kurulunca çözümlenmesi gereken uyuşmazlık; sanık hakkında hükmün açıklanmasının geri bırakılması kurumunun uygulanma koşullarının bulunup bulunmadığının belirlenmesine ilişkin ise de; direnme kararının yeni hüküm niteliğinde olup olmadığı hususunun Yargıtay İç Yönetmeliğinin 27. Başlangıçta yetişkin s"
"76980700","Yargıtay","Hukuk Genel Kurulu","2011/67","2011/212","20.04.2011","hgk","icra_iflas","y2010_2019","0.662","0.365","0.566","0.95","HUKUK GENEL KURULU KARARI

 Hukuk Genel Kurulunca incelenerek direnme kararının süresinde temyiz edildiği anlaşıldıktan ve dosyadaki kağıtlar okunduktan sonra gereği görüşüldü:
Dava; kira parasının tahsiline yönelik icra takibine yapılan itirazın iptali ve icra inkar tazminatı istemine ilişkindir. Hukuk Genel Kurulundaki görüşme sırasında, işin esasının incelenmesinden önce, temyize konu kararın gerçekte yeni hüküm niteliğinde olup olmadığı; dolayısıyla, temyiz incelemesinin "
"16895000","Yargıtay","Hukuk Genel Kurulu","2010/348","2010/317","16.06.2010","hgk","usul_hukuk","y2010_2019","0.662","0.602","0.43","0.95","O halde, davalının vekillerinin istifa dilekçesi ve davacı vekilinin temyiz dilekçesinin, istifa dilekçesinde bildirilen davalı asilin adresine tebliği için de dosyanın mahalline geri çevrilmesi gerekir. Söz konusu harç eksikliğinin tamamlanması için dosyanın Yerel Mahkemeye geri çevrilmesi gerekir."
"77279700","Yargıtay","Hukuk Genel Kurulu","2011/734","2011/631","12.10.2011","hgk","ticaret","y2010_2019","0.662","0.635","0.41","0.95","Mahkemece davalı vekiline muhtıranın ve ek kararın tebliğ tarihlerinin açık bir şekilde ilgili merciden sorulup, araştırılarak belgelendirilmesi suretiyle bu konudaki eksiklik giderildikten sonra Yargıtay'a gönderilmek üzere dosyanın mahkemesine geri çevrilmesi gerekir. 22.02.2011 tarihli direnme kararını davalı vekili temyiz etmiş ise de; dosyanın Yargıtay'a gönderilmesi için gereken posta gideri yatırılmadığından mahkemece 09.08.2011 tarihli muhtıra düzenlenerek, temyiz mas"
"45617300","Yargıtay","Ceza Genel Kurulu","2012/1437","2013/153","30.04.2013","cgk","icra_iflas","y2010_2019","0.662","0.461","0.51","0.95","494 üncü maddenin 2, 3 ve 4 numaralı bentleri ile 521/a ve 521/b maddelerinde yazılı cürümlerden dolayı da yukarıdaki fıkralar hükümleri uygulanır"" biçimindeki hüküm, 01 Haziran 2005 tarihinde yürürlüğe giren 5237 sayılı TCK'nun 168. maddesinde; ""Bu babın birinci, üçüncü, dördüncü ve beşinci fasıllarında ve 516 ncı maddenin birinci fıkrasında ve 518 ve 519 ve 521 inci maddelerinde beyan olunan cürümlerden birini işleyen kimse kendi hakkında bir güna takibat icrasına başlanmad"
"465096400","Yargıtay","Ceza Genel Kurulu","2012/1278","2013/90","19.03.2013","cgk","ticaret","y2010_2019","0.662","0.428","0.529","0.95","CEZA GENEL KURULU KARARI
Özel Daire ile yerel mahkeme arasında oluşan ve Ceza Genel Kurulunca çözümlenmesi gereken uyuşmazlık; sanıkların eyleminin nitelikli zimmet mi, yoksa hizmet nedeniyle güveni kötüye kullanma suçunu mu oluşturduğunun belirlenmesine ilişkin ise de, öncelikle Ceza Genel Kurulu kararına uyma kararı verildikten sonra önceki Özel Daire kararına karşı direnilmesinin mümkün olup olmadığı belirlenmelidir. Ceza Genel Kurulu’nun 26.06.2012 gün ve 816-254, 27.03.2"
"77587900","Yargıtay","Hukuk Genel Kurulu","2013/151","2013/1479","23.10.2013","hgk","usul_hukuk","y2010_2019","0.661","0.246","0.634","0.95","Daha önce tebligat yapılmamış olsa bile, tüzel kişiler bakımından resm&icirc; kayıtlardaki adresleri esas alınır ve bu madde hükümleri uygulanır."" denilmektedir. HUKUK GENEL KURULU KARARI
Hukuk Genel Kurulunca incelenerek direnme kararının süresinde temyiz edildiği anlaşıldıktan ve direnme kararının verildiği tarih itibariyle H.U.M.K.nun 2494 sayılı Yasa ile değişik 438/II.fıkrası hükmü gereğince duruşma isteğinin reddine karar verilip dosyadaki kağıtlar okunduktan sonra gere"
"77088100","Yargıtay","Hukuk Genel Kurulu","2011/415","2011/443","22.06.2011","hgk","usul_hukuk","y2010_2019","0.661","0.371","0.56","0.95","O halde, tarafların karşılıklı iddia ve savunmalarına, dosyadaki tutanak ve kanıtlar ile bilgi ve belgelere, bozma kararında açıklanan gerektirici nedenlere; özellikle objektif dava birleşmesi nedeniyle görevli mahkemenin, müddeabihlerin toplamına göre asliye hukuk mahkemesi olmasına göre, Hukuk Genel Kurulu'nca da benimsenen Özel Daire bozma kararına uyulmak gerekirken, önceki kararda direnilmesi usul ve yasaya aykırıdır. Özel Dairece; davacı tarafın, müdahalenin meni davası"
"85834900","Yargıtay","Hukuk Genel Kurulu","2012/593","2013/295","27.02.2013","hgk","icra_iflas","y2010_2019","0.661","0.275","0.616","0.95","Tarafların karşılıklı iddia ve savunmalarına, dosyadaki tutanak ve kanıtlara, bozma kararında açıklanan gerektirici nedenlere, Hukuk Genel Kurulu’nca da benimsenen Özel Daire bozma kararına uyulmak gerekirken, önceki kararda direnilmesi usul ve yasaya aykırıdır. Hukuk Genel Kurulu’ndaki görüşmeler sırasında işin esasının incelenmesine geçilmeden önce 5326 sayılı Kabahatler Kanunu'nun idari para cezalarına dair hükümleri gözetildiğinde Hukuk Genel Kurulu'nca direnme hükmünün t"
"16896700","Yargıtay","Hukuk Genel Kurulu","2010/21","2010/38","27.01.2010","hgk","aile","y2010_2019","0.661","0.339","0.579","0.95","1-Davacı vekilinin direnme kararına yönelik temyizi yönünden: 






Tarafların karşılıklı iddia ve savunmalarına, dosyadaki tutanak ve kanıtlara, bozma kararının (2).bendinde açıklanan gerektirici nedenlere göre, Hukuk Genel Kurulu’nca da benimsenen Özel Daire bozma kararına uyulmak gerekirken önceki kararda direnilmesi usul ve yasaya aykırıdır. O nedenle, taraf vekillerinin yeni hükme yönelik temyiz itirazlarının incelenmesi için dosyanın Özel Dairesine gönderilmesi gerekir"
"76677400","Yargıtay","Hukuk Genel Kurulu","2010/30","2010/23","27.01.2010","hgk","usul_hukuk","y2010_2019","0.661","0.577","0.442","0.95","Mahkemece, İl Milli Eğitim Müdür vekili olduğunu beyan edene ait yetkili vekil olduğunu gösteren yetki belgesinin dosya içine celbi ile yetkili olmadığının anlaşılması halinde direnme kararını temyize yetkili kişinin icazeti bulunup bulunmadığı hususunu tevsik edecek usulünce düzenlenmiş bir belgenin evraka eklenmesi gerekmektedir. HUKUK GENEL KURULU KARARI
 
Hukuk Genel Kurulunca incelenerek dosyadaki kağıtlar okunduktan sonra gereği görüşüldü:
I-Davacı tarafından delil olar"
"465105600","Yargıtay","Ceza Genel Kurulu","2013/259","2013/273","28.05.2013","cgk","ceza_genel","y2010_2019","0.661","0.621","0.416","0.95","İncelenen dosya kapsamından; Samsun Adli Tıp Şube Müdürlüğünce düzenlenen raporda, olay nedeniyle katılanın sol temporalinde (alın bölgesi) kırık meydana geldiği, bu yaralanmanın basit tıbbi müdahale ile giderilebilecek nitelikte olmadığı, kişinin hayatını tehlikeye soktuğu, katılanda oluşan kırığın hayat fonksiyonlarını orta (2) derecede etkilediği açıklamalarına yer verildiği anlaşılmaktadır. maddesinin ilk beş fıkrası; 
"" (1) Hâkim, somut olayda;
a) Suçun işleniş biçimini,"
"45618800","Yargıtay","Ceza Genel Kurulu","2012/1524","2013/152","30.04.2013","cgk","icra_iflas","y2010_2019","0.661","0.459","0.51","0.95","CEZA GENEL KURULU KARARI

 Suçun sübutuna ilişkin bir uyuşmazlık ve bu kabulde dosya içeriği itibarıyla da herhangi bir isabetsizlik bulunmayan somut olayda, Özel Daire ile Yargıtay Cumhuriyet Başsavcılığı arasında oluşan ve Ceza Genel Kurulunca çözümlenmesi gereken uyuşmazlık; yağma suçundan sanıklar hakkında TCK'nun 168. ve S.'nin astım hastası taklidi yapıp eczane arama bahanesi ile bindikleri mağdur Kenan'a ait Ford Fokus marka araçta tabanca görünümlü çakmak ve iki adet "
"77250400","Yargıtay","Ceza Genel Kurulu","2011/363","2011/286","20.12.2011","cgk","usul_hukuk","y2010_2019","0.661","0.501","0.485","0.95","Bu hükümler, birlikte değerlendirildiğinde, kural olarak temyiz istemi süresinde verilen bir dilekçe ile veya zabıt k&acirc;tibine yapılacak bir beyanla hükmü veren mahkemeye yapılacaktır. Ş.'in hazır olmadığı oturumda Terme TEDAŞ idaresinin katılma isteminin kabulüne karar verildiği, 
Katılan vekilinin yargılama boyunca yapılan oturumlara ve keşfe katılmadığı, yokluğunda verilen kararın 18.12.2007 tarihinde katılan vekiline usulüne uygun olarak tebliğ edildiği, ancak katılan"
"77280700","Yargıtay","Hukuk Genel Kurulu","2011/636","2011/637","19.10.2011","hgk","usul_hukuk","y2010_2019","0.66","0.519","0.473","0.95","Eldeki dava ise tespit davası olup, bu davada açık bir kabulün varlığından söz edilebilmesi için; tespit davası sırasında yapılan bilirkişi incelemesi sonunda acele el koyma davasında belirlenen miktarın altında bir değer tespit edilmesi ve davalının da bunu kabul beyanında bulunması gerekir. HUKUK GENEL KURULU KARARI

 Hukuk Genel Kurulu'nca dilekçe, 6217 sayılı Kanunun 30.maddesi ile 6100 sayılı Hukuk Muhakemeleri Kanunu'na eklenen ""Geçici madde 3"" atfıyla uygulanmakta olan"
"77296900","Yargıtay","Hukuk Genel Kurulu","2011/837","2011/719","30.11.2011","hgk","borclar","y2010_2019","0.66","0.357","0.566","0.95","maddesi hükümleri bu Kanun yürürlüğe girdiği tarihte;
a)Görülmekte olan davalar, 
b)Kesinleşmemiş hükümler, 
c)Miktar veya değeri itibarıyla temyiz veya karar düzeltme yoluna gidilemediği için kesinleşen hükümler, 
bakımından da uygulanır ve davaya Devlet aleyhine devam olunur."" 
Düzenlemesine yer verilmiştir. Özel Daire'ce bidayet mahkemesi sıfatıyla verilen kararın Hukuk Genel Kurulu'nca düzeltilerek onanmasından sonra, 14 Şubat 2011 tarihinde yürürlüğe giren 09 Şubat 2011 "
"76804900","Yargıtay","Hukuk Genel Kurulu","2010/203","2010/220","14.04.2010","hgk","aile","y2010_2019","0.66","0.4","0.541","0.95","Manevi tazminat, bozulan manevi dengenin yerine gelmesi için kabul edilmiş bir tatmin (veya telafi) şekli olup, boşanmaya sebep olan olayların kişilik haklarına saldırı teşkil etmesi halinde manevi tazminata hükmedilir (Kılıçoğlu, Mustafa: Tazminat Hukuku, Legal Yayıncılık, İstanbul 2010, s.1036, 1369.; Reisoğlu, Safa: Borçlar Hukuku Genel Hükümler, Beta Basım, İstanbul 1998, s.179 vd.; Oğuzman/Dural: Aile Hukuku, Filiz Kitabevi, İstanbul 1994, s.144-145 ; Tekinay, S. Davacı "
"77702300","Yargıtay","Hukuk Genel Kurulu","2013/527","2013/1322","11.09.2013","hgk","ticaret","y2010_2019","0.66","0.453","0.51","0.95","6217 sayılı Kanunun 30.maddesi ile 6100 sayılı Hukuk Muhakemeleri Kanunu'na eklenen ""Geçici madde 3"" atfıyla uygulanmakta olan 1086 sayılı Hukuk Usulü Muhakemeleri Kanunu'nun 433/1.maddesi gereğince temyiz dilekçesinin hüküm veren mahkeme aracılığı ile karşı tarafa tebliğ edilmesi ve karşı tarafa cevap verme ve karşı temyiz isteminde bulunmak hakkının tanınması gereklidir. S 0 N U Ç : Yukarıda usulü işlemlerin yerine getirilmesi için dosyanın mahkemesine GERİ ÇEVRİLMESINE,

 "
"76489100","Yargıtay","Hukuk Genel Kurulu","2013/1327","2013/1385","25.09.2013","hgk","usul_hukuk","y2010_2019","0.66","0.652","0.396","0.95","Somut olayda Malazgirt Kasastro Mahkemesine ait 12.05.2012 gün ve 1989/918 Esas ve 1990/80 Karar sayılı ek kararın, Yargıtay 7.Hukuk Dairesine ait 17.12.2012 gün ve 2012/6789 Esas ve 2012/9462 Karar sayılı ilam ile bozulması üzerine, mahkemece esas defterine kayıt edilmeden ve taraflar dinlenmeden ek karar ile direnme kararı verilmiştir. Mahkemece 1086 sayılı HUMK.193 maddesi uyarınca 05.01.1994 tarihi itibariyle açılmamış sayılmasına dair verilen karar davacı vekili tarafınd"
"77106200","Yargıtay","Ceza Genel Kurulu","2011/52","2011/180","20.09.2011","cgk","ceza_genel","y2010_2019","0.66","0.654","0.394","0.95","Bu itibarla, Yargıtay C.Başsavcılığının dosyanın yalnızca sanık müdafii tarafından temyiz edilmesi nedeniyle suç niteliğinden dolayı yapılacak bozmanın aleyhe bozma yasağına aykırılık teşkil edeceği ve savunma hakkının kısıtlanması suretiyle adil yargılanma hakkının ihlali sayılacağı yönündeki itirazının reddine karar verilmelidir. Ayrıntısına Ceza Genel Kurulunun 25.04.2000 gün ve 79-83 sayılı kararında yer verildiği üzere, Yargıtay'ın asıl davanın esasına karar vermesi ve d"
"17159300","Yargıtay","Ceza Genel Kurulu","2011/219","2011/280","20.12.2011","cgk","icra_iflas","y2010_2019","0.66","0.714","0.36","0.95","Aleyhe bozma yasağı; temyiz davası yalnızca sanık veya müdafii ya da sanık lehine Cumhuriyet savcısı tarafından açıldığında, sonucu sanığın aleyhine ağırlaştırıcı, diğer bir anlatımla aleyhe sonuç verici düzeltmelerin yapılamaması veya kurulacak yeni hükümdeki cezanın onun aleyhine olarak önceki hükümden daha ağır olamayacağıdır. Anılan Yasanın yürürlükte bulunduğu dönemde, öğretide de cezalar; ""asıl cezalar, fer'i cezalar ve tamamlayıcı cezalar"" olmak üzere üçe ayrılmış, tam"
"76956500","Yargıtay","Ceza Genel Kurulu","2010/221","2010/230","23.11.2010","cgk","usul_hukuk","y2010_2019","0.66","0.452","0.51","0.95","CEZA GENEL KURULU KARARI
Sanık M...G...'in, 16.03.2003 tarihinde işlediği iddia edilen elektrik hırsızlığı suçundan beraatına karar verilen olayda, Özel Daire ile yerel mahkeme arasında oluşan ve Ceza Genel Kurulunca çözümlenmesi gereken uyuşmazlık; sanığın atılı elektrik hırsızlığı suçunu işleyip işlemediğinin belirlenmesine ilişkin ise de; zamanaşımının gerçek&not;leşip gerçek&not;leş&not;mediği hususunun öncelikle açıklığa kavuşturulması gerekmektedir. Bu itibarla; yerel m"
"76716300","Yargıtay","Ceza Genel Kurulu","2010/3","2010/5","26.01.2010","cgk","ceza_genel","y2010_2019","0.66","0.519","0.473","0.95","maddesi uyarınca 12.12.2008 tarihinde sona erdiği, dolayısıyla 12.12.2008 tarihinde gerçekleşen temyiz isteminin süresinde olduğu saptanmakla; Yargıtay C.Başsavcılığı itirazının kabulü ile sanık Ümit müdafiinin temyiz isteminin reddine ilişkin Özel Dairece verilen 29.06.2009 gün ve 6783-8520 sayılı kararın kaldırılması ve dosyanın temyiz incelemesi yapılmak üzere Özel Daireye gönderilmesine karar verilmelidir. maddenin uygulanmasına ilişkin, sanık Ü.müdafiin yüzüne karşı 04.1"
"77340700","Yargıtay","Ceza Genel Kurulu","2012/426","2012/1787","25.09.2012","cgk","ceza_genel","y2010_2019","0.66","0.454","0.51","0.95","CEZA GENEL KURULU KARARI
 Özel Daire ile yerel mahkeme arasında oluşan ve Yargıtay Ceza Genel Kurulunca çözümlenmesi gereken uyuşmazlık; tanık anlatımlarındaki çelişkinin giderilmesinin gerekip gerekmediğinin belirlenmesine ilişkin ise de, bozma ilamına uyulmasına karar verildikten sonra bu karardan dönülerek önceki hüküm gibi karar verilmesinin olanaklı olup olmadığının öncelikle değerlendirilmesi gerekmektedir. P..'ın esas hakkındaki savunması ile son sözü sorularak hüküm k"
"76764100","Yargıtay","Ceza Genel Kurulu","2010/31","2010/64","30.03.2010","cgk","ceza_ozel","y2010_2019","0.66","0.455","0.51","0.95","CEZA GENEL KURULU KARARI
Yargıtay Ceza Genel Kurulunca çözümlenmesi gereken uyuşmazlık, sanığın atılı elektrik hırsızlığı suçunu işleyip işlemediğine ilişkin ise de, öncelikle zamanaşımının gerçek&not;leşip gerçekleşmediğinin belirlenmesi gerekmektedir. İncelenen dosya içeriğine göre;
Sanığa atılı hırsızlık suçunun düzenlendiği 765 sayılı TCY'nın 492/2 maddesinde öngörülen ceza miktarına göre bu suç, 765 sayılı TCY'nın 102/4 maddesinde yazılı 5 yıllık zamanaşımına tabidir."
"465121700","Yargıtay","Ceza Genel Kurulu","2013/317","2013/475","19.11.2013","cgk","ceza_usul","y2010_2019","0.66","0.642","0.402","0.95","Ceza Dairesince 05.02.2013 gün ve 468-3484 sayı ile, itirazın yerinde görülmediğinden bahisle dosya Yargıtay Birinci Başkanlığına gönderilmiş ise de, bu aşamada Yargıtay Cumhuriyet Başsavcılığınca 11.11.2013 gün ve 205276 sayı ile itirazın geri alınması talebinde bulunulmuştur. Ceza Genel Kurulunca 01.10.2013 gün ve 314-394; 315-395 sayı ile, Yargıtay Cumhuriyet Başsavcılığının karar verilinceye kadar itirazını geri almasının mümkün olduğu sonucuna oybirliğiyle ulaşılmıştır."
"76978800","Yargıtay","Hukuk Genel Kurulu","2011/169","2011/209","20.04.2011","hgk","is_sgk","y2010_2019","0.659","0.266","0.615","0.95","HUKUK GENEL KURULU KARARI

 Hukuk Genel Kurulunca incelenerek direnme kararının süresinde temyiz edildiği anlaşıldıktan ve dosyadaki kağıtlar okunduktan sonra gereği görüşüldü:
Dava, yurtdışı borçlanması nedeniyle 01.04.2006 tarihinden itibaren yaşlılık aylığına hak kazandığının tespiti ile yaşlılık aylığı bağlanması istemine ilişkindir. maddesi uyarınca sigortalılığın başlangıç tarihini, borcun tamamen ödendiği tarihten borçlanılan gün sayısı kadar geriye götürülerek bulmuş,"
"77456200","Yargıtay","Hukuk Genel Kurulu","2013/351","2013/1709","25.12.2013","hgk","is_sgk","y2010_2019","0.659","0.362","0.56","0.95","Hal böyle olunca; yerel mahkemece, Hukuk Genel Kurulu'nca da benimsenen Özel Daire bozma kararına uyulması gerekirken, önceki kararda direnilmesi usul ve yasaya aykırıdır. Buna göre, hüküm sonucu kısmında gerekçeye ait her hangi bir söz tekrar edilmeksizin isteklerin her biri hakkında verilen hükümle, taraflara yüklenen borç ve tanınan hakların sıra numarası altında açık, şüphe ve tereddüt uyandırmayacak şekilde gösterilmesi gerekir."
"77310000","Yargıtay","Hukuk Genel Kurulu","2012/1139","2013/397","27.03.2013","hgk","usul_hukuk","y2010_2019","0.659","0.384","0.548","0.95","HUKUK GENEL KURULU KARARI
Hukuk Genel Kurulu'nca incelenerek direnme kararının süresinde temyiz edildiği anlaşıldıktan ve dosyadaki kağıtlar okunduktan sonra gereği görüşüldü:
Asıl dava, tapu iptali ve yayla olarak sınırlandırma; birleşen dava ise tapu iptali ve kısmen yayla kısmen orman olarak sınırlandırma istemine ilişkindir. Ne varki, mahkemenin direnme olarak adlandırdığı temyize konu bu kararın usul hukuku anlamında gerçek bir direnme kararı olmadığı; ilk kararda değerl"
"76761900","Yargıtay","Hukuk Genel Kurulu","2010/171","2010/193","31.03.2010","hgk","aile","y2010_2019","0.659","0.353","0.566","0.95","Yerel Mahkemece, bu hükme aykırı olarak bozmadan önce dosyada olmadığı için mahkemece ve temyiz incelemesi sırasında Özel Dairece incelenmeyen, bozmadan sonra dosyaya konulan belgelere dayanarak direnme kararı verdiğinden ortada varlığından sözedilebilecek bir direnme kararı mevcut olmayıp, yeni bir hüküm söz konusudur. HUKUK GENEL KURULU KARARI

 Hukuk Genel Kurulunca incelenerek direnme kararının süresinde temyiz edildiği anlaşıldıktan ve dosyadaki kağıtlar okunduktan sonra"
"77111700","Yargıtay","Ceza Genel Kurulu","2011/250","2011/190","27.09.2011","cgk","ceza_genel","y2010_2019","0.659","0.451","0.51","0.95","CEZA GENEL KURULU KARARI
Sanıkların hırsızlık suçundan cezalandırılmalarına karar verilen somut olayda, Özel Daire ile Yargıtay Cumhuriyet Başsavcılığı arasında oluşan ve Ceza Genel Kurulunca çözümlenmesi gereken uyuşmazlık, tebliğname düzenleyen Yargıtay Cumhuriyet savcısının, Özel Dairesinde aynı işin temyiz incelemesinde görev yapmasının, 5271 sayılı CYY'nın 22/1-g maddesi uyarınca, hakimin davaya bakamayacağı hal olarak değerlendirilip değerlendirilmeyeceğinin belirlenme&"
"76376000","Yargıtay","Ceza Genel Kurulu","2012/1579","2013/392","24.09.2013","cgk","usul_hukuk","y2010_2019","0.659","0.513","0.473","0.95","Suçun sübutuna ve nitelendirilmesine ilişkin bir uyuşmazlık bulunmayan somut olayda, Özel Daire ile Yargıtay Cumhuriyet Başsavcılığı arasında oluşan ve Ceza Genel Kurulunca çözümlenmesi gereken uyuşmazlık; bozmadan sonra hüküm kuran yerel mahkemece 1412 sayılı CMUK'nun 326/son maddesinin ihlal edilip edilmediğinin belirlenmesine ilişkindir. Bu açıklamalar ışığında somut olay değerlendirildiğinde;

 Yerel mahkemece gerek bozmadan önceki, gerekse lehe kanun yolu davası üzerine "
"477252200","Yargıtay","Ceza Genel Kurulu","2011/244","2011/282","20.12.2011","cgk","ceza_genel","y2010_2019","0.658","0.454","0.504","0.95","Sanığın kasten yaralama suçundan cezalandırılmasına karar verilen somut olayda, Özel Daire ile Yargıtay Cumhuriyet Başsavcılığı arasında oluşan ve Ceza Genel Kurulunca çözümlenmesi gereken uyuşmazlık; sabıkası bulunmayan sanık hakkındaki 7 ay 15 gün hapis cezasından çevrilen adli para cezasına ilişkin mahkûmiyet hükmünü inceleyen Özel Dairece, hüküm tarihinden sonra yürürlüğe giren 5560, 5728 ve 6008 sayılı Yasalarla değişik 5271 sayılı Ceza Yargılaması Yasasının 231. madde i"
"77595900","Yargıtay","Ceza Genel Kurulu","2013/94","2013/430","22.10.2013","cgk","usul_hukuk","y2010_2019","0.658","0.358","0.56","0.95","Burada sayılan ""failin geçmişi, sosyal ilişkileri, fiilden sonraki ve yargılama sürecindeki davranışları, cezanın failin geleceği üzerindeki olası etkileri"" gibi nedenler, uygulamada h&acirc;kimi sınırlayıcı değil, yol gösterici nitelikteki gerekçelerdir. H&acirc;kim; ""failin geçmişi, sosyal ilişkileri, fiilden sonraki ve yargılama sürecindeki davranışları, cezanın failin geleceği üzerindeki olası etkileri""nin yanında, her somut olaya göre değişebilecek ve önceden öngörülemey"
"77038600","Yargıtay","Ceza Genel Kurulu","2010/252","2011/58","19.04.2011","cgk","is_sgk","y2010_2019","0.658","0.508","0.473","0.95","maddeleri uyarınca cezalandırılmasına karar verilen somut olayda, Özel Daire ile Yargıtay C.Başsavcılığı arasındaki uyuşmazlık, yerel mahkeme kararında yasa yolu bildiriminin yöntemince yapılıp yapılmadığının belirlenmesine ilişkin ise de; öncelikle hükmün sanığa usulüne uygun şekilde tebliğ edilip edilmediği ve buna bağlı olarak temyiz isteminin süresinde olup olmadığının değerlendirilmesi gerekmektedir. Buna göre tebliğ memurunun, tebliğ olunacak evrakı, o yerin muhtar veya"
"77395500","Yargıtay","Ceza Genel Kurulu","2012/657","2012/1863","25.12.2012","cgk","ceza_genel","y2010_2019","0.658","0.446","0.51","0.95","CEZA GENEL KURULU KARARI
Sanığın kasten öldürme suçuna teşebbüsten cezalandırılmasına karar verilen somut olayda, Özel Daire ile yerel mahkeme arasında oluşan ve Ceza Genel Kurulunca çözümlenmesi gereken uyuşmazlık; mağdur hakkında düzenlenen adli raporun hüküm kurma açısından yeterli olup olmadığının belirlenmesine ilişkindir. maddesinin; ""herkes gerek medeni hak ve yükümlülükleri ile ilgili nizalar, gerek cezai alanda kendisine karşı serdedilen bir isnadın esası hakkında ka"
"77434300","Yargıtay","Hukuk Genel Kurulu","2012/1619","2013/863","19.06.2013","hgk","is_sgk","y2010_2019","0.657","0.416","0.523","0.95","Bu madde çerçevesinde sigorta şirketleri ve Güvence Hesabı tarafından ödenecek meblağın süresinde ödenmemesi halinde 31/5/2006 tarihli ve 5510 sayılı Kanunun 89 uncu maddesinin ikinci fıkrası uygulanır&hellip;."" hükmü getirilmiştir. HUKUK GENEL KURULU KARARI 

 Hukuk Genel Kurulu'nca incelenerek direnme kararının süresinde temyiz edildiği anlaşıldıktan ve dosyadaki kağıtlar okunduktan sonra gereği görüşüldü: 
Dava, Sosyal Güvenlik Kurumu tarafından, trafik kazası nedeniyle si"
"76995700","Yargıtay","Hukuk Genel Kurulu","2011/102","2011/250","29.04.2011","hgk","usul_hukuk","y2010_2019","0.657","0.44","0.51","0.95","HUKUK GENEL KURULU KARARI
 
Hukuk Genel Kurulunca incelenerek direnme kararının süresinde temyiz edildiği anlaşıldıktan ve dosyadaki k&acirc;ğıtlar okunduktan sonra gereği görüşüldü:
Dava; su aboneliği nedeniyle ödenen kanal katılım payı ve şebeke hissesi yönüyle borçsuzluğun tespiti ile ödenen bedelin iadesi istemine ilişkindir. Yerel mahkeme verdiği ilk kararında, ""2464 sayılı Belediye Gelirleri Kanunu'nun 87 ve 88.maddeleri ile ASKİ Tarifeler Yönetmeliğinin 39.maddesi ve 3"
"77462600","Yargıtay","Hukuk Genel Kurulu","2013/693","2013/886","26.06.2013","hgk","borclar","y2010_2019","0.657","0.319","0.579","0.95","Aynı yöne işaret eden ve Hukuk Genel Kurulu'nca da benimsenen Özel Daire Bozma kararına uyulmak gerekirken, yanılgılı gerekçe ile önceki kararda direnilmesi usul ve yasaya aykırı olup; kararın bozulması gerekir. Alacaklı, 106/2'de öngörülen seçimlik haklardan birisini kullanabilmesi için borcu yerine getirmekte direnen borçluya mehil vermek zorundadır (BK.m.106/1)."
"77070600","Yargıtay","Hukuk Genel Kurulu","2011/330","2011/421","15.06.2011","hgk","usul_hukuk","y2010_2019","0.657","0.611","0.41","0.95","Davacı vekili, müvekkilinin Köylere Hizmet Götürme Birliğine süt teslim ettiğini ve müstahsil makbuzu ile kesinti yapıldığını, kesintinin yapıldığı tarihi takip eden aybaşından itibaren 2926 sayılı Kanun kapsamında Tarım Bağ-Kur sigortalısı olduğunun tespitine karar verilmesini talep ve dava etmiştir. O halde, tarafların karşılıklı iddia ve savunmalarına, dosyadaki tutanak ve kanıtlara, mahkeme kararında ve yukarıda açıklanan gerektirici nedenlere; özellikle delillerin değerl"
"77511900","Yargıtay","Hukuk Genel Kurulu","2013/85","2013/1076","11.09.2013","hgk","ticaret","y2010_2019","0.657","0.645","0.392","0.95","Bu nedenle direnme kararının müdahale talebinde bulunanların vekiline yoksa kendilerine tebliğ edildiğine dair evrak varsa eklenmesi yoksa direnme kararının tebliğ edilmesi ve yasal süre beklenildikten sonra dosyanın mahal mahkemesine geri çevrilmesi gereklidir. Dosya üzerinde yapılan incelemede direnme kararının müdahale talebinde bulunan ancak istemleri reddedilen kişilere tebliğ edildiğine dair tebliğat evrakı dosya arasında bulunamamıştır."
"76769200","Yargıtay","Ceza Genel Kurulu","2010/37","2010/66","30.03.2010","cgk","ceza_ozel","y2010_2019","0.656","0.541","0.448","0.95","mad&not;desinde de kişilerin özgürlüğünün hangi hallerde sınırlandırılabileceği belirlenmiş ve mad&not;denin son fıkrasında bu koşullara aykırı davranılması halinde mağdur olan herkesin tazminat istemeye hakkı olduğu esası kabul edilmiştir. CEZA GENEL KURULU KARARI
Özel Daire ile Yargıtay C.Başsavcılığı arasında oluşan ve Yargıtay Ceza Genel Kurulunca çözümlenmesi gereken uyuşmazlık; dolandırıcılık suçu şüphesi ile olay günü saat 19:00 sıralarında yakalanıp, kimlik kontrolü v"
"17063800","Yargıtay","Ceza Genel Kurulu","2011/27","2011/26","29.03.2011","cgk","ceza_ozel","y2010_2019","0.656","0.694","0.36","0.95","maddesi uyarınca 1/6 oranında yapılan indirim ile sonuç hapis cezasının, 3 yıl 4 ay olması gerekirken, hesap hatası ile sanık hakkındaki sonuç özgürlüğü bağlayıcı cezayı 3 yıl 6 ay olarak belirleyen yerel mahkeme hükmü ile bunu onayan Özel Daire kararı isabetli değildir. maddesinin verdiği yetkiye dayanılarak, yerel mahkeme hükmündeki sonuç özgürlüğü bağlayıcı cezanın ""3 yıl 4 ay hapis cezası""na indirilmesi suretiyle hükmün düzeltilerek onanmasına karar verilmelidir."
"77243100","Yargıtay","Hukuk Genel Kurulu","2011/451","2011/558","28.09.2011","hgk","aile","y2010_2019","0.655","0.396","0.529","0.95","HUKUK GENEL KURULU KARARI

 Hukuk Genel Kurulu'nca incelenerek direnme kararının süresinde temyiz edildiği anlaşıldıktan ve dosyadaki kağıtlar okunduktan sonra gereği görüşüldü:
Davacı vekili, evlilik birliğinin temelinden sarsılması hukuksal nedenine dayanarak, tarafların boşanmalarına karar verilmesini istemiştir. (TL) maddi, 20.000,00 YTL.(TL) manevi tazminatın, kendisi için 400 YTL.(TL), müşterek çocuk için 300 YTL.(TL) yoksulluk ve iştirak nafakasının davacıdan tahsiline"
"76972600","Yargıtay","Hukuk Genel Kurulu","2011/32","2011/197","20.04.2011","hgk","miras","y2010_2019","0.655","0.43","0.51","0.95","Anılan maddeye göre idarenin, taşınmazın kamu malı olmadığını belirlemesi halinde zilyede ve taşınmaza ilişkin bilgileri içeren belgelerle asliye hukuk mahkemesinde zilyede karşı dava açarak, taşınmazın kamulaştırma bedelinin tespiti ile idare adına tescilini talep etmesi gerekir. HUKUK GENEL KURULU KARARI

 Hukuk Genel Kurulunca incelenerek direnme kararının süresinde temyiz edildiği anlaşıldıktan ve dosyadaki kağıtlar okunduktan sonra gereği görüşüldü:
Dava, 4650 sayılı Kan"
"76972300","Yargıtay","Hukuk Genel Kurulu","2010/507","2010/516","20.10.2010","hgk","usul_hukuk","y2010_2019","0.655","0.185","0.653","0.95","SONUÇ: Davacı vekilinin temyiz itirazlarının kabulü ile direnme kararının Özel Dairenin bozma kararında açıklanan nedenlerden dolayı HUMK.nun 429.maddesi gereğince BOZULMASINA, istek halinde temyiz peşin harcının geri verilmesine, 20/10/2010 gününde oyçokluğuyla karar verildi."
"477254000","Yargıtay","Ceza Genel Kurulu","2011/274","2011/300","27.12.2011","cgk","usul_hukuk","y2010_2019","0.655","0.398","0.529","0.95","CEZA GENEL KURULU KARARI
Sanığın 6136 sayılı Yasaya aykırılık suçundan cezalandırılmasına karar verilen olayda, Özel Daire ile Yargıtay Cumhuriyet Başsavcılığı arasında oluşan ve Ceza Genel Kurulunca çözümlenmesi gereken uyuşmazlık; eski hâle getirme istemini hangi merciin değerlendirmesi gerektiği ve buna bağlı olarak yerel mahkeme tarafından verilen temyiz isteminin reddi kararının Özel Dairece kaldırılıp mahkûmiyet hükmünün bozulmasına karar verilmesinin isabetli olup olma"
"77237400","Yargıtay","Hukuk Genel Kurulu","2011/500","2011/550","21.09.2011","hgk","ticaret","y2010_2019","0.654","0.461","0.491","0.95","HUKUK GENEL KURULU KARARI

 Hukuk Genel Kurulunca incelenerek direnme kararının süresinde temyiz edildiği anlaşıldıktan ve dosyadaki kağıtlar okunduktan sonra gereği görüşüldü:
Dava, borçlu olunmadığının tespiti (menfi tespit) istemine ilişkin olup; icra takibinden sonra Ticaret Mahkemesine açılmıştır. Şu haliyle tüketici kavramının unsurları; tüketicinin işlem yaparken amacının ticari veya mesleki olmaması, tüketicinin bir mal veya hizmeti edinmesi, yararlanması veya kullanm"
"77065300","Yargıtay","Hukuk Genel Kurulu","2011/317","2011/415","15.06.2011","hgk","is_sgk","y2010_2019","0.654","0.297","0.585","0.95","HUKUK GENEL KURULU KARARI

 Hukuk Genel Kurulunca incelenerek direnme kararının süresinde temyiz edildiği anlaşıldıktan ve dosyadaki kağıtlar okunduktan sonra gereği görüşüldü:
Dava, yurtdışı borçlanması nedeniyle 01.11.2007 tarihinden itibaren yaşlılık aylığına hak kazandığının tespiti istemine ilişkindir. Dosya kapsamından;14.02.1954 doğum tarihli davacının (erkek), yurtdışına çıkmadan önce Türkiye'de herhangi bir sosyal güvenlik kuruluşuna tabi hizmeti ve tescili bulunmama"
"77231600","Yargıtay","Hukuk Genel Kurulu","2011/501","2011/533","21.09.2011","hgk","ticaret","y2010_2019","0.654","0.382","0.535","0.95","28.04.1959 gün sayı:10193) usuli kazanılmış hakkın hukukumuzdaki yeri; 
""Temyiz merciince bir kararın bozulması ve mahkemenin bozma kararına uyması halinde bozulan kararın bozma sebeplerinin şümulü dışında kalmış cihetlerinin kesinleşmiş sayılması, davaların uzamasını önlemek maksadıyla kabul edilmiş çok önemli bir usuli hükümdür. Zira umumi müktesep hakkın tanınması da amme intizamı düşüncesiyle kabul edilmiş bir esastır."" 
şeklinde açıklanmıştır."
"17079400","Yargıtay","Hukuk Genel Kurulu","2011/196","2011/323","18.05.2011","hgk","usul_hukuk","y2010_2019","0.654","0.512","0.46","0.95","İşin esasına yönelik karar düzeltme istemine gelince; 





 
Temyiz ilamında yer alan açıklamalara göre Hukuk Usulü Muhakemeleri Kanununun 440.maddesinde sayılan sebeplerden hiçbirisine uygun olmayan karar düzeltme isteğinin REDDİNE, aynı Kanunun 442/3. ve 4421 sayılı Kanunun 4/b-1 maddeleri gereğince takdiren 185.00 TL para cezasının karar düzeltme isteyenden alınarak hazineye gelir kaydedilmesine; 18.05.2011 gününde oybirliğiyle karar verildi."
"76973000","Yargıtay","Ceza Genel Kurulu","2010/213","2010/243","30.11.2010","cgk","ceza_usul","y2010_2019","0.654","0.554","0.435","0.95","hakkında, 20.12.2006 tarihinde işlediği kumar oynanması için yer ve imk&acirc;n sağlama suçundan verilen hükümle ilgili olarak Özel Daire ile Yargıtay Cumhuriyet Başsavcılığı arasında oluşan ve Ceza Genel Kurulunca çözümlenmesi gereken uyuşmazlık; sanık A...A...ın sabıka kaydında yer alan hükümlülüğün, sanık hakkında 5237 sayılı TCY'nın 50. fıkrasında; ""Daha önce hapis cezasına mahk&ucirc;m edilmemiş olmak koşuluyla, mahk&ucirc;m olunan otuz gün ve daha az süreli hapis cezası"
"77397100","Yargıtay","Ceza Genel Kurulu","2012/1366","2012/1866","25.12.2012","cgk","ceza_usul","y2010_2019","0.654","0.425","0.51","0.95","CEZA GENEL KURULU KARARI
Özel Daire ile yerel mahkeme arasındaki uyuşmazlık; yerel mahkeme hükmünün Özel Dairece hükmün açıklanmasının geri bırakılmasının değerlendirilmesi amacıyla bozulmasının isabetli olup olmadığının belirlenmesine ilişkin ise de, dava zamanaşımının gerçekleşip gerçekleşmediği hususunun Yargıtay İç Yönetmeliğinin 27. Ceza Genel Kurulunun 26.06.2012 gün ve 978-250 ile 23.01.2007 gün ve 254-5 sayılı kararları başta olmak üzere birçok kararında da açıkça vur"
"76907800","Yargıtay","Hukuk Genel Kurulu","2010/428","2010/437","29.09.2010","hgk","is_sgk","y2010_2019","0.653","0.484","0.473","0.95","Davanın yasal dayanağını oluşturan 2926 sayılı Kanunun 2.maddesi uyarınca; Kanunla veya kanunların verdiği yetkiye dayanılarak kurulan sosyal güvenlik kuruluşları kapsamı dışında kalan ve herhangi bir işverene hizmet akdi ile bağlı olmaksızın 3 üncü maddenin (b) bendinde tanımlanan tarımsal faaliyetlerde bulunanlar, bu Kanuna göre sigortalı sayılırlar. Bu bağlamda 2.madde kapsamına girenlerin belirtilen şekilde prim borçlarının ürün bedellerinden tevkifat suretiyle kesilerek "
"77586800","Yargıtay","Hukuk Genel Kurulu","2013/109","2013/1476","23.10.2013","hgk","ticaret","y2010_2019","0.653","0.485","0.473","0.95","Davacı vekili, müvekkilinin dava konusu edilen payın ilişkin bulunduğu 1 no'lu parselin paydaşlarından olduğunu, taşınmazın paydaşlarından Z.Ö.'in taşınmazdaki 211/ 7302 payını tapuda trampa olarak göstererek 26.11.2009 tarihinde davalıya sattığını, davacının muvazaalı işlemi yeni öğrendiğini, paydaş Z. Açıklanan maddi olgu, bozma ve direnme kararlarının kapsamları itibariyle Hukuk Genel Kurulu önüne gelen uyuşmazlık; Önalım davasına konu 43049 ada 1 parselde davalının trampa"
"77413400","Yargıtay","Hukuk Genel Kurulu","2012/1692","2013/845","14.06.2013","hgk","borclar","y2010_2019","0.653","0.454","0.491","0.95","Direnme yoluyla Hukuk Genel Kurulu önüne gelen uyuşmazlık; kiralanan taşınmazın kira sözleşmesinde L..C..tabelası altında bu marka ürünlerin satışı kararlaştırılmışken, bu ürünleri satmayıp, G-L..markalı ürünleri satışa arz etmesi halinin -sözleşmenin 4.maddesi ve diğer maddeler dikkate alındığında- kiralananın kullanımına ilişkin olup olmadığı, bu durumda aktin feshi ile birlikte kiralananın tahliyesine de karar verilip verilemeyeceği noktasında toplanmaktadır. maddesinin bi"
"77513600","Yargıtay","Hukuk Genel Kurulu","2012/1838","2013/785","29.05.2013","hgk","ticaret","y2010_2019","0.653","0.336","0.56","0.95","Dosya içeriği, toplanan deliller ve özellikle Özel Daire bozma ilamında belirtilen gerekçelerle, Hukuk Genel Kurulu'nca da benimsenen bozma ilamına uyulmak gerekirken, önceki kararda direnilmesi usul ve yasaya aykırıdır. SONUÇ : Davacılar vekilinin temyiz itirazlarının kabulü ile, direnme kararının Özel Daire bozma kararında gösterilen nedenlerden dolayı 6217 sayılı Kanunun 30.maddesi ile 6100 sayılı Hukuk Muhakemeleri Kanunu'na eklenen ""Geçici madde 3"" atfıyla uygulanmakta o"
"77595400","Yargıtay","Hukuk Genel Kurulu","2013/1778","2013/1577","13.11.2013","hgk","diger","y2010_2019","0.653","0.616","0.398","0.95","Somut olayda davalı vekilinin süresi içinde verdiği dilekçe ile karar düzeltme kanun yoluna başvurduğu ancak dilekçe üzerinde kanun yolu dilekçesinin kayıt edildiğine dair bir belirlemenin bulunmadığı tespit edilmiştir. Bu nedenle davalı vekiline ait karar düzeltme dilekçesinin kayıt tarihinin ve numarasının tespit edilerek kayıt altına alınması için dosyanın mahkemesine geri çevrilmesi gerekmiştir."
"76957800","Yargıtay","Ceza Genel Kurulu","2010/220","2010/231","23.11.2010","cgk","ceza_ozel","y2010_2019","0.653","0.682","0.36","0.95","10.05.1993 doğumlu olup, suç tarihi olan 11.11.2007 tarihinde 14 yaşını 6 ay 1 gün geçen ve işlediği suçun anlam sonuçlarını algılama ve bu fiille ilgili olarak davranışlarını yönlendirme yeteneğine sahip olduğu saptanan sanık O...B...'un, bilahare şikayetinden vazgeçen C..D...'i, haksız tahrik altında, bıçakla basit tıbbi müdahale ile giderilebilecek şekilde yaraladığı olayda, sanığın suç tarihindeki yaşı nedeniyle hakkında 5237 sayılı TCY'nın 53. fıkrasında, ""Kısa süreli ha"
"76945800","Yargıtay","Hukuk Genel Kurulu","2010/406","2010/503","13.10.2010","hgk","usul_hukuk","y2010_2019","0.652","0.33","0.56","0.95","HUKUK GENEL KURULU KARARI

 Hukuk Genel Kurulunca incelenerek direnme kararının süresinde temyiz edildiği anlaşıldıktan ve dosyadaki kağıtlar okunduktan sonra gereği görüşüldü:
Dava, Tüketici Sorunları Hakem Heyetinin ""davacının abonelerinden almakta olduğu sabit ücretin alınmaması gerektiğine dair"" kararının iptali istemine ilişkindir. Hukuk Genel Kurulu'ndaki görüşmeler sırasında, esasın incelenmesine geçilmeden önce; davanın niteliği ve müddeabihi itibariyle, direnme karar"
"17098400","Yargıtay","Hukuk Genel Kurulu","2007/18","2010/542","27.10.2010","hgk","miras","y2010_2019","0.652","0.452","0.491","0.95","fıkrasında, ""Bu maddenin tazminata ilişkin hükümleri, vuku bulduğu tarih itibarı ile bu maddenin kapsamında olan kamulaştırmasız el koymadan dolayı açtıkları tazminat davası süre bakımından dava hakkının düştüğü gerekçesiyle reddedilmiş olanlar hakkında da uygulanır..."" denildikten sonra; 9. madde hükümleri uyarınca işlem yapılarak sonucuna göre karar verilmesi; aksi takdirde elatmanın önlenmesi ve kal istemiyle açılmış bulunan davanın reddi cihetine gidilmesi gerekir."
"16896200","Yargıtay","Hukuk Genel Kurulu","2009/586","2010/31","27.01.2010","hgk","is_sgk","y2010_2019","0.652","0.394","0.523","0.95","Kural olarak, yargılama aşamasında dayanılıp sunulmayan deliller, temyiz veya karar düzeltme aşamasında sunulamazlar; sunulmuş olsalar bile, bu aşamalardaki incelemeler sırasında dikkate alınamazlar. Davanın hukuksal niteliği ve somut olayın özelliği gereği davalı, temyiz aşamasında dava konusu borcu söndüren nitelikte bir belge vermişse, bu belge üzerinde gerekli inceleme yapılmak suretiyle bir karar verilmesi gerekir."
"77599400","Yargıtay","Hukuk Genel Kurulu","2013/359","2013/1583","15.11.2013","hgk","ticaret","y2010_2019","0.652","0.419","0.51","0.95","Bilindiği üzere; direnme kararının varlığından söz edilebilmesi için, mahkeme bozmadan esinlenerek yeni herhangi bir delil toplamadan önceki deliller çerçevesinde karar vermeli; gerekçesini önceki kararına göre genişletebilirse de değiştirmemelidir (6217 sayılı Kanunun 30.maddesi ile 6100 sayılı Hukuk Muhakemeleri Kanunu'na eklenen ""Geçici madde 3"" atfıyla uygulanmakta olan 1086 sayılı Hukuk Usulü Muhakemeleri Kanununun 429.maddesi). S O N U Ç : Yukarıda açıklanan nedenlerle "
"77598500","Yargıtay","Hukuk Genel Kurulu","2012/1931","2013/1514","30.10.2013","hgk","is_sgk","y2010_2019","0.652","0.33","0.56","0.95","Tarafların karşılıklı iddia ve savunmalarına, dosyadaki tutanak ve kanıtlara, bozma kararında açıklanan gerektirici nedenlere ve özellikle davalı hakkında açılmış çok sayıda işçilik alacağı davası bulunmasına göre, Hukuk Genel Kurulu'nca da benimsenen Özel Daire bozma kararına uyulmak gerekirken, önceki kararda direnilmesi usul ve yasaya aykırıdır. Davacı, davalının çöp toplama işini ihale ile aldığını, 31.12.2004 tarihi itibarıyla hizmetini tamamladığı ve teminatın iadesini "
"17158100","Yargıtay","Hukuk Genel Kurulu","2011/583","2011/703","23.11.2011","hgk","usul_hukuk","y2010_2019","0.652","0.591","0.409","0.95","Şu durumda; yasal temyiz süresi geçtikten sonra verilen temyiz dilekçesinin reddine karar verilmesi gerekir. Bilindiği üzere, 4822 sayılı Kanunla değişik 4077 sayılı Tüketicilerin Korunması Hakkında Kanunun 23.maddesinde: Tüketici mahkemelerinde görülecek davalar Hukuk Usulü Muhakemeleri Kanununun Yedinci Babı, Dördüncü Faslı hükümlerine göre yürütülür."
"477285500","Yargıtay","Ceza Genel Kurulu","2011/239","2011/281","20.12.2011","cgk","ceza_usul","y2010_2019","0.652","0.557","0.429","0.95","O halde sınırlı amaçla ve istisnai olarak başvurulsa da bu yargılama faaliyeti sonucunda verilen ve hüküm niteliğine sahip bulunan yeni kararın da Ceza Yargılaması Yasasına göre bir hükümde bulunması zorunlu unsurları taşıması, bünyesinde noksanlık barındırmaması ve infaz sırasında karışıklığa meydan vermemesi gerekir. fıkrasına göre; “suçun işlendiği zaman yürürlükte bulunan kanun ile sonradan yürürlüğe giren kanunların hükümleri farklı ise, failin lehine olan kanun uygulanı"
"77340400","Yargıtay","Ceza Genel Kurulu","2012/1558","2013/72","26.02.2013","cgk","aile","y2010_2019","0.652","0.479","0.473","0.95","Özel Daire ile Yargıtay Cumhuriyet Başsavcılığı arasında oluşan ve Ceza Genel Kurulunca çözümlenmesi gereken uyuşmazlık, sanığın sabit kabul edilen eyleminin kasten yaralama suçunu mu, yoksa kasten öldürmeye teşebbüs suçunu mu oluşturduğu ile sanık hakkında gönüllü vazgeçme hükümlerinin uygulanmasının mümkün olup olmadığının belirlenmesine ilişkindir. D.'ın gözaltında alındığı, 
Yapılan kontrolde sanığın 123 promil alkollü olduğunun belirlendiği, 
Genel adli muayene raporunda"
"17207400","Yargıtay","Ceza Genel Kurulu","2011/130","2011/149","28.06.2011","cgk","ceza_ozel","y2010_2019","0.652","0.415","0.51","0.95","maddesi uyarınca duruşmanın başında sanığa, iddianame ya da iddianame yerine geçen belgelerin okunması gerekir. Öldürme suçu yönünden re'sen temyize tabi olan bu hükmün de sanıklar ve müdafileri tarafından temyiz edilmesi üzerine, Yargıtay Cumhuriyet Başsavcılığı'nın ""bozma"" istemli, 04.05.2011 gün ve 99681 sayılı tebliğnamesi ile Yargıtay Birinci Başkanlığı'na gönderilen dosya, Ceza Genel Kurulu'nca değerlendirilmiş ve açıklanan gerekçelerle karara bağlanmıştır."
"77087400","Yargıtay","Hukuk Genel Kurulu","2011/395","2011/442","22.06.2011","hgk","usul_hukuk","y2010_2019","0.651","0.414","0.51","0.95","Bilindiği üzere; Direnme kararının varlığından söz edilebilmesi için; açıkça bozma ilamına uyulmamış olması; bozmadan esinlenilerek eylemli uyma anlamına gelecek herhangi bir araştırma yapılmaması, yeni delil toplanmaması ve gerekçenin değiştirilmemesi gerekir. Hukuk Genel Kurulundaki görüşme sırasında, işin esasının incelenmesinden önce, temyize konu kararın gerçekte yeni hüküm niteliğinde olup olmadığı; dolayısıyla, temyiz incelemesinin Hukuk Genel Kurulu'nca mı, yoksa Özel"
"76983900","Yargıtay","Hukuk Genel Kurulu","2006/681","2010/540","20.10.2010","hgk","usul_hukuk","y2010_2019","0.651","0.294","0.579","0.95","Hal böyle olunca; Yerel Mahkemece, aynı yöne işaret eden ve Hukuk Genel Kurulu'nca da benimsenen Özel Daire bozma ilamına uyularak, davacı idarenin istemi hakkında irtifak tesisine karar verilmesi gerekirken, isabetsiz teşhis ve değerlendirme sonucu davanın reddine dair verilen kararda direnilmesi usul ve yasaya aykırıdır. HUKUK GENEL KURULU KARARI

 Hukuk Genel Kurulunca incelenerek direnme kararının süresinde temyiz edildiği anlaşıldıktan ve dosyadaki kağıtlar okunduktan so"
"17157200","Yargıtay","Hukuk Genel Kurulu","2011/550","2011/723","30.11.2011","hgk","is_sgk","y2010_2019","0.651","0.349","0.548","0.95","Bu nedenle, davacı Kurum vekilinin temyiz dilekçesinin reddi gerekir. HUKUK GENEL KURULU KARARI 





 
Hukuk Genel Kurulunca incelenerek direnme kararının süresinde temyiz edildiği anlaşıldıktan ve dosyadaki kağıtlar okunduktan sonra gereği görüşüldü:





 
Dava, işkazası sonucu sürekli işgöremezlik durumuna giren sigortalıya Sosyal Güvenlik Kurumunca yapılan sosyal sigorta yardımlarının 506 sayılı Sosyal Sigortalar Kanunu'nun 10 ve 26."
"76997500","Yargıtay","Hukuk Genel Kurulu","2011/116","2011/253","29.04.2011","hgk","usul_hukuk","y2010_2019","0.651","0.379","0.529","0.95","Hukuk Genel Kurulundaki görüşme sırasında, işin esasının incelenmesinden önce, temyize konu kararın gerçekte yeni hüküm niteliğinde olup olmadığı; dolayısıyla, temyiz incelemesinin Hukuk Genel Kurulu'nca mı, yoksa Özel Dairece mi yapılması gerektiği hususu, ön sorun olarak değerlendirilmiştir. Mahkemece; önceki gerekçelerle ve ayrıca 15.3.2008 tanzim tarihli ""Tutanak"" başlıklı belge ile İstanbul Gazetesi'nin 29.02.2008 tarihli sayısında yayımlanan ilana dayanılmak suretiyle d"
"77640800","Yargıtay","Hukuk Genel Kurulu","2012/1632","2012/1202","12.12.2013","hgk","diger","y2010_2019","0.651","0.561","0.424","0.95","Davacı vekili Hukuk Genel Kurulu Başkanlığına hitaben yazdığı 26.11.2012 tarihli dilekçe ile tekrar maddi hataların ve eksikliklerin düzletilmesi isteminde bulunmuş, dilekçenin verildiği Yargıtay 21 Hukuk Dairesi 29.11.2012 tarihli yazı ile dosya Hukuk Genel Kurulu'na gönderilmiştir. 2797 sayılı Yargıtay Kanunu 15.maddesinde Hukuk Genel Kurulu'nun görevi sayılmış, ""Yargıtay dairelerinin bozma kararlarına karşı mahkemelerce verilen direnme kararlarını inceleyerek karar vermek"""
"76916300","Yargıtay","Ceza Genel Kurulu","2010/160","2010/203","19.10.2010","cgk","usul_hukuk","y2010_2019","0.651","0.672","0.36","0.95","İ..'nın dosya içerisinde mevcut 06.10.2005 günlü adli sicil kaydında yer alan ve tekerrüre esas alınan adli sicil kaydının 28.06.2002 tarihinde işlediği hizmet nedeniyle güveni kötüye kullanma suçundan dolayı, 765 sayılı TCY'nın 510, 522 ve 59/2 maddeleri uyarınca 10 ay 25 gün hapis cezasıyla cezalandırılmasına, 647 sayılı Yasanın 6. Bu açıklamalar ışığında somut olay değerlendirildiğinde;
Sanık hakkında tekerrüre esas alınan Dörtyol Asliye Ceza Mahkemesinin 17.03.2003 tarih "
"17129600","Yargıtay","Hukuk Genel Kurulu","2011/392","2011/508","13.07.2011","hgk","is_sgk","y2010_2019","0.65","0.279","0.585","0.95","HUKUK GENEL KURULU KARARI 





 
Hukuk Genel Kurulunca incelenerek direnme kararının süresinde temyiz edildiği anlaşıldıktan ve dosyadaki kağıtlar okunduktan sonra gereği görüşüldü:





 
Dava, yurtdışı sigortalı başlangıcının 16.07.1979 tarihi ile 01.12.2007 tarihinden itibaren yaşlılık aylığına hak kazandığının tespiti istemine ilişkindir. Davacı vekili, müvekkilinin, Almanya'da ilk defa 16.07.1979 tarihinde çalışmaya başladığını, davalı Kuruma yaşlılık aylığı bağlanması "
"17065500","Yargıtay","Hukuk Genel Kurulu","2010/717","2011/129","13.04.2011","hgk","is_sgk","y2010_2019","0.65","0.409","0.51","0.95","O nedenle doktorun meslek alanı içinde olan bütün kusurları, hafif de olsa, sorumluluğun unsuru olarak kabul edilmelidir. HUKUK GENEL KURULU KARARI






Hukuk Genel Kurulu'nca incelenerek direnme kararının süresinde temyiz edildiği anlaşıldıktan ve dosyadaki kağıtlar okunduktan sonra gereği görüşüldü:






Dava, davacının tedavisini üstlenen davalı doktorun kusuru nedeniyle oluşan zararın giderilmesine yönelik maddi ve manevi tazminat istemine ilişkindir."
"457393600","Yargıtay","Hukuk Genel Kurulu","2010/355","2010/379","14.07.2010","hgk","usul_hukuk","y2010_2019","0.65","0.406","0.51","0.95","Hukuk Dairesinin hükmüne yönelik temyiz dilekçesi incelendi:
Dosyadaki tutanak ve kanıtlara, bilgi ve belgelere, daire kararında açıklanan gerektirici nedenlere ve özellikle delillerin değerlendirilmesinde bir isabetsizlik bulunmamasına göre, usul ve yasaya uygun olduğu tespit edilen Yargıtay 4.Hukuk Dairesinin ilk derece mahkemesi sıfatıyla verdiği kararın onanması gerekir. SONUÇ: Davacı vekilinin temyiz itirazlarının reddi ile 4.Hukuk Dairesinin ilk derece mahkemesi sıfatıy"
"77109400","Yargıtay","Hukuk Genel Kurulu","2011/507","2011/530","13.07.2011","hgk","is_sgk","y2010_2019","0.65","0.568","0.417","0.95","Açıklanan nedenlerle dosyanın mahalline iadesi gerekir.S O N U Ç : Yukarıda açıklanan nedenlerle; dosyanın Mahalline İadesine, 13.07.2011 gününde oybirliği ile karar verildi. Mahkemece, önceki kararda direnilmiş; görevsizlik kararı verilerek, bu kararın kesinleşmesi halinde daha önce idare mahkemesince de görevsizlik kararı verildiğinden, çıkan olumsuz görev uyuşmazlığının giderilmesi için, talep halinde dosyanın uyuşmazlık mahkemesine gönderilmesine karar verilmiştir."
"17007800","Yargıtay","Hukuk Genel Kurulu","2009/15404","2010/17422","25.10.2010","hgk","aile","y2010_2019","0.65","0.56","0.423","0.95","SONUÇ:Temyiz edilen hükmün yukarıda gösterilen sebeple BOZULMASINA, bozma sebebine göre davalının diğer temyiz itirazlarının incelenmesine yer olmadığına, istek halinde temyiz peşin harcının yatırana geri verilmesine, işbu kararın tebliğinden itibaren onbeş gün içinde karar düzeltme yolu açık olmak üzere oybirliğiyle karar verildi.25.10.2010(Pzt) Evlilik birliği, ortak hayatı sürdürmeleri kendilerinden beklenmeyecek derecede temelinden sarsılmış olursa, eşlerden her biri boşa"
"77391100","Yargıtay","Ceza Genel Kurulu","2012/521","2012/1873","25.12.2012","cgk","ceza_ozel","y2010_2019","0.65","0.409","0.51","0.95","CEZA GENEL KURULU KARARI
Özel Daire ile yerel mahkeme arasında oluşan ve Ceza Genel Kurulunca çözümlenmesi gereken uyuşmazlık; suçun subutuna ilişkin ise de, sorgu tarihinin 18.10.2005, suç tarihinin 18.09.2004 olduğu davada zamanaşımının gerçekleşip gerçekleşmediği hususunun Yargıtay İç Yönetmeliğinin 27. Ceza Genel Kurulunun 23.01.2007 gün ve 254-5 sayılı kararında açıkça vurgulandığı üzere, yargılama yapılmasına engel olup davayı düşüren hallerden biri olan dava zamanaşımı"
"17213000","Yargıtay","Hukuk Genel Kurulu","2010/28","2010/8","27.01.2010","hgk","usul_hukuk","y2010_2019","0.649","0.532","0.435","0.95","Hukuk Dairesinin ilk derece mahkemesi sıfatıyla verdiği, kararın süresinde temyiz edildiği anlaşıldıktan ve dosyadaki kağıtlar okunduktan sonra gereği görüşüldü:






Hukuk Genel Kurulu'ndaki görüşme sırasında, esasa girilmeden önce, müddeabihin miktarı itibariyle, maddi tazminata ilişkin karara karşı temyiz yolunun açık olup olmadığı, ön sorun olarak incelenmiştir:






Davacı 10.000 TL manevi tazminat istemi yanında (fazlaya ilişkin haklarını saklı tutmaksızın) 760 TL mad"
"17158400","Yargıtay","Hukuk Genel Kurulu","2011/740","2011/685","23.11.2011","hgk","icra_iflas","y2010_2019","0.649","0.25","0.598","0.95","İşin esasına gelince;





 
Tarafların karşılıklı iddia ve savunmalarına, dosyadaki tutanak ve kanıtlara, bozma kararında açıklanan gerektirici nedenlere göre, Hukuk Genel Kurulu'nca da benimsenen Özel Daire bozma kararına uyulmak gerekirken, önceki kararda direnilmesi usul ve yasaya aykırıdır. HUKUK GENEL KURULU KARARI





 
Hukuk Genel Kurulu'nca dilekçe, 6217 sayılı Kanunun 30.maddesi ile 6100 sayılı Hukuk Muhakemeleri Kanunu'na eklenen ""Geçici madde 3"" atfıyla uygulanma"
"76903200","Yargıtay","Hukuk Genel Kurulu","2010/561","2010/425","29.09.2010","hgk","icra_iflas","y2010_2019","0.649","0.604","0.394","0.95","Açıklanan nedenle, davacı vekillerinin yasal dayanağı bulunmayan isteminin reddi gerekir. Ne usul yasamızda ne de mevcut herhangi bir başka yasada Yargıtay Özel Dairelerce verilen onama ve karar düzeltme kararlarının Hukuk Genel Kurulunca temyiz yoluyla incelenebileceğine dair bir hüküm yer almamakta; dolayısıyla dosya üzerinde Hukuk Genel Kurulunca yapılacak işlem de bulunmamaktadır."
"52005100","Yargıtay","Ceza Genel Kurulu","2012/1573","2013/104","26.03.2013","cgk","ceza_genel","y2010_2019","0.649","0.404","0.51","0.95","CEZA GENEL KURULU KARARI

 Sanığın kasten öldürme suçundan cezalandırılmasına karar verilen olayda, Özel Daire çoğunluğu ile Yargıtay Cumhuriyet Başsavcılığı arasında oluşan ve Ceza Genel Kurulunca çözümlenmesi gereken uyuşmazlık, sanık hakkında haksız tahrik hükümlerinin uygulanıp uygulanmayacağının belirlenmesine ilişkindir. parmaklarında hareketle ağrısının bulunduğu,

 Adli Tıp Kurumu Başkanlığı Gözlem İhtisas Dairesinin 13.08.2010 gün ve 718 sayılı raporuna göre; sanığın"
"77135100","Yargıtay","Ceza Genel Kurulu","2011/74","2011/147","28.06.2011","cgk","ceza_usul","y2010_2019","0.649","0.404","0.51","0.95","CEZA GENEL KURULU KARARI
Özel Daire ile yerel mahkeme arasında oluşan ve Ceza Genel Kurulunca çözümlenmesi gereken uyuşmazlık; kesinleşmiş ve infaz edilmiş hükümlere yönelik uyarlama yargılaması yapılıp yapılmayacağının belirlenmesine ilişkin ise de; bir hükmün, eylemli uyma sonucu verilen yeni hüküm niteliğinde olup olmadığına karar verecek merciin Ceza Genel Kurulu mu, yoksa Özel Daire mi olduğunun öncelikle tespit edilmesi gerekmektedir. fıkrasında öngörülen yönteme göre, "
"76735700","Yargıtay","Ceza Genel Kurulu","2009/230","2010/32","23.02.2010","cgk","ceza_ozel","y2010_2019","0.649","0.663","0.36","0.95","Hangi mahkumiyetin tekerrüre esas alındığı, tekerrür koşullarının bulunup bulunmadığı ve hükümlü hakkında kaçıncı kez tekerrür hükümlerinin uygulandığının hükümde gösterilmesi gerekir"" gerekçesiyle, hükümde 58. Bu nedenlerle aynen tekerrürde olduğu gibi, hükümde yer alan ve ""hapis cezasının ertelenmesine"" ilişkin olan kısmın da aleyhe değiştirmeme yasağına konu teşkil edeceğinin kabul edilmesi gerekir."
"77571100","Yargıtay","Ceza Genel Kurulu","2013/208","2013/526","26.11.2013","cgk","ceza_usul","y2010_2019","0.649","0.315","0.56","0.95","maddesi ile kabul edilmiş, 19.12.2006 günü yürürlüğe giren 5560 sayılı Kanunun 23. CEZA GENEL KURULU KARARI
Sanığın hakkı olmayan yere tecavüz suçundan cezalandırılmasına karar verilen olayda, Özel Daire ile Yargıtay Cumhuriyet Başsavcılığı arasında oluşan ve Ceza Genel Kurulunca çözümlenmesi gereken uyuşmazlık, 05.12.2007 tarihli yerel mahkeme hükmünün, 5271 sayılı CMK'nun 231/5."
"76873000","Yargıtay","Ceza Genel Kurulu","2010/177","2010/173","28.09.2010","cgk","ceza_ozel","y2010_2019","0.649","0.526","0.438","0.95","Bu tarihten sonra zamanaşımını kesen başkaca bir işlem olmadığından ve eylemin daha ağır cezayı gerektiren başka bir suçu oluşturma olasılığı bulunmadığından, yerel mahkemenin 27.03.2008 tarihli direnme kararından sonra, dosyanın Yargıtay C.Başsavcılığında bulunduğu bir aşamada 24.06.2009 tarihinde asli dava zamanaşımı süresinin dolmuş olduğu anlaşılmaktadır. CEZA GENEL KURULU KARARI
Yargıtay Ceza Genel Kurulunca çözümlenmesi gereken uyuşmazlık; sanık hakkında uzlaşma hükümle"
"76978300","Yargıtay","Hukuk Genel Kurulu","2011/168","2011/208","20.04.2011","hgk","is_sgk","y2010_2019","0.648","0.218","0.615","0.95","HUKUK GENEL KURULU KARARI

 Hukuk Genel Kurulunca incelenerek direnme kararının süresinde temyiz edildiği anlaşıldıktan ve dosyadaki kağıtlar okunduktan sonra gereği görüşüldü:
Dava, yurtdışı borçlanması nedeniyle 01.02.2008 tarihinden itibaren yaşlılık aylığına hak kazandığının tespiti ile aylık bağlanması istemine ilişkindir. Davacı ile davalı Kurum arasındaki çekişme, yurt dışında çalışmaya başlanılan tarihin Türkiye'de sigortalılığın başlangıcına esas alınmaması nedeniyle"
"77652500","Yargıtay","Hukuk Genel Kurulu","2012/919","2012/1224","19.12.2012","hgk","usul_hukuk","y2010_2019","0.648","0.312","0.56","0.95","Şu hususta unutulmamalıdır ki, çekişmeli taşınmazlara ilişkin dayanak tescil ilamlarının gözetilmesi, kesin hüküm itirazları mülkiyet iddiasını ilgilendireceğinden görevli mahkemece değerlendirilmesi gerekir. Köyünde ilk orman tahdidinin 3116 sayılı kanuna göre 1946 yılında yapılmış olup ilan edilerek kesinleştiğini, 6831 sayılı yasaya göre Orman Kadastrosu ve 1744 sayılı yasa ile değişik 2.madde uygulaması ve aplikasyon işlemlerinin 7 nolu Orman Kadastro Komisyonuna bağlı 3 "
"52005700","Yargıtay","Ceza Genel Kurulu","2012/1390","2013/100","26.03.2013","cgk","ceza_genel","y2010_2019","0.648","0.399","0.51","0.95","CEZA GENEL KURULU KARARI

 İnceleme sanık Sofu Mehmet hakkında kurulan hükümle sınırlı olarak yapılmış olup, sanığın hırsızlık suçundan cezalandırılmasına karar verilen ve suçun sübutuna ilişkin bir uyuşmazlık bulunmayan olayda, Özel Daire ile Yargıtay Cumhuriyet Başsavcılığı arasında oluşan ve Ceza Genel Kurulunca çözümlenmesi gereken uyuşmazlık, sanık hakkında hükmolunan cezanın ertelenmemesi hususunda gösterilen gerekçenin yasal ve yeterli olup olmadığının belirlenmesine i"
"76718300","Yargıtay","Ceza Genel Kurulu","2009/246","2010/9","26.01.2010","cgk","ceza_usul","y2010_2019","0.648","0.518","0.44","0.95","CEZA GENEL KURULU KARARI
Yargıtay Ceza Genel Kurulunca çözümlenmesi gereken uyuşmazlık hakaret suçunun sabit olup olmadığı noktasında toplanmakta ise de; dava zamanaşımının gerçekleşip gerçekleşmediği hususunun Yargıtay İç Yönetmeliğinin 27. maddeleri uyarınca DÜŞMESİNE,
3- Dosyanın mahalline iadesi için Yargıtay Cumhuriyet Başsavcılığına TEVDİİNE, 26.01.2010 günü yapılan müzakerede tebliğnamedeki isteğe uygun olarak oybirliği ile karar verildi."
"77474000","Yargıtay","Hukuk Genel Kurulu","2012/1809","2013/754","22.05.2013","hgk","esya_tapu","y2010_2019","0.647","0.307","0.56","0.95","Bu durumda, tarafların karşılıklı iddia ve savunmalarına, dosyadaki tutanak ve kanıtlara, bozma kararında açıklanan gerektirici nedenlere göre Hukuk Genel Kurulu'nca da benimsenen Özel Daire bozma kararına uyulmak gerekirken, önceki kararda direnilmesi usul ve yasaya aykırıdır. Hukuk Genel Kurulu önüne gelen uyuşmazlık; terditli talepten sonra davanın satış suretiyle taksim talebine hasredilmesi sonucu mahkemenin, satış yoluyla ortaklığın giderilmesine dair verdiği kararın ya"
"77530600","Yargıtay","Hukuk Genel Kurulu","2012/1497","2013/810","31.05.2013","hgk","ticaret","y2010_2019","0.647","0.31","0.56","0.95","Tarafların karşılıklı iddia ve savunmalarına, dosyadaki tutanak ve kanıtlara, bozma kararında açıklanan gerektirici nedenlere göre, Hukuk Genel Kurulu'nca da benimsenen Özel Daire Bozma kararına uyulmak gerekirken, önceki kararda direnilmesi usul ve yasaya aykırıdır. Direnme yoluyla Hukuk Genel Kurulu'nun önüne gelen uyuşmazlık; Yerel Muğla Yenigün Gazetesi'nin 25 Temmuz ve 28 Temmuz 2008 tarihli nüshalarında çıkan haberlerin, davacının kişilik haklarına saldırı niteliğinde o"
"76969400","Yargıtay","Hukuk Genel Kurulu","2010/719","2011/192","20.04.2011","hgk","esya_tapu","y2010_2019","0.647","0.33","0.548","0.95","Ne var ki, davacı vekilinin diğer temyiz itirazlarının incelenmesi için dosyanın Özel Daire'sine gönderilmesi gerekir. HUKUK GENEL KURULU KARARI

 Hukuk Genel Kurulunca incelenerek direnme kararının süresinde temyiz edildiği anlaşıldıktan ve dosyadaki kağıtlar okunduktan sonra gereği görüşüldü: 
Dava, Kamulaştırma Kanununun 4650 sayılı Kanunla değişik hükümleri uyarınca, kamulaştırma bedelinin tespiti ve tescil istemine ilişkindir."
"77230900","Yargıtay","Hukuk Genel Kurulu","2011/436","2011/531","21.09.2011","hgk","aile","y2010_2019","0.647","0.597","0.392","0.95","O halde, davalı-karşı davacı asil ile feragate yetkili vekili birlikte temyiz isteğinden vazgeçtiklerinden temyiz dilekçelerinin feragat nedeniyle reddi gerekir. Y...ve vekili Avukat birlikte imzaladıkları altında açık kimliklerinin tespitinin yapıldığı 08.07.2011 havale tarihli dilekçe ile temyizden feragat ettiklerini bildirmişlerdir."
"45602600","Yargıtay","Ceza Genel Kurulu","2012/1324","2013/27","29.01.2013","cgk","usul_hukuk","y2010_2019","0.647","0.523","0.435","0.95","fıkrada sayılan seçenek yaptırımlardan birine çevrilmesinin zorunlu olduğu gerekçesiyle Adalet Bakanlığınca kanun yararına bozma yoluna başvurulduğu,

 Özel Dairece kanun yararına bozma talebindeki düşünce yerinde görülerek yerel mahkeme hükmünün bozulmasına ve müteakip işlemlerin mahallinde yerine getirilmesine karar verildiği,

 Anlaşılmaktadır. maddesi uyarınca h&acirc;kim veya mahkemece verilip istinaf veya temyiz incelemesinden geçmeksizin kesinleşen karar veya hükümlerd"
"77051400","Yargıtay","Ceza Genel Kurulu","2011/7","2011/63","19.04.2011","cgk","ceza_genel","y2010_2019","0.647","0.31","0.56","0.95","Böylece, hukuki ilişkiye dayanan bir alacağın tahsili amacıyla hareket edilmiş olması daha az ceza verilmesini gerektiren bir hal olarak kabul edilmiş, başka bir anlatımla failin saikine önem verilmiştir. fıkrası; ""kişinin bir hukuki ilişkiye dayanan alacağını tahsil amacıyla tehdit veya cebir kullanması halinde, ancak tehdit veya kasten yaralama suçuna ilişkin hükümler uygulanır"" şeklindedir."
"76874500","Yargıtay","Ceza Genel Kurulu","2010/174","2010/176","28.09.2010","cgk","ceza_genel","y2010_2019","0.647","0.655","0.36","0.95","Dosya incelendiğinde;
Sanık savunmasının tespit edilmesi, tanık ifadesi alınması, Cumhuriyet savcısının esas hakkındaki görüşünü bildirmesi gibi esaslı işlemlerin yapıldığı ve hükmün tefhim edildiği 04.04.2006 tarihli oturuma ait toplam 3 sayfadan ibaret olan duruşma tutanağının ilk iki sayfasının Hakim H..M..(42083) tarafından imzasız bırakıldığı anlaşılmaktadır. Buna göre, Yargıtay Ceza Genel Kurulu'nun yerleşik kararlarında da belirtildiği üzere; ceza yargılaması işlemleri"
"17078700","Yargıtay","Hukuk Genel Kurulu","2011/301","2011/416","15.06.2011","hgk","is_sgk","y2010_2019","0.646","0.392","0.51","0.95","HUKUK GENEL KURULU KARARI





 
Hukuk Genel Kurulunca incelenerek direnme kararının süresinde temyiz edildiği anlaşıldıktan ve dosyadaki kağıtlar okunduktan sonra gereği görüşüldü:





 
Asıl dava; kıdem tazminatı, ücret, fazla çalışma, izin, vergi iadesi alacaklarının; karşı dava ise, ihbar tazminatının ödetilmesi istemine ilişkindir. Böylece, mahkemenin, ilk kararda, tartışılıp değerlendirilmeyen yeni bir gerekçe ile karar verdiği; direnme olarak adlandırdığı temyize konu"
"77103000","Yargıtay","Ceza Genel Kurulu","2011/170","2011/179","20.09.2011","cgk","usul_hukuk","y2010_2019","0.646","0.367","0.523","0.95","Bu düzenleme ile, Yargıtay Cumhuriyet Başsavcısının ilamın kendisine verildiği tarihten itibaren 30 gün içinde ceza daireleri kararlarına karşı itiraz yasa yoluna başvurabileceği öngörülmüş, ancak ayrıksı bir hüküm getirilmek suretiyle sanık lehine itirazlarda süre aranmayacağı kuralı benimsenmiştir. Konuya ilişkin bu yasal düzenlemenin açıklığı karşısında, hükümlü lehine farklı bir uygulamaya vurgu yapılmadığı sürece, maddede öngörülen 30 günlük sürenin Yargıtay ceza dairele"
"76939700","Yargıtay","Hukuk Genel Kurulu","2010/425","2010/495","13.10.2010","hgk","is_sgk","y2010_2019","0.645","0.298","0.56","0.95","HUKUK GENEL KURULU KARARI

 Hukuk Genel Kurulunca incelenerek direnme kararının süresinde temyiz edildiği anlaşıldıktan ve dosyadaki kağıtlar okunduktan sonra gereği görüşüldü:
Dava; kurum işleminin iptali ile davacının 15.10.1982 ila 22.03.1985 tarihleri arasında Bağ-Kur sigortalısı olduğunun tespiti ve 01.05.2007 tarihinden itibaren yaşlılık aylığı bağlanmasına karar verilmesi istemine ilişkindir. Davalı Sosyal Güvenlik Kurumu Başkanlığı (Devredilen Bağ-Kur Genel Müdürlüğü)"
"77499000","Yargıtay","Hukuk Genel Kurulu","2013/1477","2013/1777","25.12.2013","hgk","is_sgk","y2010_2019","0.645","0.319","0.548","0.95","Hukuk Genel Kurulu'ndaki görüşme sırasında, işin esasının incelenmesinden önce, direnme kararının gerçekte yeni hüküm niteliğinde olup olmadığı; dolayısıyla, temyiz incelemesinin Hukuk Genel Kurulu'nca mı, yoksa Özel Dairece mi yapılması gerektiği hususu, ön sorun olarak tartışılıp, değerlendirilmiştir. Hal böyle olunca; mahkemenin direnme olarak adlandırdığı temyize konu kararın usul hukuku anlamında gerçek bir direnme kararı olmadığı; bozma sonrası ilk defa dosyaya giren bi"
"45607200","Yargıtay","Ceza Genel Kurulu","2012/1327","2013/261","28.05.2013","cgk","ceza_ozel","y2010_2019","0.645","0.386","0.51","0.95","CEZA GENEL KURULU KARARI

 Sanığın hırsızlık suçundan cezalandırılmasına karar verilen olayda, Özel Daire ile Yargıtay Cumhuriyet Başsavcılığı arasında oluşan ve Ceza Genel Kurulunca çözümlenmesi gereken uyuşmazlık; suçun sabit olup olmadığının belirlenmesine ilişkindir. Ceza muhakemesinin en önemli ilkelerinden biri olan ""in dubio pro reo"" yani ""şüpheden sanık yararlanır"" ilkesi uyarınca, sanığın bir suçtan cezalandırılmasının temel şartı, suçun şüpheye yer vermeyen bir kesi"
"76908900","Yargıtay","Hukuk Genel Kurulu","2010/472","2010/440","29.09.2010","hgk","is_sgk","y2010_2019","0.644","0.425","0.485","0.95","Davacı vekili, müvekkilinin 4447 Sayılı Kanunun yürürlük tarihinde 25 yıl sigortalılık ve 5000 gün prim ödemesinin olduğu ve 506 sayılı Sosyal Sigortalar Kanunun 4447 Sayılı Kanunla değişik Geçici 81/A maddesi kapsamında bulunması nedeniyle 01.10.2007 tarihinden itibaren yaşlılık aylığı bağlanmasına karar verilmesini talep ve dava etmiştir. maddesi uyarınca sigortalılığın başlangıç tarihini, borcun tamamen ödendiği tarihten borçlanılan gün sayısı kadar geriye götürerek bulmuş"
"17110400","Yargıtay","Hukuk Genel Kurulu","2011/430","2011/512","13.07.2011","hgk","is_sgk","y2010_2019","0.644","0.252","0.585","0.95","İlk uyuşmazlığın çözümünden sonra varılacak sonuca göre çözümü gereken ikinci uyuşmazlık ise; 3201 sayılı Yurtdışında Bulunan Türk Vatandaşlarının Yurt Dışında Geçen Sürelerinin Sosyal Güvenlikleri Bakımından Değerlendirilmesi Hakkında Kanuna dayalı olarak, 4759 sayılı Kanunun yürürlük tarihinden sonra borçlanma yapılması halinde; yaşlılık aylığı tahsis koşullarının 506 sayılı Kanunun Geçici 81. I-İlk uyuşmazlık yönünden, diğer bir anlatımla davacının sigortalılık başlangıç t"
"77073200","Yargıtay","Hukuk Genel Kurulu","2011/390","2011/423","15.06.2011","hgk","is_sgk","y2010_2019","0.644","0.444","0.473","0.95","Bu haliyle mahkemenin, hizmet akdine dayanarak ücret karşılığı yapılan çalışma nedeniyle alınan ödemelerin toplam işçilik ücreti alacağından mahsubu ile kalan kısmın tahsiline dair verdiği kararda usul ve yasaya aykırı bir yön bulunmadığından direnme kararının onanması gerekir. TEMYİZ EDEN: Davalı vekili

 HUKUK GENEL KURURLU KARARI

 Hukuk Genel Kurulunca incelenerek direnme kararının süresinde temyiz edildiği anlaşıldıktan ve dosyadaki kağıtlar okunduktan sonra gereği görüş"
"76902100","Yargıtay","Hukuk Genel Kurulu","2010/537","2010/424","29.09.2010","hgk","usul_hukuk","y2010_2019","0.644","0.629","0.366","0.95","Mahkeme ilk kararında direnmekle önceki hükmünü aynen oluşturmak zorundadır. Bu maddeler hükmünce kararların alenen tefhim edilmesi gerekir."
"43405400","Yargıtay","Ceza Genel Kurulu","2011/168","2011/186","27.09.2011","cgk","usul_hukuk","y2010_2019","0.644","0.38","0.51","0.95","maddeye göre verilen kararın ne olduğunun, uygulanan kanun maddelerinin, verilen ceza miktarının, kanun yollarına başvurma ve tazminat isteme ola&shy;nağının bulunup bulunmadığının, başvuru olanağı varsa süresi ve merciinin tereddüde yer vermeyecek şekilde açıkça gösterilmesi gerekir' hükmü yer almaktadır. Özel Daire ile Yargıtay C.Başsavcılığı arasında oluşan ve Yargıtay Ceza Genel Kurulu'nca çözümlenmesi gereken uyuşmazlık; sanık hakkında hükmün açıklanmasının geri bırakılm"
"17140800","Yargıtay","Hukuk Genel Kurulu","2001/367","2011/439","22.06.2011","hgk","icra_iflas","y2010_2019","0.643","0.378","0.51","0.95","Ancak, alacaklının icra prosedürü içinde aldığı parayı, icra dosyasına yatırmakla yükümlü olduğu tarihten sonra iade etmesi halinde, geç kaldığı dönem itibariyle kusurlu olduğu ve bu döneme ait zararın alacaklıdan istenebileceği de kabul edilmelidir. Tehir-i icra talebinde bulunulmaması nedeniyle, alacaklının icra takibine devam etmesi ve icra dosyasına yatırılan parayı tahsil etmesi, yasadan kaynaklanan hakkın kullanılması olarak kabul edilmelidir."
"77107200","Yargıtay","Hukuk Genel Kurulu","2011/284","2011/507","13.07.2011","hgk","ticaret","y2010_2019","0.643","0.311","0.548","0.95","Şu kadar ki, ölüm ve cismani zarar sebebiyle açılan maddi ve manevi tazminat davalarında peşin alınan harcın oranı yirmide bir olarak uygulanır. HUKUK GENEL KURULU KARARI

 Hukuk Genel Kurulu'nca dilekçe, düzeltilmesi istenen ilam ve dosyadaki ilgili bütün kağıtlar okunduktan sonra gereği görüşüldü:
İstek, icra müdürlüğü işleminin şikayetine ilişkin olup, karar ve ilam harcı alınmadan ilamın icraya konularak icra işlemlerinin devamına ilişkin icra müdürlüğü işleminin iptali i"
"76858100","Yargıtay","Hukuk Genel Kurulu","2010/276","2010/263","12.05.2010","hgk","is_sgk","y2010_2019","0.643","0.375","0.51","0.95","HUKUK GENEL KURULU KARARI

 Hukuk Genel Kurulunca incelenerek direnme kararının süresinde temyiz edildiği anlaşıldıktan ve dosyadaki kağıtlar okunduktan sonra gereği görüşüldü: 
Dava, çay ocağı işletmeciliği nedeniyle vergi kaydına dayalı olarak 01.10.1994 tarihinde Esnaf Bağ-Kur sigortalısı olarak tescil edilen davacının, 1479 sayılı Kanuna tabi zorunlu Bağ-Kur sigortalılığının ve prim borcunun iptali istemine ilişkindir. Hukuk Genel Kurulundaki görüşme sırasında, işin esası"
"76972500","Yargıtay","Hukuk Genel Kurulu","2010/361","2010/518","20.10.2010","hgk","usul_hukuk","y2010_2019","0.643","0.378","0.51","0.95","Ne var ki, Mahkemece hükmedilmiş bulunan taşıt alım vergisinin araç bedeline dahil edilip edilmeyeceği yönünden işin esası incelenmediğinden, bu yönden inceleme yapılmak üzere dosyanın Özel Daireye gönderilmesi gerekir. HUKUK GENEL KURULU KARARI
 
Hukuk Genel Kurulu'nca incelenerek direnme kararının süresinde temyiz edildiği anlaşıldıktan ve dosyadaki kağıtlar okunduktan sonra gereği görüşüldü:
Dava, ayıp nedeniyle araç bedelinin yasal faiziyle tahsili, olmadığı takdirde aynı"
"77248900","Yargıtay","Hukuk Genel Kurulu","2011/482","2011/564","28.09.2011","hgk","is_sgk","y2010_2019","0.642","0.158","0.635","0.95","Davacı vekili, müvekkilinin 3201 sayılı Kanun uyarınca borçlanma ile kazanılan sigortalılık süreleri dikkate alınarak, sigortalılık başlangıç tarihinin yurtdışında ilk defa işe girdiği tarih olduğu ve buna göre belirlenecek sigortalılık süresine göre 506 sayılı Kanunun Geçici 81.maddesi uyarınca yaşlılık aylığına hak kazandığının tespitine karar verilmesini talep ve dava etmiştir. Yerel mahkemece, Türk-Alman Sosyal Güvenlik Sözleşmesine Ek Sözleşmenin 29/4.maddesi hükmü uyarı"
"77278600","Yargıtay","Hukuk Genel Kurulu","2011/502","2011/625","12.10.2011","hgk","miras","y2010_2019","0.642","0.37","0.51","0.95","HUKUK GENEL KURULU KARARI

 Hukuk Genel Kurulu'nca incelenerek direnme kararının süresinde temyiz edildiği anlaşıldıktan ve dosyadaki kağıtlar okunduktan sonra gereği görüşüldü:
Dava ve birleşen dava, kamulaştırma bedelinin tespiti ve kamulaştırılan taşınmazın davacı idare adına tescili ile kamulaştırma sırasında yapılan maddi hatanın giderilmesi istemine ilişkindir. Mahkemece, fiili taksimin varlığı kabul edilerek davalılar/birleşen dava davacılarının kullanımında olan kısmı"
"77239000","Yargıtay","Hukuk Genel Kurulu","2012/668","2013/148","23.01.2013","hgk","icra_iflas","y2010_2019","0.642","0.35","0.523","0.95","Hal böyle olunca; yerel mahkemece, Hukuk Genel Kurulu'nca da benimsenen ve aynı hususlara işaret eden Özel Daire bozma kararına uyulmak gerekirken, önceki kararda direnilmesi usul ve yasaya aykırıdır. Nihayet, icra takip hukuku şekli olup, tercih edilen takibin ilama uygun olması gerekir."
"76839700","Yargıtay","Hukuk Genel Kurulu","2010/257","2010/227","28.04.2010","hgk","ticaret","y2010_2019","0.642","0.478","0.448","0.95","Ne var ki, davalı ASKİ yönünden ilk kararı temyiz isteminin Özel Dairece reddi nedeniyle davalı yönünden hüküm kesinleşmiş olup; direnme kararını temyizde hukuki yararı mevcut olmadığından davalı ASKİ vekilinin temyiz dilekçesinin reddi gerekir. Açıklanan nedenlerle taraf vekillerinin temyiz dilekçelerinin reddi gerekir."
"77406300","Yargıtay","Hukuk Genel Kurulu","2012/1620","2013/824","12.06.2013","hgk","is_sgk","y2010_2019","0.641","0.28","0.56","0.95","HUKUK GENEL KURULU KARARI 
 
Hukuk Genel Kurulunca incelenerek direnme kararının süresinde temyiz edildiği anlaşıldıktan ve dosyadaki kağıtlar okunduktan sonra gereği görüşüldü: 
Dava; 506 sayılı Kanun'un 52 ve devamı maddelerine dayalı, çalışma gücünün 2/3 oranında kaybedilmesi nedeni maluliyet aylığı bağlanması istemine ilişkindir. Yerel mahkemece; davanın kısmen kabulü ile 14.11.2011 tarihinden itibaren davacıya maluliyet aylığı bağlanması ve bu tarihten itibaren hak kazan"
"77450400","Yargıtay","Hukuk Genel Kurulu","2013/384","2013/1701","25.12.2013","hgk","aile","y2010_2019","0.641","0.366","0.51","0.95","Aile mahkemesi kurulmayan yerlerde, Hakimler ve Savcılar Yüksek Kurulunca belirlenen asliye hukuk mahkemelerinde davanın aile mahkemesi sıfatı ile görülüp karara bağlanması gerekir (Yargıtay HGK.nun 16.11.2005 tarih ve 2005/2-673 E 2005/617 K.sayılı kararı). Mahkemece, gelecekteki tedavi masraflarına ilişkin açılmış olan davanın dayanağının Borçlar Kanunu hükümleri olduğu, bu nedenle davada Asliye Hukuk mahkemesinin görevli olduğu gerekçesi ile görevsizliğe dair verilen karar"
"77247900","Yargıtay","Hukuk Genel Kurulu","2011/470","2011/562","28.09.2011","hgk","miras","y2010_2019","0.641","0.432","0.473","0.95","Bu durumda, ortada varlığından söz edilebilecek bir direnme kararı mevcut olmayıp, yeni bir hükmün bulunduğunun kabulü gerekir. HUKUK GENEL KURULU KARARI
 Hukuk Genel Kurulu'nca incelenerek direnme kararının süresinde temyiz edildiği anlaşıldıktan ve dosyadaki kağıtlar okunduktan sonra gereği görüşüldü:
 Davacı yan vekili, vesayet altındaki S.D....'nin 113 ada 4 nolu parseli davalı şirkete temlik ettiğini, ancak S....'nın akıl hastalığı bulunduğunu; ayrıca yapılan işlemin hil"
"77281300","Yargıtay","Hukuk Genel Kurulu","2011/551","2011/641","19.10.2011","hgk","aile","y2010_2019","0.641","0.345","0.523","0.95","HUKUK GENEL KURULU KARARI

 Hukuk Genel Kurulunca incelenerek direnme kararının süresinde temyiz edildiği anlaşıldıktan ve dosyadaki kağıtlar okunduktan sonra gereği görüşüldü:
Dava, boşanma istemli olup; davalı kadın karşı davasında ziynet eşyalarının bedelinin tahsilini istemiştir. S O N U Ç : Davacı-karşı davalı vekilinin temyiz itirazlarının reddi ile, direnme kararının yukarıda açıklanan nedenlerle ONANMASINA, gerekli temyiz ilam harcı peşin alınmış olduğundan başkaca ha"
"86220400","Yargıtay","Hukuk Genel Kurulu","2012/1140","2013/402","27.03.2013","hgk","idare","y2010_2019","0.641","0.249","0.579","0.95","Tarafların karşılıklı iddia ve savunmalarına, dosyadaki tutanak ve kanıtlara, bozma kararında açıklanan gerektirici nedenlere göre davalının isminin Osman olmasına rağmen Orhan olarak tebligat yapılarak usulüne uygun taraf teşkili sağlanmadan karar verilmesi doğru görülmediğinden Hukuk Genel Kurulu'nca da benimsenen Özel Daire bozma kararına uyulması gerekirken, önceki kararda direnilmesi usul ve yasaya aykırıdır. HUKUK GENEL KURULU KARARI 
Hukuk Genel Kurulu'nca incelenerek "
"76895400","Yargıtay","Hukuk Genel Kurulu","2010/438","2010/402","22.09.2010","hgk","ticaret","y2010_2019","0.641","0.545","0.407","0.95","Bu nedenle tarafların yeni hükme yönelik temyiz itirazlarının incelenmesi için dosyanın Özel Dairesine gönderilmesi gerekir. aleyhlerindeki davanın ise kısmen kabulüne vaki müdahalelerinin menine, fındıklık ve ağaçlarda oluşan zarar karşılığı 3.274,80 YTL ile evdeki inşaat zararı olan 450,00 YTL nin dava tarihinden itibaren yasal faizi ile birlikte bu davalılardan müştereken ve müteselsilen alınarak davacıya verilmesine, fazla istemin reddine"" hükmedilmiştir."
"77182400","Yargıtay","Hukuk Genel Kurulu","2010/642","2010/690","22.12.2010","hgk","miras","y2010_2019","0.641","0.23","0.59","0.95","HUKUK GENEL KURULU KARARI
 
Hukuk Genel Kurulunca incelenerek direnme kararının süresinde temyiz edildiği anlaşıldıktan ve dosyadaki kağıtlar okunduktan sonra gereği görüşüldü:
Tarafların karşılıklı iddia ve savunmalarına, dosyadaki tutanak ve kanıtlara, bozma kararında açıklanan gerektirici nedenlere ve özellikle üçüncü kişiden davalı H... S O N U Ç: Davalılar vekilinin temyiz itirazlarının kabulü ile, direnme kararının yukarıda ve Özel Daire bozma kararında gösterilen neden"
"77707700","Yargıtay","Hukuk Genel Kurulu","2013/1446","2013/1378","25.09.2013","hgk","ticaret","y2010_2019","0.641","0.521","0.421","0.95","Temyiz aşamasında davacılar vekili verdiği 18.02.2013 tarihli dilekçesi ile; dava konusu baz istasyonunun söküldüğünü, davanın konusuz kaldığını, davalının davayı devam ettirmekte hukuki bir yararının kalmadığını, bu nedenle karar verilmesine yer olmadığına karar verilmesini istemiştir. HUKUK GENEL KURULU KARARI

 Hukuk Genel Kurulunca incelenerek dosyadaki kağıtlar okunduktan sonra gereği görüşüldü: 
Dava, el atmanın önlenmesi ve tazminat istemine ilişkindir."
"77312500","Yargıtay","Ceza Genel Kurulu","2012/1348","2013/93","19.03.2013","cgk","ceza_genel","y2010_2019","0.641","0.28","0.56","0.95","maddesi ile kabul edilmiş, 19.12.2006 günü yürürlüğe giren 5560 sayılı Kanunun 23. CEZA GENEL KURULU KARARI
Sanığın 6831 sayılı Kanuna aykırılık suçundan cezalandırılmasına karar verilen olayda, Özel Daire ile yerel mahkeme arasında oluşan ve Ceza Genel Kurulunca çözümlenmesi gereken uyuşmazlık, sanık hakkında hükmün açıklanmasının geri bırakılmasının uygulanmamasına ilişkin gerekçenin yasal ve yeterli olup olmadığının belirlenmesine ilişkindir."
"17066500","Yargıtay","Ceza Genel Kurulu","2011/20","2011/59","19.04.2011","cgk","aile","y2010_2019","0.641","0.429","0.473","0.95","CEZA GENEL KURULU KARARI





 
Yargıtay Ceza Genel Kurulunca çözümlenmesi gereken uyuşmazlık; cinsel istismar suçu nedeniyle katılanların beden ve ruh sağlığında bozulma meydana gelip gelmediğinin belirlenmesi bakımından Adli Tıp Kurumu ilgili ihtisas kurulundan görüş alınması gerekip gerekmediğine ilişkin ise de; öncelikle bozmaya eylemli olarak uyan yerel mahkemenin sonradan bu kararından dönerek önceki hüküm gibi karar vermesinin olanaklı olup olmadığının belirlenmesi ger"
"77574200","Yargıtay","Ceza Genel Kurulu","2013/254","2013/523","26.11.2013","cgk","ceza_genel","y2010_2019","0.641","0.368","0.51","0.95","Bu nitelikteki hükmün temyiz edilmesi halinde ise incelemenin Yargıtayın ilgili dairesi tarafından yapılması gerekir. Özel Daire ile yerel mahkeme arasında oluşan ve Ceza Genel Kurulunca çözümlenmesi gereken uyuşmazlık; yerel mahkeme tarafından sanık hakkında hükmün açıklanmasının geri bırakılması hükmünün uygulanma şartlarının değerlendirilip değerlendirilmediği noktasında toplanmakta ise de, yerel mahkemenin son kararının eylemli uyma sonucu verilen yeni hüküm niteliğinde o"
"76857100","Yargıtay","Hukuk Genel Kurulu","2010/244","2010/260","12.05.2010","hgk","is_sgk","y2010_2019","0.64","0.425","0.473","0.95","HUKUK GENEL KURULU KARARI
 
Hukuk Genel Kurulunca incelenerek direnme kararının süresinde temyiz edildiği anlaşıldıktan ve dosyadaki kağıtlar okunduktan sonra gereği görüşüldü:
Asıl dava, kira sözleşmesinin haksız feshinden kaynaklanan aynen ifanın reddi ile müspet zararın (k&acirc;r kaybı) tazmini ve fazla ödenen kira parasının tahsiline; birleşen dava ise, kiralanandan zorla tahliye sırasında meydana gelen zararların tutarı olan 5.025,80 YTL'nin tahsili istemine ilişkindir."
"76731800","Yargıtay","Hukuk Genel Kurulu","2010/156","2010/153","17.03.2010","hgk","is_sgk","y2010_2019","0.64","0.332","0.529","0.95","Hemen belirtmek gerekir ki, az yukarıda açıklanan işlemlerin aynı günde yapılıp bitirilmesi halinde, davanın o gün açılmış sayılacağında herhangi bir duraksama yoktur. Davanın konusu belli bir değerle ilgili bulunduğuna göre, Tarifenin A/III-1-a maddesi uyarınca nispi karar ve ilam harcının yatırılması gerekir."
"457394900","Yargıtay","Hukuk Genel Kurulu","2008/46","2010/339","23.06.2010","hgk","esya_tapu","y2010_2019","0.64","0.264","0.566","0.95","Bu durumda, temyize konu kararın, gerçekte bir direnme kararı değil, yeni bir hüküm niteliğinde olduğu kabul edilmelidir. HUKUK GENEL KURULU KARARI

Hukuk Genel Kurulu’nca incelenerek direnme kararının süresinde temyiz edildiği anlaşıldıktan ve dosyadaki kağıtlar okunduktan sonra gereği görüşüldü:
Yerel mahkemece, ilk kararda yer verilmeyen ” …taşınmazın tapu kaydının beyanlar hanesine yazılan zilyedin hak sahipleri tespit komisyonunu bağlamadığı, zilyetlik hususunda hak sahi"
"17110200","Yargıtay","Hukuk Genel Kurulu","2011/429","2011/515","13.07.2011","hgk","usul_hukuk","y2010_2019","0.64","0.276","0.56","0.95","İşin esasına gelince; 






Tarafların karşılıklı iddia ve savunmalarına, dosyadaki tutanak ve kanıtlara, bozma kararında açıklanan gerektirici nedenlere göre, Hukuk Genel Kurulu’nca da benimsenen Özel Daire bozma kararına uyulmak gerekirken, önceki kararda direnilmesi kurulun çoğunluğunca usul ve yasaya aykırı bulunmuş; bu nedenle direnme kararının bozulmasına oyçokluğu ile karar verilmiştir. Bu karar davacılar vekilinin temyizi üzerine Hukuk Genel Kurulu'nun 10.11.2010 tar"
"77318900","Yargıtay","Ceza Genel Kurulu","2013/280","2013/250","21.05.2013","cgk","ceza_ozel","y2010_2019","0.64","0.467","0.45","0.95","CEZA GENEL KURULU KARARI
Sanığın kullanmak amacıyla uyuşturucu madde bulundurma suçundan cezalandırılmasına karar verilen ve suçun sübutuna ilişkin bir uyuşmazlığın bulunmadığı olayda, Özel Daire ile Yargıtay Cumhuriyet Başsavcılığı arasında oluşan ve Ceza Genel Kurulunca çözümlenmesi gereken uyuşmazlıklar; 
1- Kullanmak amacıyla uyuşturucu ya da uyarıcı madde bulundurma suçundan yapılan yargılama sonucunda 5237 sayılı TCK'nun 191. maddeleri gereğince on ay hapis cezası ile c"
"45602300","Yargıtay","Ceza Genel Kurulu","2012/1369","2013/29","29.01.2013","cgk","ceza_genel","y2010_2019","0.64","0.34","0.523","0.95","fıkrasında da; ""Suçun işlendiği zaman yürürlükte bulunan kanun ile sonradan yürürlüğe giren kanunların hükümleri farklı ise, failin lehine olan kanun uygulanır ve infaz olunur"" hükmü yer almakta olup, bu maddenin gerekçesinde; ""Madde, kanunun zaman bakımından uygulanmasına ilişkindir. maddesinde; ""...(5) Birinci il&acirc; dördüncü fıkralarda tanımlanan fiillerin işlenmesine iştirak etmeksizin, bunların konusunu oluşturan eşyayı, bu özelliğini bilerek ve ticar&icirc; amaçla sa"
"1219956400","Yargıtay","2. Hukuk Dairesi","2026/3322","2026/6178","08.06.2026","hukuk-daire","usul_hukuk","y2020plus","0.64","1","0.432","0.62","gerekçelere göre usul ve kanuna uygun olup temyiz dilekçesinde ileri sürülen nedenler kararın bozulmasını gerektirecek nitelikte görülmemiştir."
"76730600","Yargıtay","Hukuk Genel Kurulu","2010/78","2010/150","17.03.2010","hgk","esya_tapu","y2010_2019","0.639","0.342","0.519","0.95","HUKUK GENEL KURULU KARARI

 Hukuk Genel Kurulu'nca incelenerek direnme kararının süresinde temyiz edildiği anlaşıldıktan ve dosyadaki kağıtlar okunduktan sonra gereği görüşüldü:
Birleşen davalar; orman sınırının tespiti, elatmanın önlenmesi ve tapu kaydının beyanlar hanesindeki şerhin silinmesi istemine ilişkindir. Bu ön sorunun varlığı nedeniyle esasa ilişkin temyiz itirazları Hukuk Genel Kurulunca incelenmemiş; direnme niteliği taşımayan kararın incelenmesi için dosyanın te"
"77502000","Yargıtay","Hukuk Genel Kurulu","2012/1514","2013/772","29.05.2013","hgk","ticaret","y2010_2019","0.639","0.174","0.616","0.95","HUKUK GENEL KURULU KARARI
Hukuk Genel Kurulunca incelenerek direnme kararının süresinde temyiz edildiği anlaşıldıktan ve dosyadaki kağıtlar okunduktan sonra gereği görüşüldü:
Dava, satış esnasında sunulan projede ve tanıtımlarda belirtilen, ancak bunlara uygun olarak yapılmayan veya eksik yapılan işler nedeni ile davacının satın aldığı dairede oluşan değer kaybının ödetilmesi istemine ilişkindir. A.Ş.'nin karar düzeltme isteminin reddine, davalı TOKİ'nin karar düzeltme talebi"
"86486200","Yargıtay","Hukuk Genel Kurulu","2012/1076","2013/381","20.03.2013","hgk","miras","y2010_2019","0.639","0.238","0.579","0.95","HUKUK GENEL KURULU KARARI 
Hukuk Genel Kurulunca incelenerek direnme kararının süresinde temyiz edildiği anlaşıldıktan ve direnme kararının verildiği tarih itibariyle H.U.M.K.2494 sayılı Yasa ile değişik 438/II.fıkrası hükmü gereğince duruşma isteğinin reddine karar verilip dosyadaki kağıtlar okunduktan sonra gereği görüşüldü. Beyoğlu 3 Sulh Hukuk mahkemesinin 2007/624 esas sayılı dosyasında, davalılar-karşı davacılar vekili, davacı aleyhine açtıkları dava ile dava konusu taş"
"77508300","Yargıtay","Hukuk Genel Kurulu","2012/1614","2013/776","29.05.2013","hgk","is_sgk","y2010_2019","0.639","0.206","0.598","0.95","Bu itibarla, Hukuk Genel Kurulu'nca da benimsenen Özel Daire bozma kararına uyulmak gerekirken, önceki kararda direnilmesi usul ve yasaya aykırıdır. HUKUK GENEL KURULU KARARI
Hukuk Genel Kurulu'nca incelenerek direnme kararının süresinde temyiz edildiği anlaşıldıktan ve dosyadaki kağıtlar okunduktan sonra gereği görüşüldü: 
Dava, trafik kazası sonucu ölen sigortalının hak sahiplerine bağlanan peşin değerli gelirler ile yapılan harcama ve ödemeler nedeniyle uğranılan kurum zar"
"17159000","Yargıtay","Hukuk Genel Kurulu","2011/598","2011/687","23.11.2011","hgk","usul_hukuk","y2010_2019","0.639","0.423","0.473","0.95","HUKUK GENEL KURULU KARARI





 
Hukuk Genel Kurulu'nca incelenerek direnme kararının süresinde temyiz edildiği anlaşıldıktan ve dosyadaki kağıtlar okunduktan sonra gereği görüşüldü:





 
Dava, davalı kurumca tahakkuk ettirilen kaçak elektrik bedeli nedeniyle borçlu olmadığının tespiti ve ödenen bedelin istirdadı istemine ilişkindir. Yerel Mahkemece, davacının borcunun bulunmadığı gerekçesi ile davanın kısmen kabulüne, davacının kaçak tutanağından dolayı tanzim edilen 24.11"
"76969800","Yargıtay","Hukuk Genel Kurulu","2010/706","2011/193","20.04.2011","hgk","ticaret","y2010_2019","0.639","0.486","0.435","0.95","Gerçekten; emsal mukayesesi sonucu bulunan temel metrekare değeri 409,98 TL olup, %33,217 oranındaki imar düzenleme ortaklık payı kesintisi, 409,98 TL'lik temel metrekare değerine eklenirken; öncelikle, 409,98 TL'nin hangi rakamın %66,783'üne tekabül ettiğinin tespiti gerekir. HUKUK GENEL KURULU KARARI
 
Hukuk Genel Kurulu'nca incelenerek direnme kararının süresinde temyiz edildiği anlaşıldıktan ve dosyadaki kağıtlar okunduktan sonra gereği görüşüldü:
Dava, Kamulaştırma Yasas"
"76493600","Yargıtay","Hukuk Genel Kurulu","2013/54","2013/1073","11.09.2013","hgk","usul_hukuk","y2010_2019","0.639","0.469","0.445","0.95","Aynı Yasa'nın 432/4.maddesi uyarınca, süresinden sonra yapılan temyiz istemleri hakkında mahkemece bir karar verilebileceği gibi, 01.03.1990 gün ve &frac34; sayılı İçtihadı Birleştirme Kararı gereğince Yargıtay tarafından da bu yönde karar verilebileceğinden, davalı vekilinin temyiz dilekçesinin süre yönünden reddine karar vermek gerekmiştir. HUKUK GENEL KURULU KARARI

 Hukuk Genel Kurulu'nca incelenerek direnme kararının süresinde temyiz edildiği anlaşıldıktan ve dosyadaki k"
"77543700","Yargıtay","Hukuk Genel Kurulu","2013/413","2013/498","19.11.2013","hgk","ceza_usul","y2010_2019","0.639","0.579","0.381","0.95","Ceza Dairesi
Mahkemesi : SARAY(VAN) Asliye Ceza 
Günü : 30.04.2009 
Sayısı : 34-181

 5015 sayılı Kanuna aykırılık suçundan sanık Y.G.hakkında Saray(Van) Asliye Ceza Mahkemesince verilen 30.04.2009 gün ve 34-181 sayılı hükmün sanık tarafından temyiz edilmesi üzerine dosyayı inceleyen Yargıtay 7. Ceza Dairesince 27.03.2013 gün ve 987-7858 sayı ile, itirazın yerinde görülmediğinden bahisle dosya, Yargıtay Birinci Başkanlığına gönderilmiş ise de; bu aşamada Yargıtay C.Başsavcılı"
"76361500","Yargıtay","Ceza Genel Kurulu","2012/1358","2013/389","24.09.2013","cgk","ceza_genel","y2010_2019","0.639","0.421","0.473","0.95","CEZA GENEL KURULU KARARI

 Sanığın dolandırıcılık suçundan cezalandırılmasına karar verilen olayda, Özel Daire ile Yargıtay Cumhuriyet Başsavcılığı arasında oluşan ve Ceza Genel Kurulunca çözümlenmesi gereken uyuşmazlık; sanığın eyleminin hırsızlık suçunu mu yoksa dolandırıcılık suçunu mu oluşturduğunun belirlenmesine ilişkindir. Malvarlığının yanında irade özgürlüğünün de korunduğu dolandırıcılık suçunun oluşabilmesi için;

 1) Failin bir takım hileli davranışlarda bulunması"
"76758900","Yargıtay","Ceza Genel Kurulu","2010/52","2010/60","23.03.2010","cgk","ticaret","y2010_2019","0.639","0.615","0.36","0.95","maddesi uyarınca günlüğü 6 YTL'den paraya çevrilmesi sonucu, (150X6=900) lira adli para cezası yerine yanılgılı uygulama ile sanığın 1.800 YTL adli para cezasıyla cezalandırılmasına karar verildiği ve bu hükmün Özel Dairece onandığı anlaşılmakla, Yargıtay C.Başsavcılığının bu yöne ilişkin itirazı yerinde olup, kabulü ile yerel mahkeme hükmünün bozulmasına karar verilmelidir. Asliye Ceza Mahkemesinin 14.02.2007 gün ve 327-74 sayılı hükmü&not;nün, sanık hakkında fazla adli para"
"76494000","Yargıtay","Hukuk Genel Kurulu","2012/1854","2013/1366","18.09.2013","hgk","ticaret","y2010_2019","0.638","0.299","0.541","0.95","O halde; tarafların karşılıklı iddia ve savunmalarına, dosyadaki tutanak ve kanıtlara, bozma kararında açıklanan gerektirici nedenlere göre, Hukuk Genel Kurulu'nca da benimsenen Özel Daire bozma kararına uyulmak gerekirken, önceki kararda direnilmesi usul ve yasaya aykırıdır. Hukuk Genel Kurulu önüne gelen uyuşmazlık; dava konusu olan bilgisayar program yazılımının mali haklarının davacı şirkete ait olup olmadığı, burada varılacak sonuca göre davacının işbu davayı açma hakkın"
"435864700","Yargıtay","Büyük Genel Kurulu","2013/5","2013/5","21.01.2013","yibk","ticaret","y2010_2019","0.637","0.319","0.485","1","maddede, 6110 sayılı Kanunun Geçici Madde 2/a bendindeki düzenleme aynen muhafaza edilerek,
“Devlet aleyhine açılan tazminat davası, ilk derece ve bölge adliye mahkemesi hâkimlerinin fiil ve kararlarından dolayı, Yargıtay ilgili hukuk dairesinde; Yargıtay Başkan ve üyeleri ile kanunen onlarla aynı konumda olanların fiil ve kararlarından dolayı Yargıtay Hukuk Genel Kurulunda açılır ve ilk derece mahkemesi sıfatıyla görülür. Yargıtay ilgili hukuk dairesinin tazminat davası sonu"
"77077200","Yargıtay","Hukuk Genel Kurulu","2011/231","2011/425","15.06.2011","hgk","usul_hukuk","y2010_2019","0.637","0.262","0.56","0.95","Hemen belirtmelidir ki, bu ön sorunun konusunu teşkil eden, davanın reddine gerekçe yapılan 5841 sayılı Yasa ile değişik 3402 sayılı yasanın 12/3.maddesinde düzenlenen ""&hellip;iddia ve taşınmazın niteliğine&hellip;bakılmaksızın"" hükmünün iptali için Anayasa Mahkemesine dava açılmış ve Yüksek Mahkemece anılan hükmün iptal istemi kabul edilmiştir. HUKUK GENEL KURULU KARARI

 Hukuk Genel Kurulu'nca incelenerek direnme kararının süresinde temyiz edildiği anlaşıldıktan ve direnme"
"77234700","Yargıtay","Hukuk Genel Kurulu","2012/1818","2013/142","23.01.2013","hgk","usul_hukuk","y2010_2019","0.637","0.197","0.598","0.95","Şu hususta unutulmamalıdır ki, çekişmeli taşınmazlara ilişkin dayanak tescil ilamlarının gözetilmesi, kesin hüküm itirazları mülkiyet iddiasını ilgilendireceğinden görevli mahkemece değerlendirilmesi gerekir. Davacı Orman İdaresi vekili, dava dilekçesinde; "".............köyü sınırları içerisinde 3402 Sayılı Kadastro Kanunu'nun 22/a maddesi uyarınca yapılan arazi kadastro çalışmalarının tamamlanıp 09.06.2010 tarihinde askı suretiyle ilan edildiğini, .......Köyünde ilk orman ta"
"465121000","Yargıtay","Ceza Genel Kurulu","2012/1513","2013/386","24.09.2013","cgk","usul_hukuk","y2010_2019","0.637","0.229","0.579","0.95","Ancak yerel mahkeme hüküm tarihi itibarıyla; 
1 - İkimilyar liraya kadar (iki bin lira - ikimilyar dahil) para cezalarına dair olan hükümler,
2 - Yukarı sınırı onmilyar lirayı (on bin lira) geçmeyen para cezasını gerektiren suçlardan dolayı verilen beraat hükümleri,
3 - Bu Kanun ile sair kanunlarda kesin olduğu yazılı bulunan hükümler,
Kesin olup, bu hükümler hakkında temyiz kanun yoluna başvurulamaz. bendinin, Anayasa Mahkemesinin 07.10.2010 tarihinde yürürlüğe giren 23.07.2"
"77281100","Yargıtay","Ceza Genel Kurulu","2012/1505","2013/31","29.01.2013","cgk","ceza_genel","y2010_2019","0.637","0.35","0.51","0.95","Bu nitelikteki bir hükmün temyiz edilmesi halinde ise incelemenin Yargıtay'ın ilgili dairesi tarafından yapılması gerekir. CEZA GENEL KURULU KARARI
Özel Daire ile yerel mahkeme arasında oluşan ve Ceza Genel Kurulunca çözümlenmesi gereken uyuşmazlık; Özel Dairece, yerel mahkeme kararının yetersiz gerekçe ile hüküm kurulması nedeniyle bozulmasının isabetli olup olmadığının belirlenmesine ilişkin ise de, yerel mahkeme kararının yeni hüküm olup olmadığı hususunun Yargıtay İç Yöne"
"45617400","Yargıtay","Ceza Genel Kurulu","2012/1470","2013/233","30.04.2013","cgk","ceza_usul","y2010_2019","0.637","0.348","0.51","0.95","CEZA GENEL KURULU KARARI

 Suçun sübutuna ilişkin bir uyuşmazlık ve bu kabulde dosya içeriği itibarıyla da herhangi bir isabetsizlik bulunmayan somut olayda, Özel Daire ile Yargıtay Cumhuriyet Başsavcılığı arasında oluşan ve Ceza Genel Kurulunca çözümlenmesi gereken uyuşmazlık; eylemin ibadethanelere zarar verme suçunu oluşturduğunun anlaşılması halinde, mala zarar verme suçundan kurulan hükmün bozulmasına mı, eleştirerek onanmasına mı karar verilmesi gerektiğinin belirlenmes"
"17161000","Yargıtay","Hukuk Genel Kurulu","2011/534","2011/724","30.11.2011","hgk","is_sgk","y2010_2019","0.636","0.256","0.56","0.95","SONUÇ: Davalı vekilinin temyiz itirazlarının kabulü ile, direnme kararının Özel Daire bozma kararında ve yukarıda gösterilen nedenlerden dolayı 6217 sayılı Kanunun 30.maddesi ile 6100 sayılı Hukuk Muhakemeleri Kanunu'na eklenen ""Geçici madde 3"" atfıyla uygulanmakta olan 1086 sayılı Hukuk Usulü Muhakemeleri Kanunu'nun 429. Maddesi gereğince BOZULMASINA, istek halinde temyiz peşin harcının yatırana geri verilmesine, 30.11.2011 gününde, oyçokluğu ile karar verildi."
"77599000","Yargıtay","Hukuk Genel Kurulu","2013/338","2013/1516","30.10.2013","hgk","ticaret","y2010_2019","0.636","0.409","0.473","0.95","Eş söyleyişle, bir hukuki işlemin 4077 sayılı yasa kapsamında kaldığının kabulü için, taraflardan birinin satıcı, diğerinin tüketici sıfatını taşıması, alışverişe konu olan malın ise Kanunun 3.maddesinde yazılı mal kavramı içerisinde yer alması gerekir. HUKUK GENEL KURULU KARARI 
Hukuk Genel Kurulu'nca incelenerek direnme kararının süresinde temyiz edildiği anlaşıldıktan ve dosyadaki kağıtlar okunduktan sonra gereği görüşüldü:
Dava, paket tur sözleşmesi nedeniyle uğranıldığı "
"77235400","Yargıtay","Hukuk Genel Kurulu","2012/1710","2013/143","23.01.2013","hgk","usul_hukuk","y2010_2019","0.635","0.223","0.579","0.95","Şu hususta unutulmamalıdır ki, çekişmeli taşınmazlara ilişkin dayanak tescil ilamlarının gözetilmesi, kesin hüküm itirazları mülkiyet iddiasını ilgilendireceğinden görevli mahkemece değerlendirilmesi gerekir. Yerel Mahkemece davanın, 3402 Sayılı Kadastro Kanunu'nun 22/2-a maddesine dayalı kadastro tespitine itiraza ilişkin olduğu benimsenmiş; Özel Daire bozma ilamında ise, davanın hem 3402 Sayılı Kadastro Kanunu'nun 22/2-a maddesine dayalı kadastro tespitine itiraza ilişkin o"
"76843200","Yargıtay","Hukuk Genel Kurulu","2010/214","2010/236","28.04.2010","hgk","miras","y2010_2019","0.635","0.34","0.51","0.95","b)Kira sözleşmesi ile ilgili, 
aa-Kira sözleşmesine dayanan tahliye (ve akdin feshi) davalarına ilişkin olmak üzere Sulh Hukuk Mahkemesi kararları hakkındaki Yargıtay kararlarına karşı karar düzeltme yoluna gidilebilir(yalnız bunun için gayrimenkulün bir yıllık kira bedeli toplamının karar düzeltme sınırından az olmaması gerekir(Md.440/III&ndash;2). bb-Tahliye veya kira akdinin feshi davaları ile birlikte açılmış kira alacağı veya tazminat davalarına ilişkin olmak üzere Sulh "
"76927000","Yargıtay","Hukuk Genel Kurulu","2010/536","2010/478","13.10.2010","hgk","ticaret","y2010_2019","0.635","0.469","0.434","0.95","Mahkemece, açıklanan bozma ilamı, bozma sonrası duruşma günü, direnme kararı ve temyiz dilekçesine ilişkin eksik tebligatların davalı kooperatif vekiline usulünce tebliği ve ikmali ile yasal başvuru süresi beklendikten sonra temyiz incelemesi yapılmak üzere Yargıtay'a gönderilmek üzere dosyanın mahalline geri çevrilmesi gerekir. HUKUK GENEL KURULU KARARI

 Hukuk Genel Kurulunca incelenerek dosyadaki kağıtlar okunduktan sonra gereği görüşüldü:
Öncelikle belirtilmelidir ki, sağ"
"76961100","Yargıtay","Ceza Genel Kurulu","2010/181","2010/234","23.11.2010","cgk","usul_hukuk","y2010_2019","0.635","0.405","0.473","0.95","Görüldüğü üzere Özel Daire ile Yargıtay Cumhuriyet Başsavcılığı arasında oluşan ve Ceza Genel Kurulunca çözümlenmesi gereken uyuşmazlık; hükümlü hakkında verilen ve temyiz edilmeksizin kesinleşen 30 günden az süreli, erteli hapis cezasından ibaret yerel mahkeme hükmüne karşı, ""kısa süreli hapis cezasının 5237 sayılı TCY'nın 50/3. maddesi uyarınca, h&acirc;kim veya mahkemece verilip istinaf veya temyiz incelemesinden geçmeksizin kesinleşen karar veya hükümlerde, madd&icirc; hu"
"77110100","Yargıtay","Ceza Genel Kurulu","2011/154","2011/188","27.09.2011","cgk","ticaret","y2010_2019","0.635","0.446","0.448","0.95","CEZA GENEL KURULU KARARI
Sanığın uyuşturucu madde ticareti suçundan cezalandırılmasına karar verilen somut olayda, Özel Daire ile Yargıtay Cumhuriyet Başsavcılığı arasında oluşan ve Ceza Genel Kurulunca çözümlenmesi gereken uyuşmazlık; sanığa atılı uyuşturucu madde ticareti suçunun sabit olup olmadığının belirlenmesine ilişkindir. İncelenen dosya içeriğinden;
Giresun İl Emniyet Müdürlüğü Kaçakçılık ve Organize Suçlarla Mücadele Şube Müdürlüğünce yapılan istihbari çalışmalar s"
"77585500","Yargıtay","Ceza Genel Kurulu","2012/1418","2013/424","22.10.2013","cgk","ceza_genel","y2010_2019","0.635","0.254","0.56","0.95","maddesi ile kabul edilmiş, 19.12.2006 tarihinde yürürlüğe giren 5560 sayılı Kanunun 23. CEZA GENEL KURULU KARARI
Özel Daire ile Yargıtay Cumhuriyet Başsavcılığı arasında oluşan ve Yargıtay Ceza Genel Kurulunca çözülmesi gereken uyuşmazlık; yerel mahkemece hükmün açıklanmasının geri bırakılmaması yönünde gösterilen gerekçenin dosya kapsamı ile uyumlu olup olmadığının belirlenmesine ilişkindir."
"77429600","Yargıtay","Hukuk Genel Kurulu","2012/450","2012/798","21.11.2012","hgk","borclar","y2010_2019","0.634","0.535","0.395","0.95","Mahkeme kararı 02.02.2012 tarihinde tebliğ edilmiş, davacı vekili 03.03.2012 tarihli dilekçe ile mahkeme kararını temyiz etmiş, temyiz dilekçesi 02.03.2012 tarihinde havale edilmiş ve aynı tarihte harcı tamamlanarak ve temyiz defterinin 2012/65 Esas sırasına kayıt edilerek harçta 02.03.2012 tarihinde tahsil edilmiştir. Davacı vekili süresi geçtikten sonra mahkeme kararını temyiz etmiş ise de temyiz dilekçesinde ""daha önceki temyiz dilekçesinde ileri sürmüş olduğumuz temyiz ne"
"77659100","Yargıtay","Hukuk Genel Kurulu","2012/1490","2012/1299","19.12.2012","hgk","ticaret","y2010_2019","0.634","0.465","0.435","0.95","Mahkemece istem kabul edilmiş; davalı vekilinin temyizi üzerine Özel Dairece karar bozulmuştur. Temyiz incelemesinin talebe bağlı olarak yapıldığına ve direnme kararlarının resen inceleneceğine dair herhangi bir usul hükmü olmadığına göre varsa temyiz dilekçesinin eklenmesi ve temyiz harç ve giderinin alınması için dosyanın mahkemesine geri gönderilmesi gereklidir."
"52035200","Yargıtay","Hukuk Genel Kurulu","2012/641","2013/255","20.02.2013","hgk","usul_hukuk","y2010_2019","0.633","0.332","0.51","0.95","HUKUK GENEL KURULU KARARI

 Hukuk Genel Kurulunca incelenerek direnme kararının süresinde temyiz edildiği anlaşıldıktan ve dosyadaki kağıtlar okunduktan sonra gereği görüşüldü:

 Dava, 4650 sayılı Kanunla değişik Kamulaştırma Kanunu'nun 19.maddesi uyarınca kamulaştırma bedelinin mahkemece tespiti ve taşınmazın davacı idare adına tescili istemine ilişkindir. Mahkemece, Kamulaştırma Kanunu'nun 19.maddesi uyarınca araştırmalar yapıldığı, müdahillerin iddiası doğrultusunda keşif "
"76993200","Yargıtay","Hukuk Genel Kurulu","2011/129","2011/244","29.04.2011","hgk","is_sgk","y2010_2019","0.633","0.394","0.473","0.95","HUKUK GENEL KURULU KARARI
 
Hukuk Genel Kurulu'nca incelenerek direnme kararının süresinde temyiz edildiği anlaşıldıktan ve dosyadaki kağıtlar okunduktan sonra gereği görüşüldü:
Dava, 01.03.1993-31.03.2000 tarihleri arasında 506 sayılı Kanuna tabi sigortalı olarak çalışılan sürenin tespiti istemine ilişkindir. II-Davacı vekilinin ek kararı temyiz talebi yönünden;
Davacı vekilinin 04.12.2009 tarihli temyiz talebi, Yerel Mahkemenin aynı günlü ek kararı ile ""temyiz başvurusunun "
"76703300","Yargıtay","Hukuk Genel Kurulu","2010/66","2010/79","17.02.2010","hgk","icra_iflas","y2010_2019","0.633","0.181","0.598","0.95","S O N U Ç : Davalı vekilinin temyiz itirazlarının kabulü ile, direnme kararının Özel Daire bozma kararında ve yukarıda gösterilen nedenlerden dolayı HUMK.nun 429.maddesi gereğince BOZULMASINA, istek halinde temyiz peşin harcının geri verilmesine, 17.02.2010 gününde oybirliği ile karar verildi."
"76867900","Yargıtay","Hukuk Genel Kurulu","2010/335","2010/388","14.07.2010","hgk","miras","y2010_2019","0.633","0.421","0.459","0.95","Aksi takdirde vasiyetname alacaklısı mirasçılar aleyhine usulüne uygun olarak vasiyetnamenin tenfizi talebinde bulunması gerekir. HUKUK GENEL KURULU KARARI

 Hukuk Genel Kurulu'nca incelenerek direnme kararının süresinde temyiz edildiği anlaşıldıktan ve dosyadaki kağıtlar okunduktan sonra gereği görüşüldü:
Dava, vasiyetnamenin okunmasına dair karar kesinleştikten sonra aynı dosya üzerinden mirasçılık belgesi verilmesi istemine ilişkindir."
"77522800","Yargıtay","Hukuk Genel Kurulu","2013/1010","2013/801","29.05.2013","hgk","ticaret","y2010_2019","0.633","0.475","0.427","0.95","Davacı vekili, direnme kararını temyizine ilişkin isteminin Yargıtay Hukuk Genel Kurulu'nca görüşülmesinden önce verdiği 24.05.2013 günlü dilekçesinde; davalı tarafça tüm hak ve alacakları ödendiğinden davadan ve temyiz talebinden feragat ettiğini, açıkça ve koşulsuz olarak bildirmiş; yapılan incelemede, vekaletnamesinde davadan feragat yetkisinin bulunduğu saptanmıştır. HUKUK GENEL KURULU KARARI
Hukuk Genel Kurulunca incelenerek direnme kararının süresinde temyiz edildiği an"
"77116700","Yargıtay","Hukuk Genel Kurulu","2012/5","2012/115","18.05.2011","hgk","ticaret","y2010_2019","0.633","0.461","0.434","0.95","ve 4421 sayılı Kanunun 4/b-1 maddeleri gereğince takdiren 203 TL para cezasının karar düzeltme isteyenlerden alınarak Hazineye gelir kaydedilmesine; 492 sayılı Harçlar Kanunu uyarınca 43,90 TL ilam harcının karar düzeltme talep edenlerden alınmasına, 
07.03.2012 gününde oybirliğiyle karar verildi. maddesi uyarınca, davacı Şirketin adli müzaheret talebinin reddine dair Özel Daire'ce ilk derece mahkemesi sıfatıyla verilen hüküm kesin olup, kanun yoluna başvurulamayacağından; da"
"77649200","Yargıtay","Hukuk Genel Kurulu","2012/1324","2012/1009","28.11.2012","hgk","ticaret","y2010_2019","0.633","0.404","0.468","0.95","Temyiz isteyen davalı tarafın kendisinin ya da işleminin harçtan istisna ve muafiyetinin bulunmadığı belirgin olmakla temyiz isteminin incelenmesi için temyiz başvurma ve nisbi temyiz karar harcının tahsili gerekir. Nispi harca tabi davaların kabulüne ilişkin kararların temyizi halinde ise, mahkemece hükmedilen miktar üzerinden hesaplanarak kararda belirtilen nispi karar ve ilam harcının dörtte biri temyiz karar harcı olarak alınması gereklidir."
"17063900","Yargıtay","Ceza Genel Kurulu","2011/18","2011/27","29.03.2011","cgk","ceza_genel","y2010_2019","0.633","0.588","0.36","0.95","CEZA GENEL KURULU KARARI





 
Yargıtay Ceza Genel Kurulunca çözümlenmesi gereken uyuşmazlık; yargılamaya konu eserin yazarının yalnızca adını ve bulunduğu yeri bildiren sanığa, adı geçenin açık kimlik bilgileri ile aidiyet belgesini sunmak üzere süre verilmesinin veya mahkemece bu konuda re'sen araştırma yapılmasının gerekip gerekmediği ile Anayasa Mahkemesinin 18.06.2009 gün ve 121-90 sayılı iptal kararının, sanığın hukuksal durumunu etkileyip etkilemeyeceğinin belirlenmes"
"77044500","Yargıtay","Hukuk Genel Kurulu","2011/239","2011/344","25.05.2011","hgk","aile","y2010_2019","0.632","0.205","0.579","0.95","Açıklanan nedenlerle, Hukuk Genel Kurulu'nca da benimsenen Özel Daire bozma kararına uyulmak gerekirken, önceki kararda direnilmesi usul ve yasaya aykırıdır. HUKUK GENEL KURULU KARARI
 
Hukuk Genel Kurulunca incelenerek direnme kararının süresinde temyiz edildiği anlaşıldıktan ve dosyadaki kağıtlar okunduktan sonra gereği görüşüldü:
Asıl dava boşanma, nafaka, maddi ve manevi tazminat istemlerine, karşı dava ise boşanma ve manevi tazminat istemine ilişkindir."
"77253500","Yargıtay","Hukuk Genel Kurulu","2011/477","2011/570","28.09.2011","hgk","is_sgk","y2010_2019","0.632","0.197","0.585","0.95","Davacı vekili, davacının 3201 sayılı Kanun uyarınca borçlanma ile kazanılan sigortalılık süreleri dikkate alınarak, sigortalılık başlangıç tarihinin yurtdışında ilk defe işe girdiği tarih olduğu ve buna göre belirlenecek sigortalılık süresi ile 506 sayılı Kanunun Geçici 81.maddesi uyarınca yaşlılık aylığına hak kazandığının tespitine karar verilmesini talep ve dava etmiştir. Yerel mahkemece, davacının yurda kesin dönüş yaptığı, kurumca tahakkuk ettirilen döviz borcunun tamamı"
"77408700","Yargıtay","Hukuk Genel Kurulu","2012/1848","2013/829","12.06.2013","hgk","miras","y2010_2019","0.632","0.208","0.579","0.95","Dosya içeriği ,toplanan delillere göre ve özellikle Özel Daire bozma ilamında belirtilen gerekçelerle, Hukuk Genel Kurulu'nca da benimsenen bozma ilamına uyulmak gerekirken, önceki kararda direnilmesi usul ve yasaya aykırıdır. HUKUK GENEL KURULU KARARI

 Hukuk Genel Kurulu'nca incelenerek direnme kararının süresinde temyiz edildiği anlaşıldıktan ve dosyadaki kağıtlar okunduktan sonra gereği görüşüldü:
Dava, iş kazası sonucu ölüm nedeniyle maddi ve manevi tazminat istemine ili"
"496939500","Yargıtay","Büyük Genel Kurulu","2019/2","2019/2","30.01.2019","yibk","usul_hukuk","y2010_2019","0.631","0.283","0.491","1","gerekçesiz kararın onanmasının HMK’nın 46/1-a maddesine aykırı olduğunu, “.....” şeklinde kazınmış olan mührün kısıtlı .....’a ait olmadığını, mührün sahte bir mühür olduğu iddiasının araştırılması gerekirken kötü niyetli oldukları gerekçesi ile kararın onanmasının HMK’nın 46/1-c maddesine aykırı olduğunu, 27.12.2012 tarihli devir sözleşmesinin BK’nın 183. maddesi; 
“MADDE 47- (1) Devlet aleyhine açılan tazminat davası, ilk derece ve bölge adliye mahkemesi hâkimlerinin fiil v"
"77233900","Yargıtay","Hukuk Genel Kurulu","2011/492","2011/541","21.09.2011","hgk","is_sgk","y2010_2019","0.631","0.192","0.585","0.95","Hukuk Genel Kurulu önüne gelen uyuşmazlık; 3201 sayılı Yurtdışında Bulunan Türk Vatandaşlarının Yurt Dışında Geçen Sürelerinin Sosyal Güvenlikleri Bakımından Değerlendirilmesi Hakkında Kanuna dayalı olarak, 4759 sayılı Kanunun yürürlük tarihinden sonra borçlanma yapılması halinde; yaşlılık aylığı tahsis koşullarının 506 sayılı Kanunun Geçici 81.maddedeki kademeli geçiş şartlarına göre belirlenip belirlenemeyeceği noktasında toplanmaktadır. Anılan maddeye göre, Türkiye'de tesc"
"77498800","Yargıtay","Hukuk Genel Kurulu","2013/1476","2013/1776","25.12.2013","hgk","is_sgk","y2010_2019","0.631","0.258","0.548","0.95","Hukuk Genel Kurulu'ndaki görüşme sırasında, işin esasının incelenmesinden önce, direnme kararının gerçekte yeni hüküm niteliğinde olup olmadığı; dolayısıyla, temyiz incelemesinin Hukuk Genel Kurulu'nca mı, yoksa Özel Dairece mi yapılması gerektiği hususu, ön sorun olarak tartışılıp, değerlendirilmiştir. Somut uyuşmazlıkta, mahkemece ""01.06.1998-25.04.2011"" dönemi yönünden davanın kabulüne karar verilmiş iken, direnme kararında davalı Kurumca bozmadan sonraki aşamada gönderile"
"76993000","Yargıtay","Hukuk Genel Kurulu","2011/49","2011/243","29.04.2011","hgk","ticaret","y2010_2019","0.631","0.418","0.454","0.95","Bu nedenle davalı vekilinin yeni hükme yönelik temyiz itirazlarının incelenmesi için dosyanın Özel Daireye gönderilmesi gerekir. Dosyanın davalı tarafın hükmün esasına yönelik diğer temyiz itirazlarının incelenmesi için Özel Daireye gönderilmesi gerekir."
"76994200","Yargıtay","Hukuk Genel Kurulu","2011/160","2011/247","29.04.2011","hgk","aile","y2010_2019","0.631","0.321","0.51","0.95","HUKUK GENEL KURULU KARARI

 Hukuk Genel Kurulunca incelenerek direnme kararının süresinde temyiz edildiği anlaşıldıktan ve dosyadaki kağıtlar okunduktan sonra gereği görüşüldü:
Dosya içeriğine göre, küçük İ..'nın 05.09.2003 doğumlu olup, davacının evlilik dışı ilişkisinden doğduğu ve bir başkasıyla evli olan dava dışı E.. S O N U Ç : Davacı vekilinin temyiz itirazlarının kabulü ile, direnme kararının bozma kararında ve yukarıda açıklanan gerekçelerle H.U.M.K.nun 429.maddesi g"
"77176500","Yargıtay","Hukuk Genel Kurulu","2010/669","2010/679","22.12.2010","hgk","ticaret","y2010_2019","0.631","0.321","0.51","0.95","O halde, davacı vekilinin bu yönlere ilişen diğer temyiz itirazlarının incelenmesi için dosyanın Özel Daireye gönderilmesi gerekir. HUKUK GENEL KURULU KARARI

 Hukuk Genel Kurulunca incelenerek direnme kararının süresinde temyiz edildiği anlaşıldıktan ve dosyadaki kağıtlar okunduktan sonra gereği görüşüldü: 
Dava, sigortalının başvuru tarihinde kesin dönüş yapmaması nedeniyle 3201 sayılı kanuna tabi borçlanmasının ve bağlanan yaşlılık aylığının iptali ile yersiz ödenen aylıkl"
"77495700","Yargıtay","Hukuk Genel Kurulu","2013/589","2013/765","22.05.2013","hgk","diger","y2010_2019","0.631","0.538","0.386","0.95","S O N U Ç : Davacı vekiline ait karar düzeltme istemini içeren 11.09.2012 tarihli dilekçenin incelenmek üzere dosyanın Yargıtay 15.Hukuk Dairesine gönderilmesine, 22.05.2013 gününde oybirliği ile karar verildi. Bu nedenle davacının Hukuk Genel Kurulu Başkanlığına hitaben yazdığı karar düzeltme istemine dair dilekçesi Yargıtay ilgili daire tarafından incelenmesi gereklidir."
"77435900","Yargıtay","Ceza Genel Kurulu","2013/55","2013/231","30.04.2013","cgk","usul_hukuk","y2010_2019","0.631","0.322","0.51","0.95","maddesinde belirtilen kişiler tarafından açılması veya hükmün kendiliğinden temyize t&acirc;bi olması halinde, Yargıtayca suç niteliğinde yanılgıya düşüldüğü saptandığında aleyhe temyiz bulunmasa bile, cezanın tür ve miktarı yönünden kazanılmış hak saklı kalmak şartıyla hükmün bozulmasına karar verilecektir. Somut olay bu açıklamalar ışığında değerlendirildiğinde;
Sanığın, dosya içerisinde bulunan nüfus kayıt örneğine göre 01.01.1991 doğumlu olan ve suç tarihinde 18 yaşından "
"77228200","Yargıtay","Hukuk Genel Kurulu","2012/1142","2013/283","27.02.2013","hgk","is_sgk","y2010_2019","0.63","0.315","0.51","0.95","HUKUK GENEL KURULU KARARI
Hukuk Genel Kurulu'nca incelenerek direnme kararının süresinde temyiz edildiği anlaşıldıktan ve dosyadaki k&acirc;ğıtlar okunduktan sonra gereği görüşüldü:
Dava, 2926 sayılı Kanuna tabi sigortalılık süresinin ve yaşlılık aylığına hak kazanıldığının tespiti istemine ilişkindir. Bilindiği üzere; direnme kararının varlığından söz edilebilmesi için, 6217 sayılı Kanunun 30.maddesi ile 6100 sayılı Hukuk Muhakemeleri Kanunu'na eklenen ""Geçici Madde 3"" atfıy"
"17158300","Yargıtay","Hukuk Genel Kurulu","2011/777","2011/701","23.11.2011","hgk","aile","y2010_2019","0.63","0.284","0.529","0.95","HUKUK GENEL KURULU KARARI 





 
Hukuk Genel Kurulunca incelenerek dosyadaki kağıtlar okunduktan sonra gereği görüşüldü: 





 
Bilindiği üzere, sağlıklı bir temyiz incelemesi yapılabilmesi için hükme esas alınan deliller ile dava evrakının eksiksiz olması, işlem sırasına göre belli bir düzen içinde bulunması gerekmektedir. Açıklanan nedenlerle; dosyanın, belirtilen eksiklikler giderilerek ve gönderme formunu imzalayan hakimce son kontrolünün de sağlanarak temyiz incelemesi"
"77234800","Yargıtay","Hukuk Genel Kurulu","2011/517","2011/543","21.09.2011","hgk","usul_hukuk","y2010_2019","0.63","0.229","0.56","0.95","Yukarıda ve bozma kararında açıklanan gerektirici nedenlere göre, Hukuk Genel Kurulu'nca da benimsenen Özel Daire bozma kararına uyulmak gerekirken, önceki kararda direnilmesi usul ve yasaya aykırıdır. S O N U Ç : Davalı vekilinin temyiz itirazlarının kabulü ile, direnme kararının Özel Daire bozma kararında ve yukarıda gösterilen nedenlerden dolayı HUMK.nun 429.maddesi gereğince BOZULMASINA, istek halinde temyiz peşin harcının geri verilmesine, 21.09.2011 gününde, oybirliği i"
"76901400","Yargıtay","Hukuk Genel Kurulu","2010/531","2010/423","29.09.2010","hgk","esya_tapu","y2010_2019","0.63","0.45","0.432","0.95","O halde, 12.08.2010 tarihli muhtıranın davalı vekiline tebliğine ilişkin belge ya da kaydın evraka eklenerek, eksikliğin tamamlanmasından sonra karar düzeltme incelemesine gönderilmesi için dosyanın mahalline geri çevrilmesi gerekir. HUKUK GENEL KURULU KARARI

 Hukuk Genel Kurulunca incelenerek dosyadaki kağıtlar okunduktan sonra gereği görüşüldü: 
Hukuk Genel Kurulu'nun 05.05.2010 gün ve 2010/1-218-251 sayılı kararıyla direnme kararı bozulmuş; davalı vekili karar düzeltme is"
"77316000","Yargıtay","Hukuk Genel Kurulu","2012/1160","2013/411","27.03.2013","hgk","ticaret","y2010_2019","0.63","0.506","0.4","0.95","HUKUK GENEL KURULU KARARI
Hukuk Genel Kurulu'nca incelenerek dosyadaki kağıtlar okunduktan sonra gereği görüşüldü: 
Davaya konu edilen ve mahkemece hükme esas alınan davalının 09.02.2010 tarihinde yaptığı konuşma metninin tamamı dosya içerisinde bulunmamaktadır. S O N U Ç : Yukarıda yazılı noksanlığın tamamlanması için dosyanın mahkemesine, GERİ ÇEVRİLMESİNE, 27.03.2013 gününde oybirliği ile karar verildi."
"77203200","Yargıtay","Ceza Genel Kurulu","2011/191","2011/235","22.11.2011","cgk","ceza_genel","y2010_2019","0.63","0.576","0.36","0.95","Sanıkların kasten yaralama suçundan cezalandırılmalarına karar verilen somut olayda suçun sübutunda bir uyuşmazlık bulunmayıp, Ceza Genel Kurulunca çözümlenmesi gereken uyuşmazlık; katılanda kasten yaralama eylemi sonucu meydana gelen yaşamsal tehlike ve kemik kırığı sebebiyle sanıklar hakkında mükerrer artırım uygulanarak fazla cezaya hükmolunup hükmolunmadığının belirlenmesine ilişkindir. (3) Kasten yaralama suçunun; 
a) Üstsoya, altsoya, eşe veya kardeşe karşı,
b) Beden ve"
"477529800","Yargıtay","Ceza Genel Kurulu","2011/264","2011/299","27.12.2011","cgk","ceza_ozel","y2010_2019","0.63","0.264","0.541","0.95","Bu hükümler birlikte değerlendirildiğinde, kural olarak temyiz istemi, süresinde verilen bir dilekçe ile veya zabıt kâtibine yapılacak bir beyanla hükmü veren mahkemeye yapılacaktır. CEZA GENEL KURULU KARARI
Sanığın hırsızlık ve mala zarar verme suçlarından mahkûmiyetine karar verilen olayda, Özel Daire ile Yargıtay Cumhuriyet Başsavcılığı arasında oluşan ve Ceza Genel Kurulunca çözümlenmesi gereken uyuşmazlık; yerel mahkeme kararındaki yasa yolu bildiriminin yasal ve yeterli"
"17110100","Yargıtay","Hukuk Genel Kurulu","2011/426","2011/516","13.07.2011","hgk","ticaret","y2010_2019","0.629","0.444","0.435","0.95","gerekçe ve nedenlerle HUMK.nun 429.maddesi gereğince BOZULMASINA, bozma nedenine göre sair temyiz nedenlerinin bu aşamada incelenmesine yer olmadığına, istek halinde temyiz peşin harcının geri verilmesine, 13.07.2011 gününde, oyçokluğu ile karar verildi."
"77579000","Yargıtay","Hukuk Genel Kurulu","2013/192","2013/1560","13.11.2013","hgk","icra_iflas","y2010_2019","0.629","0.44","0.435","0.95","HUKUK GENEL KURULU KARARI
 
 Hukuk Genel Kurulu'nca incelenerek direnme kararının süresinde temyiz edildiği anlaşıldıktan ve dosyadaki kağıtlar okunduktan sonra gereği görüşüldü:
Dava, 5.485-TL asıl alacak 408,51-TL işlemiş faizin tahsili için tahliye istekli olarak yapılan icra takibine vaki kısmi itirazın kaldırılması, takibin devamı, % 40 icra tazminatı, temerrüt nedeni ile tahliye istemine ilişkindir. Davacı, davalı ile aralarında 01.04.2005 başlangıç tarihli kira sözleşm"
"77230400","Yargıtay","Hukuk Genel Kurulu","2013/214","2013/299","27.02.2013","hgk","borclar","y2010_2019","0.629","0.432","0.44","0.95","O halde, davalı vekilinin, temyiz dilekçesinin feragat nedeniyle reddi gerekir. S O N U Ç : Davalı vekilinin temyiz dilekçesinin feragat nedeniyle REDDİNE, 6217 sayılı Kanunun 30.maddesi ile 6100 sayılı HMK'na eklenen ""Geçici madde 3"" atfıyla uygulanmakta olan 1086 sayılı HUMK:nun 440/1.maddesi uyarınca tebliğden itibaren 15 gün içerisinde karar düzeltme yolu açık olmak üzere, 27.02.2013 gününde oybirliği ile karar verildi."
"457391900","Yargıtay","Hukuk Genel Kurulu","2010/622","2010/678","22.12.2010","hgk","ticaret","y2010_2019","0.628","0.188","0.579","0.95","Kamu idare ve kurumlarının, kamu otoritesinin (egemenlik hakkının) bir temsilcisi olarak yaptığı faaliyetlerinde veya ondan doğan eylemlerinde hizmet unsuru söz konusu olduğu halde, özel hukuk tüzel kişisi olarak yürüttüğü hizmetlere ilişkin faaliyetleri sırasında meydana gelen zararlardan ötürü ilgili kamu tüzel kişisinin sorumluluğunun özel hukuk hükümleri ve ilkeleri uyarınca belirlenmesi gerekir. O halde eldeki davanın, aynı kanun hükmü anlamında “tam yargı davası” niteli"
"77449200","Yargıtay","Hukuk Genel Kurulu","2013/739","2013/874","26.06.2013","hgk","ticaret","y2010_2019","0.628","0.374","0.473","0.95","vekilinin ileri sürdüğü temyiz itirazlarının incelenmesi için Özel Daire'ye gönderilmesi gerekir. vekilinin, elde görülmekte olan şikayete ilişkin yargılamaya şikayetçi yanında katılma isteğinin yerel mahkemece ara kararı ile reddine karar verildiği, gerek yerel mahkemece verilen ilk karar, gerekse Yargıtay Özel Daire bozma ilamı, katılma isteğinin reddine karar verilen şirkete tebliğ edilmediği gibi direnme olarak adlandırılan karar da tebliğ edilmeden dosya temyiz incelemes"
"76859100","Yargıtay","Hukuk Genel Kurulu","2010/230","2010/266","12.05.2010","hgk","is_sgk","y2010_2019","0.628","0.188","0.579","0.95","S O N U Ç : Davalılardan SGK Başkanlığı vekilinin temyiz itirazlarının kabulü ile, direnme kararının Özel Daire bozma kararında ve yukarıda gösterilen nedenlerden dolayı HUMK.nun 429.maddesi gereğince BOZULMASINA, 12.05.2010 gününde, oybrliği ile karar verildi."
"77312800","Yargıtay","Hukuk Genel Kurulu","2012/1140","2013/402","27.03.2013","hgk","idare","y2010_2019","0.628","0.223","0.56","0.95","olarak tebligat yapılarak usulüne uygun taraf teşkili sağlanmadan karar verilmesi doğru görülmediğinden Hukuk Genel Kurulu'nca da benimsenen Özel Daire bozma kararına uyulması gerekirken, önceki kararda direnilmesi usul ve yasaya aykırıdır. HUKUK GENEL KURULU KARARI 
Hukuk Genel Kurulu'nca incelenerek direnme kararının süresinde temyiz edildiği anlaşıldıktan ve dosyadaki k&acirc;ğıtlar okunduktan sonra gereği görüşüldü:
Dava, 4650 sayılı Kanunla değişik 2942 sayılı Kamulaştır"
"77708200","Yargıtay","Hukuk Genel Kurulu","2013/1308","2013/1375","25.09.2013","hgk","diger","y2010_2019","0.628","0.437","0.435","0.95","ve 4421 sayılı Kanunun 4/b-1 maddeleri gereğince takdiren 218 TL para cezasının karar düzeltme isteyenden alınarak Hazineye gelir kaydedilmesine, 25.09.2013 gününde oyçokluğu ile karar verildi. sayılı kararın bozulmasını kapsayan ve Yargıtay Hukuk Genel Kurulu'ndan çıkan 13.03.2013 gün ve 2012/14-802 E."
"77433600","Yargıtay","Ceza Genel Kurulu","2012/1350","2013/226","30.04.2013","cgk","usul_hukuk","y2010_2019","0.628","0.307","0.51","0.95","CEZA GENEL KURULU KARARI
Eylemin sübutuna ilişkin bir uyuşmazlık ve bu kabulde dosya içeriği itibarıyla da herhangi bir isabetsizlik bulunmayan somut olayda, Özel Daire ile Yargıtay Cumhuriyet Başsavcılığı arasında oluşan ve Ceza Genel Kurulunca çözümlenmesi gereken uyuşmazlık; aleyhe temyiz bulunmayan davada, eylemin suçun nitelikli halini oluşturduğundan bahisle ""eleştiri ile onama"" mı, yoksa cezayı aleyhe değiştirme yasağı gözetilerek ""bozma"" kararı mı verileceğinin belirl"
"77588700","Yargıtay","Hukuk Genel Kurulu","2013/143","2013/1483","23.10.2013","hgk","miras","y2010_2019","0.627","0.302","0.51","0.95","mirasçıları arasında 02.04.2007 tarihinde düzenlenen rıza-i taksim ve sulh anlaşması başlıklı belgenin dava konusu edilen Şimşelli Köyü, 119 ada, 18 parsel sayılı taşınmazı da kapsayıp kapsamadığı; buradan varılacak sonuca göre bu parsel yönünden ne şekilde karar verilmesi gerektiği noktasında toplanmaktadır. ada, 18 parselde kayıtlı 7.097.06 m2 miktarlı kestanelik yönünden ortaklığında giderilmesi davası devam edecek, satış parası mirasçılar arasında miras paylarına göre pay"
"86456200","Yargıtay","Hukuk Genel Kurulu","2012/1090","2013/394","27.03.2013","hgk","icra_iflas","y2010_2019","0.627","0.271","0.529","0.95","HUKUK GENEL KURULU KARARI  
Hukuk Genel Kurulu’nca incelenerek direnme kararının süresinde temyiz edildiği anlaşıldıktan ve dosyadaki kâğıtlar okunduktan sonra gereği görüşüldü:  
İstek; usulsüz ödeme emrinin iptali, öğrenme tarihinin 07/09/2009 olarak kabulü ile 09/09/2009 tarihli red kararının kaldırılması istemine ilişkindir. Hukuk Genel Kurulu'ndaki görüşmeler sırasında, işin esasının incelenmesinden önce, direnme kararının gerçekte yeni hüküm niteliğinde olup olmadığı; d"
"76914200","Yargıtay","Ceza Genel Kurulu","2010/179","2010/201","19.10.2010","cgk","ticaret","y2010_2019","0.626","0.492","0.398","0.95","Sanık H.Y..'ın, 05.07.2007 tarihinde 12 yaşındaki K..'ya karşı cinsel istismar suçunu işlediği hususunda Özel Daire, Yargıtay Cumhuriyet Başsavcılığı ve yerel mahkeme arasında bir uyuşmazlık bulunmayıp, Özel Daire ile Yargıtay Cumhuriyet Başsavcılığı arasında oluşan uyuşmazlık, mağdurenin ruh sağlığının bozulduğuna ilişkin rapor veren Adli Tıp Kurumu 6. Yargıtay Ceza Genel Kurulunun, benzer bir uyuşmazlığın çözümünü içeren 11.05.2010 gün ve 4-110 sayılı kararında da belirtild"
"77390500","Yargıtay","Ceza Genel Kurulu","2012/1404","2012/1872","25.12.2012","cgk","ceza_genel","y2010_2019","0.625","0.339","0.485","0.95","fıkrasında da; ""Suçun işlendiği zaman yürürlükte bulunan kanun ile sonradan yürürlüğe giren kanunların hükümleri farklı ise, failin lehine olan kanun uygulanır ve infaz olunur"" hükmü yer almakta olup, bu maddenin gerekçesinde; ""Madde, kanunun zaman bakımından uygulanmasına ilişkindir. İncelenen dosya içeriğinden; 
Yakalama ve el koyma tutanağına göre, 20.12.2005 günü saat 23.45 sıralarında sanığın da içinde bulunduğu Patnos'a giden bir otobüste usulüne uygun şekilde yapılan a"
"77030700","Yargıtay","Ceza Genel Kurulu","2011/79","2011/54","19.04.2011","cgk","ceza_genel","y2010_2019","0.625","0.486","0.398","0.95","maddesinin hangi fıkrasının uygulanması gerektiğinin belirlenmesine ilişkin ise de, sanık hakkında işlediği fiilin hukuki anlam ve sonuçlarını algılama veya davranışlarını yönlendirme yeteneğinin yeterince gelişip gelişmediğine ilişkin rapor alınmasının gerekip gerekmediği hususu öncelikle değerlendirilmiştir. İşlediği fiilin hukuk&icirc; anlam ve sonuçlarını algılama ve bu fiille ilgili olarak davranışlarını yönlendirme yeteneğinin varlığı h&acirc;linde, bu kişiler hakkında "
"52034000","Yargıtay","Hukuk Genel Kurulu","2012/852","2013/254","20.02.2013","hgk","is_sgk","y2010_2019","0.624","0.203","0.56","0.95","İş sözleşmesi kural olarak, feshi ihbar sonucu veya belirli bir süre için yapılmışsa, bu sürenin dolmasıyla ortadan kalkar. ""İşverenin haklı nedenle derhal fesih hakkı"" başlıklı 25.madde uyarınca:

 ""Süresi belirli olsun veya olmasın işveren, aşağıda yazılı hallerde iş sözleşmesini sürenin bitiminden önce veya bildirim süresini beklemeksizin feshedebilir:

 I-Sağlık sebepleri:

 a)İşçinin kendi kastından veya derli toplu olmayan yaşayışından yahut içkiye düşkünlüğünden doğaca"
"77233100","Yargıtay","Hukuk Genel Kurulu","2011/448","2011/539","21.09.2011","hgk","esya_tapu","y2010_2019","0.624","0.377","0.46","0.95","Hal böyle olunca, direnme kararı miktar itibariyle kesin olup, temyizi mümkün bulunmadığından davalı vekilinin temyiz dilekçesinin reddi gerekir. HUKUK GENEL KURULU KARARI

 Hukuk Genel Kurulunca incelenerek direnme kararının süresinde temyiz edildiği anlaşıldıktan ve dosyadaki kağıtlar okunduktan sonra gereği görüşüldü:
Dava elatmanın önlenmesi, kal, ağaçların söküm bedeli ve ecrimisil istemine ilişkindir."
"76931400","Yargıtay","Hukuk Genel Kurulu","2010/373","2010/477","13.10.2010","hgk","icra_iflas","y2010_2019","0.624","0.324","0.489","0.95","sayılı kararında da dava dilekçesi içeriğinde açıkça yer verilen herhangi bir istemin, talep sonucu (neticei talep) bölümünde yer almamasının sonuca etkili olmadığının vurgulanmış olmasına göre, hukuk genel kurulu'nca da benimsenen özel daire bozma kararına uyulmak gerekirken, önceki kararda direnilmesi usul ve yasaya aykırıdır. S O N U Ç : Davacı/alacaklı/kiralayan vekilinin temyiz itirazlarının kabulü ile, direnme kararının Özel Daire bozma kararında ve yukarıda gösterilen "
"17001100","Yargıtay","Hukuk Genel Kurulu","2010/405","2010/348","30.06.2010","hgk","usul_hukuk","y2010_2019","0.624","0.393","0.45","0.95","gerekçeye ait her hangi bir söz tekrar edilmeksizin isteklerin her biri hakkında verilen hükümle, taraflara yüklenen borç ve tanınan hakların mümkünse sıra numarası altında birer birer açık şüphe ve tereddüt uyandırmayacak şekilde gösterilmesi gerekir. Nitekim, Yargıtay'ın yerleşmiş görüşü de bu yöndedir (Hukuk Genel Kurulu'nun 19.6.1991 gün 323/391 sayılı;10.9.1991 gün 281-415 sayılı; 25.9.1991 gün 355-440 sayılı; 05.12.2007 gün ve 2007/3-981/936 sayılı; 23.01.2008 gün ve 20"
"77665500","Yargıtay","Hukuk Genel Kurulu","2012/1641","2012/1293","19.12.2012","hgk","ticaret","y2010_2019","0.624","0.455","0.415","0.95","HUKUK GENEL KURULU KARARI

 Hukuk Genel Kurulunca incelenerek dosyadaki kağıtlar okunduktan sonra gereği görüşüldü: 
1-Mahkemece direnme kararı davacı vekili ile davalı vekili ve iflas idare memuru yüzüne karşı verilmiş iflas idare memuru ve D... Bu nedenler temyiz dilekçelerinin davacıya tebliğ edilmesi ve yasal süre beklenildikten sonra dosyanın Hukuk Genel Kurulu Başkanlığı'na gönderilmesi gereklidir."
"77494000","Yargıtay","Hukuk Genel Kurulu","2013/240","2013/762","22.05.2013","hgk","icra_iflas","y2010_2019","0.624","0.523","0.375","0.95","Yargıtay 22.Hukuk Dairesinin, Yargıtay 21.Hukuk Dairesinin görevsizlik kararı ve Yargıtay 9.Hukuk Dairesi 22.01.2013 gün ve 2013/3336 E- 2013/2419 sayılı karar ile inceleme merciinin belirlenmesi açısından dosyanın Başkanlar Kurulu'na sunulmak üzere Yargıtay 1.Başkanlığına gönderilmesine karar verilmiş; ancak dosya UYAP sistemi üzerinden yanlışlıkla Hukuk Genel Kurulu Başkanlığına gönderilmiştir. Yukarıda açıklandığı üzere Hukuk Genel Kurulu'na yanlışlıkla gelen dosyanın göre"
"77210300","Yargıtay","Ceza Genel Kurulu","2011/153","2011/243","22.11.2011","cgk","ceza_ozel","y2010_2019","0.624","0.551","0.36","0.95","Özel Daire ile Yargıtay C.Başsavcılığı arasında oluşan ve Ceza Genel Kurulunca çözümlenmesi gereken uyuşmazlık; dosyanın temyiz incelemesi için Yargıtay'da bulunduğu aşamada katılan tarafından gönderilen şikayetten vazgeçme dilekçesi üzerine mala zarar verme suçu yönünden düşme kararı verilmesinin gerekip gerekmediğinin belirlenmesine ilişkindir. fıkrası; ""Kovuşturma yapılabilmesi şik&acirc;yete bağlı suçlarda kanunda aksi yazılı olmadıkça suçtan zarar gören kişinin vazgeçmes"
"76955900","Yargıtay","Ceza Genel Kurulu","2010/136","2010/229","23.11.2010","cgk","usul_hukuk","y2010_2019","0.624","0.55","0.36","0.95","A....hakkında, 10.03.2004 tarihinde işlediği iddia edilen elektrik hırsızlığı suçundan verilen beraat hükmüyle ilgili olarak; Özel Daire ile Yargıtay Cumhuriyet Başsavcılığı arasında oluşan ve Genel Kurulca çözümlenmesi gereken uyuşmazlık, dava zamanaşımının dolup dolmadığının belirlenmesine ilişkindir. İncelenen dosyada; 
Suç tarihinin 10.03.2004, iddianame havale tarihinin 16.04.2004, sanığın suç nite&not;liğinin değişmesi gerekçesiyle 22.10.2004 tarihinde görevsizlik karar"
"77047000","Yargıtay","Hukuk Genel Kurulu","2011/252","2011/357","25.05.2011","hgk","aile","y2010_2019","0.623","0.414","0.435","0.95","HUKUK GENEL KURULU KARARI

 Hukuk Genel Kurulu'nca incelenerek direnme kararının süresinde temyiz edildiği anlaşıldıktan ve dosyadaki kağıtlar okunduktan sonra gereği görüşüldü:
Dava, evliliğin iptali olmadığı takdirde boşanma, birleşen dava ise boşanma, nafaka , maddi ve manevi tazminata hükmedilmesi istemlidir. Birleşen davada; birleşen dosya davacısı-davalı kadın vekili, evlilik birliğinin temelinden sarsılması nedeniyle tarafların boşanmalarına, tedbir ve yoksulluk nafaka"
"77616900","Yargıtay","Hukuk Genel Kurulu","2013/386","2013/1617","27.11.2013","hgk","ticaret","y2010_2019","0.623","0.376","0.457","0.95","Temyiz isteyen davalı tarafın kendisinin ya da işleminin harçtan istisna ve muafiyetinin bulunmadığı belirgin olduğuna göre; temyiz isteminin incelenmesi için direnme kararında hüküm altına alınan miktar dikkate alınarak belirlenecek nispi karar ve ilam harcının &frac14; oranında nispi temyiz karar harcının ve temyiz başvurma harcının tahsili gerekir. Açıklanan nedenlerle; dosyanın, 6217 sayılı Kanunun 30.maddesi ile 6100 sayılı Hukuk Muhakemeleri Kanunu'na eklenen ""Geçici ma"
"77704800","Yargıtay","Hukuk Genel Kurulu","2013/1365","2013/1396","25.09.2013","hgk","diger","y2010_2019","0.623","0.495","0.388","0.95","gerekçelerle davalının karar düzeltme itirazlarının kabulüyle yerel mahkemesi kararının onanması gerektiği görüşünde olduğumdan sayın çoğunluğun kararına karşıyım."
"76824100","Yargıtay","Ceza Genel Kurulu","2010/101","2010/121","25.05.2010","cgk","ceza_ozel","y2010_2019","0.623","0.408","0.439","0.95","Sanığın 26.10.2002 tarihinde işlediği iddia olunan suç, cezasının üst sınırı itibariyle 765 sayılı TCY'nın 102/4 maddesi uyarınca 5 yıllık dava zamanaşımına tabi olup, kesen nedenlerin varlığı halinde bu süre en fazla yarı oranında artarak 7 yıl 6 aya uzamaktadır. CEZA GENEL KURULU KARARI
Ceza Genel Kurulunca çözümlenmesi gereken uyuşmazlık, eksik araştırma ile hüküm verilip verilmediği noktasında toplanmakta ise de;
Sanığa isnat edilen elektrik enerjisi hırsızlığı suçu 765 s"
"76841300","Yargıtay","Hukuk Genel Kurulu","2010/216","2010/231","28.04.2010","hgk","usul_hukuk","y2010_2019","0.622","0.388","0.448","0.95","Tarafların karşılıklı iddia ve savunmalarına, dosyadaki tutanak ve kanıtlara, mahkeme kararında açıklanan ve Hukuk Genel Kurulunca da benimsenen gerektirici nedenlere, delillerin değerlendirilmesinde bir isabetsizlik bulunmamasına göre, yerel mahkeme kararının adli yargının görevli olduğuna ilişkin bölümü usul ve yasaya uygundur. Bu nedenle işin esasına yönelik temyiz itirazlarının incelenmesi için dosyanın Özel Dairesine gönderilmesi gerekir."
"77307600","Yargıtay","Hukuk Genel Kurulu","2012/1090","2013/394","27.03.2013","hgk","icra_iflas","y2010_2019","0.622","0.281","0.51","0.95","HUKUK GENEL KURULU KARARI 
Hukuk Genel Kurulu'nca incelenerek direnme kararının süresinde temyiz edildiği anlaşıldıktan ve dosyadaki k&acirc;ğıtlar okunduktan sonra gereği görüşüldü: 
İstek; usulsüz ödeme emrinin iptali, öğrenme tarihinin 07/09/2009 olarak kabulü ile 09/09/2009 tarihli red kararının kaldırılması istemine ilişkindir. P.a tebligat yapılamaması üzerine Tebligat Kanunu'nun 35.maddesi uyarınca tebligat yapılması yasal değil ise de, şikayetçi- borçlunun icra dosyas"
"77411400","Yargıtay","Hukuk Genel Kurulu","2013/9","2013/838","14.06.2013","hgk","icra_iflas","y2010_2019","0.622","0.395","0.445","0.95","HUKUK GENEL KURULU KARARI

 Hukuk Genel Kurulu'nca incelenerek direnme kararının süresinde temyiz edildiği anlaşıldıktan ve dosyadaki kağıtlar okunduktan sonra gereği görüşüldü:
Şik&acirc;yet, takip dayanağı olan senedin kambiyo senedi vasfını taşımadığı iddiasıyla takibin iptali istemine ilişkindir. Hal böyle olunca; şikayetin İİK 168/3 maddesinde öngörülen sürede ileri sürüldüğünden uyuşmazlın esasının görülüp sonuçlandırılması gerektiğine ilişkin Yerel mahkemece verilen di"
"77592600","Yargıtay","Hukuk Genel Kurulu","2013/221","2013/1498","30.10.2013","hgk","esya_tapu","y2010_2019","0.622","0.219","0.547","0.95","Tarafların karşılıklı iddia ve savunmalarına, dosyadaki tutanak ve kanıtlara, bozma kararında açıklanan gerektirici nedenlere ve özellikle davacıya noterlik kanalı ile gönderilen evrakın kamulaştırma evrakı olduğunun kabul edilmesi gerektiğine göre, Hukuk Genel Kurulu'nca da benimsenen Özel Daire bozma kararına uyulmak gerekirken, önceki kararda direnilmesi usul ve yasaya aykırıdır. maddesi ile 6100 sayılı Hukuk Muhakemeleri Kanunu'na eklenen ""Geçici Madde 3"" atfıyla uygulanm"
"77657600","Yargıtay","Hukuk Genel Kurulu","2012/635","2012/1281","19.12.2012","hgk","diger","y2010_2019","0.622","0.492","0.389","0.95","KARŞI OY YAZISI :

 Yüksek Hukuk Genel Kurulu'nun işbu karar düzeltme talebine konu olan 14.03.2012 gün ve 2011/4-824 Esas, 2012/134 Karar sayılı kararına karşı muhalefet görüşünde açıklanan hususlarda sayın çoğunluğun aksi yöndeki kararına katılmıyoruz. karar dtüzeltme harçları peşin alındığından başkaca harç alınmasına mahal olmadığına, 19.12.2012 gününde oyçokluğu ile karar verildi."
"45619900","Yargıtay","Ceza Genel Kurulu","2012/1357","2013/230","30.04.2013","cgk","ticaret","y2010_2019","0.622","0.28","0.51","0.95","Ayomak hakkında kurulan hükümle sınırlı olarak yapılmış olup, Özel Daire ile Yargıtay Cumhuriyet Başsavcılığı arasında oluşan ve Ceza Genel Kurulunca çözümlenmesi gereken uyuşmazlık; aleyhe temyiz bulunmayan davada, eylemin suçun nitelikli halini oluşturduğundan bahisle ""eleştiri ile onama"" mı, yoksa cezayı aleyhe değiştirme yasağı gözetilerek ""bozma"" kararı mı verileceğinin belirlenmesine ilişkindir. maddesinde belirtilen kişiler tarafından açılması veya hükmün kendiliğinden"
"76845400","Yargıtay","Hukuk Genel Kurulu","2010/226","2010/242","28.04.2010","hgk","ticaret","y2010_2019","0.621","0.324","0.482","0.95","HUKUK GENEL KURULU KARARI

 Hukuk Genel Kurulu'nca dilekçe, düzeltilmesi istenen ilam ve dosyadaki ilgili bütün kağıtlar okunduktan sonra gereği görüşüldü:
Sağlıklı bir temyiz incelemesi yapılabilmesi için hükme esas alınan deliller ile dava evrakının eksiksiz olması, işlem sırasına göre belli bir düzen içinde bulunması gerekmektedir. Temyiz incelemesine konu eldeki dava dosyasında davacının 20.8.1991 tarihli dava dilekçesi ve yargılamanın yenilenmesine konu edilen Antalya Ka"
"16896400","Yargıtay","Hukuk Genel Kurulu","2010/13","2010/33","27.01.2010","hgk","ticaret","y2010_2019","0.621","0.479","0.393","0.95","S O N U Ç : Yukarıda yazılı noksanlığın tamamlanması için dosyanın mahkemesine, GERİ ÇEVRİLMESİNE, 27.01.2010 gününde oybirliği ile karar verildi. tutarında başvuru harcının alınması zorunlu olup, bu miktar yeniden değerlendirme oranlarının uygulanması ile 2009 yılı için 67.20 TL."
"77668300","Yargıtay","Hukuk Genel Kurulu","2013/1107","2013/1410","25.09.2013","hgk","idare","y2010_2019","0.621","0.484","0.39","0.95","Şti vekilinin temyiz isteminin reddine ve diğer davalı Gazipaşa Belediye Başkanlığı vekilinin temyizi yönünden direnme uygun bulunduğundan diğer temyiz itirazlarının incelenmesi için dosyanın Dairesine gönderilmesini"" kapsayan ve Yargıtay Hukuk Genel Kurulu'ndan çıkan 04.05.2011 gün ve 2011/13-56 E.-2011/264 K. ve 4421 sayılı Kanunun 4/b-1.maddeleri gereğince takdiren 218,00 TL para cezasının karar düzeltme isteyenlerden alınarak Hazineye gelir kaydedilmesine, Harçlar Kanunu "
"76932100","Yargıtay","Ceza Genel Kurulu","2010/163","2010/211","26.10.2010","cgk","usul_hukuk","y2010_2019","0.621","0.408","0.435","0.95","CEZA GENEL KURULU KARARI
Sanığın neticesi sebebiyle ağırlaşmış basit cinsel istismar suçundan mahk&ucirc;miyetine karar verilen somut olayda, suçun sübutu yönünden bir isabetsizlik ve uyuşmazlık bulunmayıp, Özel Daire ile Yargıtay C.Başsavcılığı arasında oluşan ve Ceza Genel Kurulunca çözümlenmesi gereken uyuşmazlık, mağdur hakkında düzenlenen ve 5237 sayılı TCY'nın 103/6. Uyuşmazlığın çözümünde sağlıklı bir hukuki sonuca varılabilmesi için, 25.02.2003 tarihli Resmi Gazetede "
"76864300","Yargıtay","Ceza Genel Kurulu","2010/129","2010/160","29.06.2010","cgk","ceza_ozel","y2010_2019","0.621","0.537","0.36","0.95","maddesi uyarınca 1/4 oranında arttırıldığı belirtilerek sonuç olarak 2 yıl 8 ay hapis cezası ile cezalandırılmasına karar verildiği belirtilmiş, bu hükmü sanık müdafiinin temyizi üzerine inceleyen Özel Daire; katılan lehine verilen vek&acirc;let ücretinin dilekçe yazım ücretine düşürülmesi suretiyle düzelterek onamıştır. Ceza Genel Kurulunun yerleşmiş kararlarında da vurgulandığı üzere, Ceza Genel Kurulunca inceleme yapılırken, Özel Daire kararının hukuka aykırı görülerek kal"
"77043900","Yargıtay","Hukuk Genel Kurulu","2011/289","2011/335","18.05.2011","hgk","icra_iflas","y2010_2019","0.62","0.4","0.435","0.95","HUKUK GENEL KURULU KARARI

 Hukuk Genel Kurulunca incelenerek direnme kararının süresinde temyiz edildiği anlaşıldıktan ve dosyadaki kağıtlar okunduktan sonra gereği görüşüldü:
Dava, haksız icra takibi ve haksız dava açılması nedeniyle uğranılan maddi ve manevi zararın ödetilmesi istemine ilişkindir. Uyuşmazlık; Sulh Hukuk Mahkemesindeki davaya konu 31.05.2006 tarihli tahliye taahhüdü altındaki imzanın davacıya ait olup olmadığının belirlenip, belirlenmediği; o davadaki maddi"
"76731500","Yargıtay","Hukuk Genel Kurulu","2010/123","2010/154","17.03.2010","hgk","ticaret","y2010_2019","0.62","0.186","0.56","0.95","Açıklanan nedenlerle, Hukuk Genel Kurulu'nca da benimsenen Özel Daire bozma kararına uyulmak gerekirken, önceki kararda direnilmesi usul ve yasaya aykırıdır. HUKUK GENEL KURULU KARARI
 Hukuk Genel Kurulu'nca incelenerek direnme kararının süresinde temyiz edildiği anlaşıldıktan ve dosyadaki kağıtlar okunduktan sonra gereği görüşüldü: 
Dava, ipoteğin paraya çevrilmesi yoluyla yapılan takip nedeniyle borçlu olunmadığının tespiti, takibin iptali ve %40 tazminata hükmedilmesi iste"
"77248100","Yargıtay","Hukuk Genel Kurulu","2012/513","2013/168","30.01.2013","hgk","idare","y2010_2019","0.62","0.27","0.51","0.95","HUKUK GENEL KURULU KARARI

 Hukuk Genel Kurulu'nca incelenerek direnme kararının süresinde temyiz edildiği anlaşıldıktan ve dosyadaki kağıtlar okunduktan sonra gereği görüşüldü:
Asıl dava, kamulaştırma bedelinin tespiti ve kamulaştırılan taşınmazın davacı idare adına tescili istemi; birleşen dava ise, kamulaştırmasız el atma nedeniyle tazminat istemine ilişkindir. Davacı Belediye vekili, dava konusu 236 ada 82 parsel sayılı taşınmazın Üsküdar Kültür ve Spor Kompleksi projesin"
"77170800","Yargıtay","Hukuk Genel Kurulu","2010/728","2010/672","22.12.2010","hgk","ticaret","y2010_2019","0.62","0.271","0.51","0.95","HUKUK GENEL KURULU KARARI

 Hukuk Genel Kurulunca incelenerek dosyadaki kağıtlar okunduktan sonra gereği görüşüldü:
Bilindiği üzere, sağlıklı bir temyiz incelemesi yapılabilmesi için hükme esas alınan deliller ile dava evrakının eksiksiz olması, işlem sırasına göre belli bir düzen içinde bulunması gerekmektedir. Turizm Limited Şirketi tarafından da 22.11.2010 havale tarihli dilekçe ile temyiz edildiği ve dilekçenin aynı tarihte temyiz defterine kaydedildiği halde bu davalıdan"
"17078800","Yargıtay","Hukuk Genel Kurulu","2011/358","2011/312","18.05.2011","hgk","icra_iflas","y2010_2019","0.62","0.381","0.447","0.95","HUKUK GENEL KURULU KARARI





 
Hukuk Genel Kurulunca incelenerek direnme kararının süresinde temyiz edildiği anlaşıldıktan ve dosyadaki kağıtlar okunduktan sonra gereği görüşüldü:





 
Dava, 3201 sayılı Kanun kapsamında SSK ve Bağkur'a yapılan borçlanmalar dikkate alınarak 01.04.2008 tarihinden itibaren yaşlılık aylığı almaya hak kazanıldığının tespiti istemine ilişkindir. S O N U Ç: Yukarıda açıklandığı üzere; dosyanın, açıklanan imza eksikleri tamamlandıktan sonra temyi"
"17066600","Yargıtay","Ceza Genel Kurulu","2011/19","2011/60","19.04.2011","cgk","ceza_genel","y2010_2019","0.62","0.532","0.36","0.95","maddeleri uyarınca 8 yıl 9 ay hapis ve 7.500 Lira adli para cezasıyla cezalandırılmasına karar verilen somut olayda Ceza Genel Kurulunca çözümlenmesi gereken uyuşmazlık, sanığa atılı uyuşturucu madde ticareti suçunun sübutuna ilişkin ise de, öncelikle bu suçtan verilen mahkumiyet hükmünün yerel Cumhuriyet savcısı tarafından da temyiz edilip edilmediğinin ve bu temyizin Özel Daire tarafından yapılan inceleme sırasında değerlendirilip değerlendirilmediğinin belirlenmesi gerekme"
"77396300","Yargıtay","Hukuk Genel Kurulu","2013/1013","2013/816","12.06.2013","hgk","aile","y2010_2019","0.619","0.244","0.523","0.95","maddesinin uygulanamayacağı Genel Kurulda yapılan görüşmeler sonunda oyçokluğuyla kabul edilmiştir. Bu genel açıklamalardan sonra, zaman bakımından 6100 sayılı Hukuk Muhakemeleri Kanunu (HMK)'nun ilgili hükmüne de değinmek gerekir:
HMK'nun ""Zaman bakımından uygulanma"" başlığını taşıyan 448.maddesi; 
""(1) Bu Kanun hükümleri, tamamlanmış işlemleri etkilememek kaydıyla derh&acirc;l uygulanır."" 
Hükmünü içermektedir."
"77656500","Yargıtay","Hukuk Genel Kurulu","2012/927","2012/1233","19.12.2012","hgk","usul_hukuk","y2010_2019","0.619","0.18","0.56","0.95","Şu hususta unutulmamalıdır ki, çekişmeli taşınmazlara ilişkin dayanak tescil ilamlarının gözetilmesi, kesin hüküm itirazları mülkiyet iddiasını ilgilendireceğinden görevli mahkemece değerlendirilmesi gerekir. köyü sınırları içerisinde 3402 Sayılı Kadastro Kanunu'nun 22/A maddesi uyarınca yapılan arazi kadastro çalışmalarının tamamlanıp 09.06.2010 tarihinde askı suretiyle ilan edildiğini, .....Köyünde ilk orman tahdidinin 3116 sayılı kanuna göre 1946 yılında yapılmış olup ilan"
"76902700","Yargıtay","Hukuk Genel Kurulu","2010/389","2010/429","29.09.2010","hgk","usul_hukuk","y2010_2019","0.619","0.214","0.541","0.95","Islahın konusu, tarafların yapmış oldukları usul işlemleri olduğuna göre, ıslahla düzeltilecek usul işlemlerinin neler olduğundan söz edilmesinde yarar vardır:
Gerek öğreti gerekse Yargıtay, ıslah yoluyla davanın değiştirebileceğini ve genişletilebileceğini, aynı şekilde savunmanın genişletilebileceğini ilke olarak kabul etmektedir. Bunun doğal sonucu olarak, dava dilekçesinde yer alan ilk talep içeriği değil, ıslah yoluyla açıklanan talep içeriği nazara alınarak araştırma ve"
"45626500","Yargıtay","Hukuk Genel Kurulu","2012/1084","2013/401","27.03.2013","hgk","aile","y2010_2019","0.619","0.183","0.56","0.95","Tarafların karşılıklı iddia ve savunmalarına, dosyadaki tutanak ve kanıtlara, bozma kararında açıklanan gerektirici nedenlere göre evlilik birliğinin temelinden sarsılmasına neden olan olaylarda iki tarafın da eşit kusurlu olduğunun kabulü gerektiğinden, Hukuk Genel Kurulu'nca da benimsenen Özel Daire bozma kararına uyulmak gerekirken, önceki kararda direnilmesi usul ve yasaya aykırıdır. HUKUK GENEL KURULU KARARI

 Hukuk Genel Kurulu'nca incelenerek direnme kararının süresind"
"77512900","Yargıtay","Hukuk Genel Kurulu","2012/1835","2013/784","29.05.2013","hgk","is_sgk","y2010_2019","0.619","0.181","0.56","0.95","Dosya içeriği,toplanan delillere ve özellikle bozma kararında açıklanan gerektirici nedenlere göre, Hukuk Genel Kurulu'nca da benimsenen Özel Daire bozma kararına uyulmak gerekirken, önceki kararda direnilmesi usul ve yasaya aykırıdır. HUKUK GENEL KURULU KARARI 
Hukuk Genel Kurulunca incelenerek direnme kararının süresinde temyiz edildiği anlaşıldıktan ve dosyadaki kağıtlar okunduktan sonra gereği görüşüldü:
Dava, 506 sayılı Kanun'un 79/10.maddesine dayalı hizmet tespiti iste"
"77620000","Yargıtay","Hukuk Genel Kurulu","2013/368","2013/1594","27.11.2013","hgk","usul_hukuk","y2010_2019","0.619","0.381","0.445","0.95","Tarafların karşılıklı iddia ve savunmalarına, dosyadaki tutanak ve kanıtlara, mahkeme kararında açıklanan gerektirici nedenlere ve özellikle taşıma giderlerinin düşülmüş olması dikkate alındığında, delillerin değerlendirilmesinde bir isabetsizlik bulunmamasına göre, usul ve yasaya uygun bulunan direnme kararının onanması gerekir. maddesi ile 6100 sayılı Hukuk Muhakemeleri Kanunu'na eklenen ""Geçici Madde 3"" atfıyla uygulanmakta olan 1086 sayılı Hukuk Usulü Muhakemeleri Kanunu'"
"77470100","Yargıtay","Hukuk Genel Kurulu","2013/645","2013/893","26.06.2013","hgk","usul_hukuk","y2010_2019","0.619","0.379","0.444","0.95","Bilindiği üzere, 6217 Sayılı Kanunun 30.maddesi ile 6100 sayılı Hukuk Muhakemeleri Kanunu'na eklenen ""Geçici Madde 3"" atfıyla uygulanmakta olan 1086 sayılı Hukuk Usulü Muhakemeleri Kanunu (HUMK)'nun 432.maddesinin 1.fıkrası gereğince Asliye Hukuk Mahkemesi'nce verilecek kararların temyiz süresi tebliğ tarihinden itibaren 15 gündür. Aynı Yasa'nın 432/4.maddesi uyarınca, süresinden sonra yapılan temyiz istemleri hakkında mahkemece bir karar verilebileceği gibi, 01.03.1990 gün v"
"77543900","Yargıtay","Hukuk Genel Kurulu","2013/828","2013/1103","11.09.2013","hgk","usul_hukuk","y2010_2019","0.618","0.263","0.51","0.95","Davacı vekili, Birecik Barajı ve HES yapımı nedeniyle müvekkilimin maliki bulunduğu taşınmazın yerleşme düzeninin bozulduğunu, sosyal ve ekonomik yönden taşınmazdan fiilen yararlanma ve ulaşım imk&acirc;nlarının kısıtlandığını ileri sürerek taşınmaz bedelin tespiti ve tazminini talep ve dava etmiştir. Davacının, dava dilekçesinde dayandığı sebepler dikkate alındığında eldeki dava; 2942 sayılı Kamulaştırma Kanunu'nun 12.maddesi uyarınca, baraj için yapılan kamulaştırma sonucu "
"77670000","Yargıtay","Hukuk Genel Kurulu","2013/51","2013/1403","25.09.2013","hgk","aile","y2010_2019","0.618","0.175","0.56","0.95","Açıklanan nedenlerle, Özel Daire bozma ilamında belirtilen gerekçelerle, Hukuk Genel Kurulu'nca da benimsenen bozma ilamına uyulmak gerekirken, önceki kararda direnilmesi usul ve yasaya aykırıdır. HUKUK GENEL KURULU KARARI

 Hukuk Genel Kurulu'nca incelenerek direnme kararının süresinde temyiz edildiği anlaşıldıktan ve dosyadaki kağıtlar okunduktan sonra gereği görüşüldü:
Dava, evlilik birliğinin temelinden sarsıldığı iddiasına dayalı boşanma,velayet; karşı istek ise maddi ve"
"77257300","Yargıtay","Hukuk Genel Kurulu","2011/560","2011/576","28.09.2011","hgk","ticaret","y2010_2019","0.618","0.448","0.404","0.95","Bu nedenle, Hukuk Genel Kurulu tarafından bu aşamada yapılacak herhangi bir işlem bulunmadığından dosyanın mahkemesine iadesi gerekir. HUKUK GENEL KURULU KARARI

 Hukuk Genel Kurulunca incelenerek dosyadaki kağıtlar okunduktan sonra gereği görüşüldü: 
Dava, kadastro tespitine itiraz istemine ilişkin olup; 18.05.2011 tarihli direnme kararı taraflara tebliğ edilmeksizin ve herhangi bir temyiz istemi olmaksızın resen temyiz incelemesi için Hukuk Genel Kurulu Başkanlığına gönderi"
"77559200","Yargıtay","Ceza Genel Kurulu","2013/425","2013/516","26.11.2013","cgk","icra_iflas","y2010_2019","0.618","0.178","0.56","0.95","Ancak bu durumda neticenin taksirle gerçekleştirilmesinin kanunda suç olarak tanımlanmış olması gerekir İkinci fıkra ile kişinin, suçun daha ağır veya daha az cezayı gerektiren nitelikli hallerinin gerçekleştiği hususundaki hatasından yararlanması öngörülmüş, buna göre, kardeşi olduğunu bilmediği bir kişiyi öldüren fail, kasten öldürme suçunun nitelikli hallerinden olan kardeşini öldürmekten değil, kasten öldürmenin temel şeklinden sorumlu olacak, değersiz zannederek değerli "
"77658000","Yargıtay","Hukuk Genel Kurulu","2012/922","2012/1235","19.12.2012","hgk","usul_hukuk","y2010_2019","0.617","0.174","0.56","0.95","Şu hususta unutulmamalıdır ki, çekişmeli taşınmazlara ilişkin dayanak tescil ilamlarının gözetilmesi, kesin hüküm itirazları mülkiyet iddiasını ilgilendireceğinden görevli mahkemece değerlendirilmesi gerekir. Yapılan tespit usul ve yasaya aykırı olup ,taşınmaz kısmen orman tahdit sınırları içerisinde kaldığından,yapılan tespitin iptali için Yüksek Mahkemenize itiraz etmek zorunda kalmış bulunmaktayız.."" iddiası ile, çekişmeli taşınmaza ilişkin tespitin iptalini ve taşınmazın "
"76895200","Yargıtay","Hukuk Genel Kurulu","2010/402","2010/400","22.09.2010","hgk","usul_hukuk","y2010_2019","0.617","0.343","0.461","0.95","Buna göre, hüküm sonucu kısmında gerekçeye ait her hangi bir söz tekrar edilmeksizin isteklerin her biri hakkında verilen hükümle, taraflara yüklenen borç ve tanınan hakların mümkünse sıra numarası altında birer birer açık şüphe ve tereddüt uyandırmayacak şekilde gösterilmesi gerekir. Zorunlu nedenlerle yalnız hüküm sonucunun tefhim edildiği hallerde, gerekçeli kararın tefhim tarihinden başlayarak onbeş gün içinde yazılması gerekir."" 
Hükmünü içermekte olup; mahkeme kararları"
"16896100","Yargıtay","Hukuk Genel Kurulu","2010/56","2010/21","27.01.2010","hgk","usul_hukuk","y2010_2019","0.617","0.425","0.414","0.95","HUKUK GENEL KURULU KARARI





 
Hukuk Genel Kurulunca incelenerek direnme kararının süresinde temyiz edildiği anlaşıldıktan ve dosyadaki kağıtlar okunduktan sonra gereği görüşüldü:






Hukuk Usulü Muhakemeleri Kanununun 193.maddesinde, görevsizlik kararının kesinleşme tarihinden itibaren 10 gün içinde yeniden dilekçe verilmesi veya yeniden çağrı kâğıdı gönderilmesi gerektiği aksi halde davanın açılmamış sayılmasına karar verileceği hükme bağlanmıştır. Dosya içerisinde bulu"
"16896500","Yargıtay","Hukuk Genel Kurulu","2010/19","2010/34","27.01.2010","hgk","is_sgk","y2010_2019","0.617","0.405","0.424","0.95","Bu eksikliğin giderilmesinden sonra dosyanın Yargıtay’a gönderilmek üzere mahkemesine geri çevrilmesine gerekir





. HUKUK GENEL KURULU KARARI 






Hukuk Genel Kurulu’nca incelenerek direnme kararının süresinde temyiz edildiği anlaşıldıktan ve dosyadaki kâğıtlar okunduktan sonra gereği görüşüldü:






Dava, Sigortalının bakmakla yükümlü olduğu kişiye yaptığı tedavi, eğitim ve rehabilitasyon giderlerinin tahsili istemine ilişkindir."
"77044300","Yargıtay","Hukuk Genel Kurulu","2011/215","2011/341","25.05.2011","hgk","borclar","y2010_2019","0.616","0.254","0.51","0.95","maddesi hükümleri bu Kanun yürürlüğe girdiği tarihte;
a) Görülmekte olan davalar, 
b) Kesinleşmemiş hükümler, 
c) Miktar veya değeri itibarıyla temyiz veya karar düzeltme yoluna gidilemediği için kesinleşen hükümler, 
bakımından da uygulanır ve davaya Devlet aleyhine devam olunur."" 
düzenlemesine yer verilmiştir. sayılı kararının kaldırılması ve Özel Dairenin ilk derece mahkemesi sıfatıyla verdiği 13.04.2010 tarihli kararının bozulması gerekir."
"77092500","Yargıtay","Hukuk Genel Kurulu","2011/241","2011/452","22.06.2011","hgk","ticaret","y2010_2019","0.616","0.381","0.435","0.95","HUKUK GENEL KURULU KARARI

 Hukuk Genel Kurulunca incelenerek dosyadaki kağıtlar okunduktan sonra gereği görüşüldü: 
Öncelikle belirtilmelidir ki, sağlıklı bir temyiz incelemesi yapılabilmesi için hükme esas alınan deliller ile dava evrakının eksiksiz olması, işlem sırasına göre belli bir düzen içinde bulunması gerekmektedir. 1-Birleşen dosyalardan;
Aydın Sulh 2.Hukuk Mahkemesinin 2007/916, 2007/954, 2007/955, 2007/956, 2007/957, 2007/929, 2007/968, 2007/969 ve 2007/970 esas "
"77465500","Yargıtay","Ceza Genel Kurulu","2012/1193","2013/629","24.12.2013","cgk","ceza_usul","y2010_2019","0.616","0.255","0.51","0.95","Ceza Genel Kurulunun 31.10.2012 gün ve 655-1823 sayılı kararında açıkça vurgulandığı üzere, yargılama yapılmasına engel olup, davayı düşüren hallerden biri olan dava zamanaşımının yargılama sırasında gerçekleşmesi durumunda, yerel mahkeme ya da Yargıtay, re'sen zamanaşımı kuralını uygulayarak kamu davasının düşmesine karar verecektir. Diğer taraftan, Ceza Genel Kurulunun 26.04.2011 gün ve 245-72, 10.03.2009 gün ve 25-58 ile 29.04.2008 gün ve 79-90 sayılı kararlarında da açıkl"
"76860000","Yargıtay","Hukuk Genel Kurulu","2010/247","2010/272","12.05.2010","hgk","usul_hukuk","y2010_2019","0.615","0.251","0.51","0.95","Bu durumda, temyize konu kararın, Hukuk Usulü Muhakemeleri Kanunu'nun 429/3.maddesi anlamında bir direnme kararı olmadığı; bozma kararından esinlenilerek oluşturulmuş yeni bir hüküm niteliğinde olduğu kabul edilmelidir. HUKUK GENEL KURULU KARARI

 Hukuk Genel Kurulu'nca incelenerek direnme kararının süresinde temyiz edildiği anlaşıldıktan ve dosyadaki k&acirc;ğıtlar okunduktan sonra gereği görüşüldü:
Hukuk Genel Kurulu'ndaki görüşme sırasında, işin esasına geçilmeden önce, di"
"77148500","Yargıtay","Hukuk Genel Kurulu","2010/660","2010/657","15.12.2010","hgk","diger","y2010_2019","0.615","0.418","0.413","0.95","sayılı ilamın, karar düzeltilmesi yoluyla incelenmesi bir kısım davalılar vekili tarafından verilen dilekçe ile istenilmiş olmakla; Hukuk Genel Kurulu'nca dilekçe, düzeltilmesi istenen ilam ve dosyadaki ilgili bütün kağıtlar okunduktan sonra gereği görüşüldü:
Temyiz ilamında yer alan açıklamalara göre Hukuk Usulü Muhakemeleri Kanununun 440. ve 4421 sayılı Kanunun 4/b-1 maddeleri gereğince takdiren 172.00 TL para cezasının karar düzeltme isteyenlerden alınarak hazineye gelir k"
"16851800","Yargıtay","Hukuk Genel Kurulu","2010/5","2010/18","27.01.2010","hgk","usul_hukuk","y2010_2019","0.614","0.294","0.482","0.95","2- Davacı vekilinin temyizine gelince;






Tarafların karşılıklı iddia ve savunmalarına, dosyadaki tutanak ve kanıtlara, bozma kararında açıklanan gerektirici nedenlere göre, Hukuk Genel Kurulu’nca da benimsenen Özel Daire bozma kararına uyulmak gerekirken, önceki kararda direnilmesi usul ve yasaya aykırıdır. 1- Özel Dairece, davalı vekilinin temyiz itirazlarının yerinde görülmeyerek reddedildiği, davacının temyiz itirazları bakımından hükmün davacı yararına bozulduğu, anıl"
"77269600","Yargıtay","Hukuk Genel Kurulu","2012/1600","2013/184","30.01.2013","hgk","ticaret","y2010_2019","0.614","0.437","0.399","0.95","Temyiz aşamasında iken davacı vekili 17.01.2013 tarihli dilekçe ile temyiz hakkından feragat dilekçesi vermiş, talimat mahkemesince feragat dilekçesinin altına kimlik tespiti yapılmadan Hukuk Genel Kurulu Başkanlığı'na gönderilmiştir. Mahkeme dışında yapılması ve feragat dilekçesinin mahkemeye ibraz edilmesi halinde feragat dilekçesinin altına hakim tarafından imzanın davacıya veya feragat yetkili vekiline ait olduğunun şerh verilmesi gereklidir."
"77421500","Yargıtay","Hukuk Genel Kurulu","2013/796","2013/846","14.06.2013","hgk","usul_hukuk","y2010_2019","0.614","0.424","0.407","0.95","Bu durum karşısında, mahkemece direnme kararının usule uygun olarak davacı ve davalı tarafa tebliğ edilip, temyiz süresi beklenildikten sonra kararın temyizi halinde temyiz incelemesi yapılmak üzere Yargıtay'a eksiksiz biçimde gönderilmesi gerekir. HUKUK GENEL KURULU KARARI

 Hukuk Genel Kurulu'nca incelenerek dosyadaki kağıtlar okunduktan sonra gereği görüşüldü: 
Dosya içerisindeki evrakların incelenmesinde, mahkemenin direnme kararının alacağı temlik aldığını iddia eden G.V"
"465122200","Yargıtay","Ceza Genel Kurulu","2013/475","2013/635","24.12.2013","cgk","ceza_usul","y2010_2019","0.614","0.437","0.398","0.95","Ceza Dairesince 21.05.2013 gün ve 5499-6284 sayı ile, itirazın yerinde görülmediğinden bahisle dosya, Yargıtay Birinci Başkanlığına gönderilmiş ise de; bu aşamada Yargıtay C.Başsavcılığı tarafından 18.12.2013 gün ve 363596 sayı ile itirazın geri alınması talebinde bulunulmuştur. Ceza Dairesi
Mahkemesi :Sulh Ceza 
Günü : 05.04.2011
Sayısı : 4-100

Dinsel tören suçundan sanık hakkında Diyadin Sulh Ceza Mahkemesince verilen 05.04.2011 gün ve 4-100 sayılı hükmün sanık tarafından "
"17156600","Yargıtay","Hukuk Genel Kurulu","2011/564","2011/750","14.12.2011","hgk","idare","y2010_2019","0.613","0.206","0.529","0.95","HUKUK GENEL KURULU KARARI





 
Hukuk Genel Kurulu'nca incelenerek direnme kararının süresinde temyiz edildiği anlaşıldıktan ve direnme kararının verildiği tarih itibariyle H.U.M.K.2494 sayılı Yasa ile değişik 438/II.fıkrası hükmü gereğince duruşma isteğinin reddine karar verilip dosyadaki kağıtlar okunduktan sonra gereği görüşüldü:





 
Dava, 4650 sayılı Yasa ile değişik 2942 sayılı Kamulaştırma Kanununun 10. Yerel Mahkemece, ""…



…Dava konusu taşınmazın değerlendirme ta"
"87781700","Yargıtay","Ceza Genel Kurulu","2012/1375","2013/28","29.01.2013","cgk","usul_hukuk","y2010_2019","0.613","0.275","0.491","0.95","CEZA GENEL KURULU KARARI
Sanığın hakaret suçundan cezalandırılmasına karar verilen olayda, Özel Daire ile Yargıtay Cumhuriyet Başsavcılığı arasında oluşan ve Ceza Genel Kurulunca çözümlenmesi gereken uyuşmazlık, sanık hakkında hükmolunan cezanın ertelenmemesine ilişkin gerekçenin yasal ve yeterli olup olmadığının belirlenmesine ilişkindir. maddeleri gereğince 1 yıl 15 gün hapis cezası ile cezalandırılmasına karar verildiği ve cezanın ertelenmemesine ilişkin olarak; “Sanığın k"
"17158000","Yargıtay","Hukuk Genel Kurulu","2011/600","2011/704","23.11.2011","hgk","ticaret","y2010_2019","0.612","0.235","0.51","0.95","HUKUK GENEL KURULU KARARI






Hukuk Genel Kurulunca incelenerek dosyadaki kağıtlar okunduktan sonra gereği görüşüldü:





 
Bilindiği üzere, sağlıklı bir temyiz incelemesi yapılabilmesi için hükme esas alınan deliller ile dava evrakının eksiksiz olması, işlem sırasına göre belli bir düzen içinde bulunması gerekmektedir. Yargıtay temyiz incelemesine geçmeden evvel, harcın yatırılmadığını tespit ederse, yukarıda açıklanan hallere göre ya temyiz dilekçesinin reddi ile esas ha"
"76499100","Yargıtay","Hukuk Genel Kurulu","2013/1550","2013/1071","11.09.2013","hgk","diger","y2010_2019","0.612","0.599","0.3","0.95","Yapılan inceleme sonunda söz konusu kararın verildiği dosyada direnme kararı bulunmadığı ve Başkanlar Kurulu Kararı'nın maddi hataya dayalı olduğu anlaşıldığından daireler arasındaki görev uyuşmazlığının giderilmesi için dosyanın Hukuk Başkanlar Kurulu'na gönderilmesi gerekmiştir. SONUÇ: Dosyanın Hukuk Başkanlar Kurulu'na gönderilmesine, 11.09.2013 gününde oybirliği ile karar verildi."
"77473900","Yargıtay","Hukuk Genel Kurulu","2013/1033","2013/899","26.06.2013","hgk","ticaret","y2010_2019","0.611","0.335","0.451","0.95","Temyiz isteyen davalı tarafın kendisinin ya da işleminin harçtan istisna ve muafiyetinin bulunmadığı belirgin olduğuna göre; temyiz başvurma harcının tahsili gerekir. Açıklanan nedenlerle; dosyanın, 6217 sayılı Kanunun 30.maddesi ile 6100 sayılı Hukuk Muhakemeleri Kanunu'na eklenen ""Geçici madde 3"" atfıyla uygulanmakta olan 1086 sayılı Hukuk Usulü Muhakemeleri Kanunu'nun 434/2 .maddesi gereğince işlem yapılarak belirtilen eksikliklerin giderilmesi ve Yargıtay Hukuk Genel Kuru"
"77615800","Yargıtay","Hukuk Genel Kurulu","2013/1912","2013/1618","27.11.2013","hgk","icra_iflas","y2010_2019","0.611","0.456","0.379","0.95","HUKUK GENEL KURULU KARARI

 Hukuk Genel Kurulunca incelenerek dosyadaki kağıtlar okunduktan sonra gereği görüşüldü: 
Dava menfi tespit istemine ilişkindir. Davalı vekili 20.08.2013 tarihli dilekçe ile kararlar arasında çelişki bulunduğunu iddia ederek içtihatların birleştirilmesi isteminde bulunmuştur."
"53548100","Yargıtay","Ceza Genel Kurulu","2013/30158","2013/37286","25.11.2013","cgk","usul_hukuk","y2010_2019","0.61","0.432","0.391","0.95","maddeleri uyarınca (ONANMASINA), 24.30 TL onama harcı alındığından başkaca harç alınmasına yer olmadığına, ilamın tebliğinden itibaren 10 gün içinde karar düzeltme yolu açık olmak üzere, 25.11.2013 gününde oybirliğiyle karar verildi. gerekçelere göre yerinde bulunmayan temyiz itirazlarının reddiyle usul ve kanuna uygun mahkeme kararının İİK.nun 366."
"77574400","Yargıtay","Hukuk Genel Kurulu","2013/1904","2013/1550","13.11.2013","hgk","usul_hukuk","y2010_2019","0.609","0.286","0.473","0.95","Dosyadaki tutanak ve kanıtlara, bilgi ve belgelere, daire kararında açıklanan gerektirici nedenlere ve özellikle delillerin değerlendirilmesinde bir isabetsizlik bulunmamasına göre, usul ve yasaya uygun olduğu tespit edilen Yargıtay 4.Hukuk Dairesinin ilk derece mahkemesi sıfatıyla verdiği kararın onanması gerekir. 573/2 de tarif edilen yasaya aykırılığı teşkil ettiğini iddia ederek manevi tazminatın davalıdan tahsiline karar verilmesi talebinde bulunmuştur."
"77257900","Yargıtay","Hukuk Genel Kurulu","2011/616","2011/577","28.09.2011","hgk","esya_tapu","y2010_2019","0.609","0.188","0.529","0.95","HUKUK GENEL KURULU KARARI

Hukuk Genel Kurulunca incelenerek, dosyadaki kağıtlar okunduktan sonra gereği görüşüldü:
Bilindiği üzere, direnme kararları üzerine verilen Hukuk Genel Kurulu kararlarına karşı karar düzeltme yolunun açık olup olmadığı hususu, 1086 sayılı Hukuk Usulü Muhakemeleri Kanunu'nun 440/1 ve 442/A maddeleri çerçevesinde değerlendirilir. Hukuk Genel Kurulu kararına karşı karar düzeltme yolunun açık olması halinde dosya yerel mahkemeye gönderilerek taraflara t"
"76974300","Yargıtay","Hukuk Genel Kurulu","2010/515","2010/522","20.10.2010","hgk","usul_hukuk","y2010_2019","0.609","0.211","0.515","0.95","O halde Hukuk Genel Kurulu'nca da benimsenen Özel Daire bozma kararına uyulmak gerekirken, önceki kararda direnilmesi usul ve yasaya aykırıdır. HUKUK GENEL KURULU KARARI

 Hukuk Genel Kurulu'nca incelenerek direnme kararının süresinde temyiz edildiği anlaşıldıktan ve dosyadaki kağıtlar okunduktan sonra gereği görüşüldü:
Davacı, 3.derece arkeolojik sit alanında kalan taşınmaza davalının izinsiz olarak bilbordlar diktiğini ileri sürerek elatmanın önlenmesini ve bilbordların kal"
"76702500","Yargıtay","Hukuk Genel Kurulu","2009/528","2010/77","17.02.2010","hgk","miras","y2010_2019","0.609","0.223","0.51","0.95","SONUÇ:Davalı vekilinin temyiz itirazlarının kabulü ile, direnme kararının Özel Daire bozma kararında gösterilen ve yukarıda açıklanan nedenlerden dolayı HUMK.nun 429.maddesi gereğince BOZULMASINA, 17.02.2010 gününde, dördüncü görüşmede oyçokluğu ile karar verildi."
"76709300","Yargıtay","Hukuk Genel Kurulu","2010/120","2010/95","17.02.2010","hgk","ticaret","y2010_2019","0.609","0.424","0.393","0.95","(TL) tutarında başvuru harcının da alınması zorunlu olup, bu miktar yeniden değerlendirme oranlarının uygulanması ile 2009 yılı için 67.20 TL; 2010 yılı için ise 73.90 TL olarak belirlenmiştir. Direnme kararını taraf vekilleri temyiz etmiş; ancak, 11.01.2010 tarihinde temyiz etmiş olan davalıdan anılan 73.90 TL harcın alınmadığı anlaşılmıştır."
"77580600","Yargıtay","Ceza Genel Kurulu","2013/764","-","26.11.2013","cgk","ceza_genel","y2010_2019","0.609","0.439","0.385","0.95","Ceza Dairesi
Mahkemesi : KASTAMONU Ağır Ceza
Günü : 06.12.2012
Sayısı : 107-259

 Çocuğun nitelikli cinsel istismarı ve kişiyi hürriyetinden yoksun kılma suçlarından sanık hakkında Kastamonu Ağır Ceza Mahkemesince verilen 06.12.2012 gün ve 107-259 sayılı hükmün sanık müdafii tarafından temyiz edilmesi üzerine dosyayı inceleyen Yargıtay 14. Ceza Dairesince 12.09.2013 gün ve 7765-9014 sayı ile, itirazın yerinde görülmediğinden bahisle dosya Yargıtay Birinci Başkanlığına gönderi"
"53666600","Yargıtay","Ceza Genel Kurulu","-","2013/37379","26.11.2013","cgk","diger","y2010_2019","0.609","0.426","0.392","0.95","Temyiz dilekçesinin (REDDİNE), ilamın tebliğinden itibaren 10 gün içinde karar düzeltme yolu açık olmak üzere, 26.11.2013 gününde oybirliğiyle karar verildi."
"16851400","Yargıtay","Hukuk Genel Kurulu","2010/17","2010/6","27.01.2010","hgk","usul_hukuk","y2010_2019","0.608","0.301","0.461","0.95","Buna göre, hüküm sonucu kısmında gerekçeye ait her hangi bir söz tekrar edilmeksizin isteklerin her biri hakkında verilen hükümle, taraflara yüklenen borç ve tanınan hakların mümkünse sıra numarası altında birer birer açık şüphe ve tereddüt uyandırmayacak şekilde gösterilmesi gerekir. HUKUK GENEL KURULU KARARI






Hukuk Genel Kurulu'nca incelenerek direnme kararının süresinde temyiz edildiği anlaşıldıktan ve dosyadaki kağıtlar okunduktan sonra gereği görüşüldü:






Mahkem"
"76979600","Yargıtay","Hukuk Genel Kurulu","2010/484","2010/528","20.10.2010","hgk","usul_hukuk","y2010_2019","0.608","0.413","0.397","0.95","Bu eksikliklerin giderilmesinden sonra Yargıtay'a gönderilmek üzere dosyanın mahkemesine geri çevrilmesi gerekir. HUKUK GENEL KURULU KARARI

 Hukuk Genel Kurulu'nca incelenerek dosyadaki k&acirc;ğıtlar okunduktan sonra gereği görüşüldü:
Davacılar vekili karar düzeltme talebini içerir dilekçesinde, tapu kaydında mevcut dava konusu şerhin kaldırıldığını ve bu nedenle davanın konusuz kaldığını belirtmiş, ancak buna ilişkin delillerini dilekçesine eklememiştir."
"77590600","Yargıtay","Hukuk Genel Kurulu","2013/1767","2013/1492","23.10.2013","hgk","ticaret","y2010_2019","0.608","0.427","0.389","0.95","HUKUK GENEL KURULU KARARI
Hukuk Genel Kurulunca incelenerek dosyadaki kağıtlar okunduktan sonra gereği görüşüldü:
Hukuk Genel Kurulu'nun 12.06.2013 günlü görüşmeleri sonunda yerel mahkemenin direnme kararı uygun bulunmuş ve esasa ilişkin temyiz itarazlarının incelenmesi için Yargıtay 8.Hukuk Dairesine gönderilmesine karar verilmiştir. Karar düzeltme kanun yolu için mahkemesine gönderilmiş, karar düzeltme isteminde bulunulmaması üzerine dosya Yargıtay 8.Hukuk Dairesine gönderi"
"77313600","Yargıtay","Ceza Genel Kurulu","2012/1186","2013/97","19.03.2013","cgk","ceza_genel","y2010_2019","0.608","0.216","0.51","0.95","Ceza Genel Kurulunun süreklilik kazanmış uygulamalarına göre, şeklen ısrar kararı verilmiş olsa dahi;
a) Bozma kararı doğrultusunda işlem yapmak,
b) Bozma kararında tartışılması gereken hususları tartışmak,
c) Bozma sonrasında yapılan araştırmaya, incelemeye ya da toplanan yeni kanıtlara dayanmak,
d) İlk kararda yer almayan ve daire denetiminden geçmemiş bulunan yeni ve değişik gerekçelerle hüküm kurmak,
Suretiyle verilen hüküm, özde direnme kararı olmayıp, bozmaya eylemli uy"
"76981900","Yargıtay","Hukuk Genel Kurulu","2010/498","2010/535","20.10.2010","hgk","icra_iflas","y2010_2019","0.607","0.398","0.402","0.95","Mahkemece istem kısmen kabul edilmiş, kabul ve ret oranına göre yargılama giderine de hükmedilmiştir. HUKUK GENEL KURULU KARARI
Hukuk Genel Kurulunca incelenerek direnme kararının süresinde temyiz edildiği anlaşıldıktan ve dosyadaki kağıtlar okunduktan sonra gereği görüşüldü:
Davacının istemi, 2004 sayılı İcra ve İflas Kanunu 67 maddesine dayalı itirazın iptali ile icra inkar tazminatına ilişkindir."
"77500200","Yargıtay","Hukuk Genel Kurulu","2013/608","2013/769","29.05.2013","hgk","ceza_genel","y2010_2019","0.607","0.347","0.431","0.95","ve 4421 sayılı Kanunun 4/b-1 maddeleri gereğince takdiren 218 TL para cezasının karar düzeltme isteyenden alınarak hazineye gelir kaydedilmesine; 492 sayılı Harçlar Kanunu uyarınca 50,45 TL karar düzeltme harcı peşin alındığından başkaca harç alınmasına mahal olmadığına, 29.05.2013 gününde oyçokluğu ile karar verildi. maddesinin (2.) fıkrasıyla; dava tarihinde yürürlükte olan 1086 sayılı Hukuk Usulü Muhakemeleri Kanununun 576'ncı maddesi, anılan Kanunun yürürlüğe girdiği 14.2"
"76733500","Yargıtay","Hukuk Genel Kurulu","2010/141","2010/157","17.03.2010","hgk","ticaret","y2010_2019","0.607","0.405","0.399","0.95","Bu eksikliğin giderilmesinden sonra Yargıtay'a gönderilmek üzere dosyanın mahkemesine geri çevrilmesi gerekir. HUKUK GENEL KURULU KARARI

 Hukuk Genel Kurulu'nca incelenerek dosyadaki kağıtlar okunduktan sonra gereği görüşüldü:
İncelenmesine gerek görülen arsa sahibi Nazmiye Kula tarafından davalı yüklenici Hamdi Akem aleyhine açılan, Çerkezköy 2.Asliye Hukuk Mahkemesi'nin 2007/42 E."
"77134500","Yargıtay","Ceza Genel Kurulu","2011/152","2011/146","28.06.2011","cgk","ceza_genel","y2010_2019","0.607","0.474","0.36","0.95","maddesi uyarınca bu suçun asli zamanaşımı 5 yıl, 104/2 maddesine göre de kesintili zamanaşımı 7 yıl 6 ay olup, 20.06.2003 olan suç tarihi ile 02.02.2011 olan Özel Daire inceleme tarihi arasında bu süre 20.12.2010 günü dolmuş bulunmaktadır. CEZA GENEL KURULU KARARI 
Yargıtay Ceza Genel Kurulunca çözümlenmesi gereken uyuşmazlık, Özel Dairece temyiz incelemesinin yapıldığı 02.02.2011 tarihinde dava zamanaşımının gerçekleşip gerçekleşme&not;diğinin belirlenmesine ilişkindir."
"77518600","Yargıtay","Hukuk Genel Kurulu","2012/552","2012/867","21.11.2011","hgk","usul_hukuk","y2010_2019","0.605","0.418","0.386","0.95","HUKUK GENEL KURULU KARARI

 Hukuk Genel Kurulu'nca incelenerek direnme kararının süresinde temyiz edildiği anlaşıldıktan ve dosyadaki kağıtlar okunduktan sonra gereği görüşüldü:
Mahkeme kararlarında nelerin yazılacağı 6100 sayılı Hukuk Muhakemeleri Kanunu'nun 297.maddesinde hükmün kapsamı belirlenmiş ikinci fıkrada ise sonuç kısmında gösterilmesi gerekli hususlar düzenlenmiştir. maddesi uyarınca tebliğden itibaren 10 gün içerisinde karar düzeltme yolu açık olmak üzere, 21.11."
"77226700","Yargıtay","Hukuk Genel Kurulu","2013/33","2013/275","20.02.2013","hgk","ticaret","y2010_2019","0.604","0.382","0.404","0.95","Nispi harca tabi davaların kabulüne ilişkin kararların temyizi halinde ise, mahkemece hükmedilen miktar üzerinden hesaplanarak kararda belirtilen nispi karar ve ilam harcının dörtte biri temyiz karar harcı olarak alınır. Açıklanan nedenlerle; düzeltilerek onama isteyen davalılara HUMK.nun 434.maddesi gereğince muhtıra çıkarılması ve sonucuna göre işlem yapılması için, mahkemeye geri çevrilmesi gerekmiştir."
"77478200","Yargıtay","Hukuk Genel Kurulu","2012/1844","2013/761","22.05.2013","hgk","esya_tapu","y2010_2019","0.604","0.341","0.427","0.95","Hukuk Dairesi'ne ait yukarıda esas ve karar numarası belirtilen karar ile bozulmuştur.Bozma üzerine yapılan yargılama sonunda; mahkemece önceki kararda direnilmiş, direnme kararı davalı Maliye Hazinesi vekili tarafından temyiz edilmiştir. HUKUK GENEL KURULU KARARI
Hukuk Genel Kurulu'nca incelenerek direnme kararının süresinde temyiz edildiği anlaşıldıktan ve dosyadaki kağıtlar okunduktan sonra gereği görüşüldü:Dava tapu iptali tescil istemine ilişkindir."
"77052500","Yargıtay","Ceza Genel Kurulu","2011/50","2011/67","26.04.2011","cgk","ceza_ozel","y2010_2019","0.604","0.264","0.473","0.95","Ceza Genel Kurulunun 23.01.2007 gün ve 254-5 sayılı kararında da açıkça vurgulandığı üzere, yargılama yapılmasına engel olup davayı düşüren hallerden biri olan dava zamanaşımının yargılama sırasında gerçekleşmesi durumunda, yerel mahkeme ya da Yargıtay, re'sen zamanaşımı kuralını uygulayarak kamu davasının düşmesine karar vermek zorundadır. İnceleme konusu olayda; sanık hakkında hırsızlık suçundan açılan kamu davasının yargılaması sonucunda kurulan mahk&ucirc;miyet hükmünün t"
"77431800","Yargıtay","Ceza Genel Kurulu","2013/25","2013/224","30.04.2013","cgk","usul_hukuk","y2010_2019","0.604","0.201","0.51","0.95","maddesinde belirtilen kişiler tarafından açılması veya hükmün kendiliğinden temyize t&acirc;bi olması halinde, Yargıtayca suç niteliğinde yanılgıya düşüldüğü saptandığında aleyhe temyiz bulunmasa bile, cezanın tür ve miktarı yönünden kazanılmış hak saklı kalmak koşuluyla hükmün bozulmasına karar verilecektir. Somut olay bu açıklamalar ışığında değerlendirildiğinde;
Sanığın, 13 yaşında olan mağdurenin sorduğu adresi bildiği yalanını söyleyerek mağdureyi alıp kendi evine götürü"
"76733300","Yargıtay","Hukuk Genel Kurulu","2010/152","2010/156","17.03.2010","hgk","usul_hukuk","y2010_2019","0.603","0.195","0.51","0.95","HUKUK GENEL KURULU KARARI

 Hukuk Genel Kurulu'nca incelenerek direnme kararının süresinde temyiz edildiği anlaşıldıktan ve direnme kararının verildiği tarih itibariyle H.U.M.K.nun 2494 sayılı Yasa ile değişik 438/II.fıkrası hükmü gereğince duruşma isteğinin reddine karar verilip dosyadaki kağıtlar okunduktan sonra gereği görüşüldü:
Dava, kira bedelinin tespiti istemine ilişkindir. Oysa mahkemece, 08.07.2008 günlü celsede, taraflara varsa emsal kira kontratlarını ibraz etmele"
"77657200","Yargıtay","Hukuk Genel Kurulu","2012/688","2012/1283","19.12.2012","hgk","aile","y2010_2019","0.603","0.196","0.51","0.95","Mahkemece, yaşanan olaylar nedeniyle davacının madden ve manen kişilik haklarının ağır surette zarara uğradığı gerekçesiyle tarafların boşanmalarına, anne için aylık 2.000,00 TL yoksulluk nafakasına, müşterek çocuk için 1.500,00 TL iştirak nafakasına, 200.000,00 TL maddi tazminata ve 250.000,00 TL manevi tazminatın tahsiline karar verilmiştir. SONUÇ: Davalı vekilinin temyiz itirazlarının reddi ile direnme kararının yukarıda açıklanan gerekçelerle ONANMASINA oyçokluğu ile, tar"
"77277100","Yargıtay","Hukuk Genel Kurulu","2011/697","2011/610","12.10.2011","hgk","miras","y2010_2019","0.602","0.252","0.473","0.95","Hukuk Genel Kurulu'nda yapılan karar düzeltme görüşmesi sonunda Yerel Mahkeme gerekçesinde yer alan bu ibarenin, hükmün infazı sırasında tereddüt oluşturmaması için hüküm fıkrasının 2.bendine ""davalılardan"" sonra gelmek üzere parantez içinde eklenmesine, diğer yönlerden ise, karar düzeltme istemlerinin reddine karar verilmiştir. Mahkemece davalı K..ile SESOB'un müştereken müteselsilen sorumluluğuna hükmedildiğinden, müteselsilen borçlu olduğuna hükmedilen diğer davalı yönünde"
"77046000","Yargıtay","Hukuk Genel Kurulu","2011/328","2011/350","25.05.2011","hgk","diger","y2010_2019","0.602","0.421","0.376","0.95","sayılı kararın direnme uygun bulunarak daireye gönderilmesini kapsayan ve Yargıtay Hukuk Genel Kurulu'ndan çıkan 10.11.2010 gün, 2010/13-569 Esas, 2010/586 Karar sayılı ilamın, karar düzeltilmesi yoluyla incelenmesi davalı S...."
"76716800","Yargıtay","Ceza Genel Kurulu","2010/5","2010/6","26.01.2010","cgk","ticaret","y2010_2019","0.602","0.497","0.332","0.95","K.'nın karşılıksız çek keşide etmek suçundan cezalandırılmasına karar verilen somut olayda, Yargıtay Ceza Genel Kurulunca çözümlenmesi gereken uyuş&not;mazlık, Özel Dairece incelemenin yapıldığı 10.02.2009 tarihi itibariyle dava zamanaşımının gerçekleşip gerçekleşmediği noktasında toplanmaktadır. Merkez Bankasına bildirilmesine karar verildiği, zaman&not;aşımını kesen en son işlemin 30.12.2004 tarihli mahk&ucirc;miyet hükmü olduğu, suç tarihi olan 31.01.2001 tarihinden itibar"
"76894900","Yargıtay","Hukuk Genel Kurulu","2010/460","2010/404","22.09.2010","hgk","ticaret","y2010_2019","0.601","0.389","0.392","0.95","Anılan ek kararın taraflara tebliği ile yasal süre beklendikten sonra bu kararın temyizi halinde temyiz dilekçesi ile birlikte, temyiz edilmediği takdirde diğer davalının temyiz itirazı hakkında bir karar verilmek üzere Yargıtay'a gönderilmesi için dosyanın mahalline geri çevrilmesi gerekir. HUKUK GENEL KURULU KARARI

 Hukuk Genel Kurulunca incelenerek dosyadaki kağıtlar okunduktan sonra gereği görüşüldü:
 Mahkemenin 23.02.2010 gün ve 2009/473-2010/70 sayılı direnme kararı da"
"77521600","Yargıtay","Hukuk Genel Kurulu","2013/798","2013/798","29.05.2013","hgk","is_sgk","y2010_2019","0.601","0.333","0.425","0.95","HUKUK GENEL KURULU KARARI
Hukuk Genel Kurulunca incelenerek dosyadaki kağıtlar okunduktan sonra gereği görüşüldü: 
Vekil ile takip edilen davalarda vekaletnamenin ibrazını düzenleyen 6100 sayılı HMK'nun 76., vekaletnamesiz dava açılması ve işlem yapılması halini düzenleyen HMK'nun 77. .......ın vekaletnamesi ya da usulünce düzenlenmiş yetki belgesi dosya arasında bulunamamış, bu eksikliğin giderilmesi dosyanın mahkemesine geri çevrilmesi gerekmiştir."
"77526100","Yargıtay","Hukuk Genel Kurulu","2012/1837","2013/806","31.05.2013","hgk","miras","y2010_2019","0.601","0.4","0.386","0.95","G.'ye tebliği usulsüz olup, gerekçeli direnme kararının davacı Esra'ya usulüne uygun olarak tebliğ edilerek, temyiz süresinin beklenilmesi, ondan sonra gönderilmesi için dosyanın mahkemesine geri çevrilmesi gerekir. HUKUK GENEL KURULU KARARI
Hukuk Genel Kurulu'nca incelenerek dosyadaki kağıtlar okunduktan sonra gereği görüşüldü: 
Dava, davacılardan 22.04.1992 doğumlu E."
"76867500","Yargıtay","Hukuk Genel Kurulu","2010/416","2010/383","14.07.2010","hgk","borclar","y2010_2019","0.601","0.374","0.4","0.95","Bu eksikliğin giderilmesinden sonra dosyanın Yargıtay'a gönderilmek üzere mahkemesine geri çevrilmesi gerekir. SONUÇ : Yukarıda yazılı noksanlığın tamamlanması için dosyanın mahkemesine GERİ ÇEVRİLMESİNE, 14.07.2010 gününde oybirliği ile karar verildi."
"77258100","Yargıtay","Ceza Genel Kurulu","2011/330","2011/292","27.12.2011","cgk","icra_iflas","y2010_2019","0.601","0.443","0.36","0.95","CEZA GENEL KURULU KARARI
Sanığın konut dokunulmazlığını ihlal ve yaralama suçlarından cezalandırılmasına karar verilen somut olayda, Özel Daire ile Yargıtay Cumhuriyet Başsavcılığı arasında oluşan ve Ceza Genel Kurulunca çözümlenmesi gereken uyuşmazlık, Özel Dairece incelemenin yapıldığı 01.11.2010 tarihi itibarıyla dava zamanaşımının gerçekleşip gerçekleşmediğinin belirlenmesine ilişkindir. İncelenen dosya içeriğine göre; 
04.04.2003 tarihinde işlenen yaralama ve geceleyin k"
"77418700","Yargıtay","Ceza Genel Kurulu","2013/307","2013/198","30.04.2013","cgk","miras","y2010_2019","0.601","0.185","0.51","0.95","CEZA GENEL KURULU KARARI
İtirazın kapsamına göre inceleme, 6136 sayılı Kanuna aykırılık suçu yönüyle yapılmış olup, Özel Daire ile Yargıtay Cumhuriyet Başsavcılığı arasında oluşan ve Ceza Genel Kurulunca çözümlenmesi gereken uyuşmazlık; çıkartılan nüfus kaydında sanığın temyiz aşamasında öldüğünün belirtilmesi halinde yapılması gereken işlemin belirlenmesine ilişkindir. maddesinde; sanığın ölümü durumunda kamu davasının düşürüleceği, sadece niteliği itibarıyla müsadereye t&ac"
"77377700","Yargıtay","Ceza Genel Kurulu","2013/265","2013/158","30.04.2013","cgk","miras","y2010_2019","0.601","0.186","0.51","0.95","CEZA GENEL KURULU KARARI
Özel Daire ile Yargıtay Cumhuriyet Başsavcılığı arasında oluşan ve Ceza Genel Kurulunca çözümlenmesi gereken uyuşmazlık; yerel mahkemece hükümden sonra gönderilen mernis ölüm formlarında ve çıkartılan nüfus kaydında sanıkların temyiz aşamasında öldüğünün belirtilmesi halinde yapılması gereken işlemin belirlenmesine ilişkindir. maddesinde; sanığın ölümü durumunda kamu davasının düşürüleceği, sadece niteliği itibarıyla müsadereye t&acirc;bi olan eşya ve"
"77034900","Yargıtay","Ceza Genel Kurulu","2011/57","2011/57","19.04.2011","cgk","usul_hukuk","y2010_2019","0.601","0.186","0.51","0.95","İncelenen dosya içeriğinden;
Yerel mahkemece, suç delillerini yok etme suçundan sanık hakkında kurulan hükmün açıklanmasının geri bırakılmasına karar verildiği, bu hükmün temyiz edilmesi üzerine dosyayı inceleyen Özel Dairece; ""hüküm tarihinden sonra yürürlüğe giren 6008 sayılı Kanunla değişik CMK'nun 231/5. Ağır Ceza Mahkemelerinin itiraza t&acirc;bi kararlarını incelemekle görevli mercii, 5271 sayılı CYY'nın 268/3-c maddesi uyarınca, o yerde ağır ceza mahkemesinin birden fa"
"77054200","Yargıtay","Ceza Genel Kurulu","2011/71","2011/73","26.04.2011","cgk","ceza_genel","y2010_2019","0.601","0.325","0.429","0.95","CEZA GENEL KURULU KARARI 
Yargıtay Ceza Genel Kurulunca çözümlenmesi gereken uyuşmazlık; sanığın kastı aşan adam öldürme suçundan cezalandırılması gerekip gerekmediğine ilişkin ise de; öncelikle bozmaya uyan yerel mahkemenin sonradan bu kararından dönerek önceki hüküm gibi karar vermesinin olanaklı olup olmadığının belirlenmesi gerekmektedir. İncelenen dosyada; 
Özel Dairece hükmün bozulması sonrasında 17.09.2010 günü yapılan ilk oturumda yerel mahkemece oybirliği ile bozma i"
"17080800","Yargıtay","Hukuk Genel Kurulu","2011/246","2011/324","18.05.2011","hgk","usul_hukuk","y2010_2019","0.599","0.176","0.51","0.95","HUKUK GENEL KURULU KARARI





 
 Hukuk Genel Kurulunca incelenerek direnme kararının süresinde temyiz edildiği anlaşıldıktan ve dosyadaki kâğıtlar okunduktan sonra gereği görüşüldü:





 
Dava; su aboneliği nedeniyle istenen kanal katılım payı bedelinden dolayı borçsuzluğun tespiti , ödenen bedelin iadesi, abonelik sözleşmesi tesisi vs. Yerel mahkemece ilk kararda, 2464 sayılı Belediye Gelirleri Kanunu'nun 87 ve 88.maddeleri ile ASKİ Tarifeler Yönetmeliğinin 39.maddesi ve 3"
"87582100","Yargıtay","Hukuk Genel Kurulu","2013/1625","2013/1497","23.10.2013","hgk","usul_hukuk","y2010_2019","0.599","0.259","0.461","0.95","maddesi ile 6100 sayılı Hukuk Muhakemeleri Kanunu’na eklenen “Geçici madde 3” atfıyla uygulanmakta olan 1086 sayılı Hukuk Usulü Muhakemeleri Kanunu’nun 433/1 maddesi gereğince temyiz dilekçesinin hüküm veren mahkeme aracılığı ile karşı tarafa tebliğ edilmesi ve karşı tarafa cevap verme ve karşı temyiz isteminde bulunmak hakkının tanınması gereklidir. HUKUK GENEL KURULU KARARI
Hukuk Genel Kurulunca incelenerek dosyadaki kağıtlar okunduktan sonra gereği görüşüldü: 
Dava tapu ip"
"77596700","Yargıtay","Hukuk Genel Kurulu","2013/1846","2013/1579","13.11.2013","hgk","ticaret","y2010_2019","0.598","0.371","0.394","0.95","Somut olayda davalı vekilinin süresi içinde verdiği harca tabi olmayan temyiz dilekçesinin temyiz defterine kaydına, kayıt edilmişse hangi tarihte kayıt edildiğine dair dosyada bir bilgi ve belge bulunmadığı görülmüştür. Bu nedenle davalı vekiline ait temyiz dilekçesinin kayıt tarihinin ve numarasının tespit edilerek dosyaya eklenmek üzere dosyanın mahkemesine geri çevrilmesi gerekmiştir."
"77520000","Yargıtay","Hukuk Genel Kurulu","2013/756","2013/796","29.05.2013","hgk","ticaret","y2010_2019","0.598","0.379","0.389","0.95","Bu nedende direnme kararının davacıya tebliğ edildiğine dair evrak varsa eklenmesi yoksa direnme kararının tebliğ edilmesi ve yasal süre beklenildikten sonra dosyanın mahal mahkemesine geri çevrilmesi gereklidir. Mahkemece istemin kabulü ile hükmün temyiz edilmesi üzerine Yargıtay 11.Hukuk Dairesi'ne ait yukarıda esas ve karar numarası belirtilen karar ile bozulmuştur."
"77435300","Yargıtay","Ceza Genel Kurulu","2013/268","2013/228","30.04.2013","cgk","usul_hukuk","y2010_2019","0.598","0.171","0.51","0.95","maddesinde belirtilen kişiler tarafından açılması veya hükmün kendiliğinden temyize t&acirc;bi olması halinde, Yargıtayca suç niteliğinde yanılgıya düşüldüğü saptandığında aleyhe temyiz bulunmasa bile, cezanın tür ve miktarı yönünden kazanılmış hak saklı kalmak koşuluyla hükmün bozulmasına karar verilecektir. maddeleri uyarınca 2 yıl 6 ay hapis cezasıyla cezalandırılmasına ilişkin yerel mahkeme hükmünün, Özel Dairece sanığın eylemlerinin cinsel saldırı suçunu gizlemek, delill"
"76908500","Yargıtay","Hukuk Genel Kurulu","2010/471","2010/439","29.09.2010","hgk","is_sgk","y2010_2019","0.597","0.295","0.435","0.95","Davacı vekili, müvekkilinin 4447 Sayılı Kanun'un yürürlük tarihinde 20 yıl sigortalılık ve 5000 gün prim ödemesinin olduğu ve 4447 Sayılı Kanun'un Geçici 81/(A) maddesi kapsamında bulunması nedeniyle 01.05.2008 tarihinden itibaren yaşlılık aylığı bağlanmasına karar verilmesini talep ve dava etmiştir. Davacı ile davalı Kurum arasındaki çekişme, yurt dışında çalışmaya başlanılan tarihin Türkiye'de sigortalılığın başlangıcına esas alınmaması nedeniyle sigortalılık süresinin, Kan"
"77186500","Yargıtay","Hukuk Genel Kurulu","2010/633","2010/697","22.12.2010","hgk","ticaret","y2010_2019","0.597","0.243","0.465","0.95","HUKUK GENEL KURULU KARARI

 Hukuk Genel Kurulunca incelenerek dosyadaki kağıtlar okunduktan sonra gereği görüşüldü:
Bilindiği üzere, sağlıklı bir temyiz incelemesi yapılabilmesi için hükme esas alınan deliller ile dava evrakının eksiksiz olması, işlem sırasına göre belli bir düzen içinde bulunması gerekmektedir. Şu durumda, mahkemece yapılacak iş; söz konusu dosyaların bulundukları yerden celbi ile bu eksikler giderilerek, dava dosyası ve eklerinin, içerikleri açıklanan Hukuk"
"77583700","Yargıtay","Hukuk Genel Kurulu","2013/333","2013/1567","13.11.2013","hgk","icra_iflas","y2010_2019","0.597","0.25","0.461","0.95","Yukarıda belirtilen eksikliğin tamamlanması için dosyanın mahalline geri çevrilmesi gerekir. HUKUK GENEL KURULU KARARI

 Hukuk Genel Kurulu'nca incelenerek dosyadaki kağıtlar okunduktan sonra gereği görüşüldü:
Öncelikle belirtilmelidir ki, sağlıklı bir temyiz incelemesi yapılabilmesi için hükme esas alınan deliller ile dava evrakının eksiksiz olması, işlem sırasına göre belli bir düzen içinde bulunması gerekmektedir."
"77510200","Yargıtay","Ceza Genel Kurulu","2012/1383","2013/459","19.11.2013","cgk","usul_hukuk","y2010_2019","0.597","0.169","0.51","0.95","CEZA GENEL KURULU KARARI
Sanığın 213 sayılı Kanuna muhalefet suçlarından cezalandırılmasına karar verilen olayda, Özel Daire ile Yargıtay Cumhuriyet Başsavcılığı arasında oluşan ve Ceza Genel Kurulunca çözümlenmesi gereken uyuşmazlık; eski hale getirme istemini hangi merciin değerlendirmesi gerektiği ve buna bağlı olarak, yerel mahkeme tarafından verilen temyiz isteminin reddi kararına yönelik temyiz isteminin Özel Dairece süre yönünden ret edilmesinin isabetli olup olmadığın"
"77445100","Yargıtay","Hukuk Genel Kurulu","2013/407","2013/869","26.06.2013","hgk","diger","y2010_2019","0.596","0.353","0.4","0.95","sayılı ilamın, karar düzeltme yoluyla incelenmesi davacı vekili tarafından verilen dilekçe ile istenilmiş olmakla; Hukuk Genel Kurulu'nca dilekçe, düzeltilmesi istenen ilam ve dosyadaki ilgili bütün kağıtlar okunduktan sonra gereği görüşüldü:
Hukuk Genel Kurulu'nda öncelikle, Hukuk Genel Kurulu'na ait 12.12.2012 gün ve 2012/1-411 E- 2012/1107 K.sayılı kararın davacıya tebliğine dair, 03.01.2013 günlü tebliğin usulüne uygun yapılıp yapılmadığı ön sorun olarak tartışılmıştır. Y"
"17259500","Yargıtay","Ceza Genel Kurulu","2011/167","2011/194","27.09.2011","cgk","ceza_genel","y2010_2019","0.596","0.424","0.36","0.95","Kişisel hakka ilişkin yasaya aykırılıkların Yargıtay tarafından bozma konusu yapılabilmesi için, hükmün karşı hak sahibi tarafından temyiz edilmiş olması gerekir. Bu nedenle, isteme bağlı olmaksızın diğer yargılama giderleri gibi avukatlık ücretine de kendiliğinden hükmedilmesi gerekir."
"77130300","Yargıtay","Ceza Genel Kurulu","2011/101","2011/139","21.06.2011","cgk","ticaret","y2010_2019","0.595","0.419","0.36","0.95","Sanığın ikna suretiyle irtik&acirc;p suçundan cezalandırılmasına karar verilen somut olayda, Özel Daire ile Yargıtay Cumhuriyet Başsavcılığı arasında oluşan ve Ceza Genel Kurulunca çözümlenmesi gereken uyuşmazlık; irtik&acirc;p suçundan mahk&ucirc;miyetine hükmolunan sanığın, emekliliğinin sonlandırılmasına karar verilmesinin isabetli olup olmadığının belirlenmesine ilişkindir. İncelenen dosya içeriğine göre;
İl Jandarma Alay Komutanlığı Ruhsat Kısım Amiri olarak görev yapan "
"77523700","Yargıtay","Ceza Genel Kurulu","2012/1502","2013/469","19.11.2013","cgk","ceza_usul","y2010_2019","0.595","0.378","0.384","0.95","Ceza Dairesince 05.11.2012 gün ve 22572-27054 sayı ile, itirazın yerinde görülmediğinden bahisle dosya Yargıtay Birinci Başkanlığına gönderilmiş ise de, bu aşamada Yargıtay Cumhuriyet Başsavcılığınca 22.10.2013 gün ve 345948-48062 sayı ile itirazın geri alınması talebinde bulunulmuştur. Sulh Ceza
Günü : 05.11.2010
Sayısı : 630

 İtiraz eden tarafından, Kahramanmaraş Emniyet Müdürlüğü Trafik Tescil ve Denetleme Şube Müdürlüğünce düzenlenen trafik suç tutanağına itiraz edilmesi"
"77591300","Yargıtay","Hukuk Genel Kurulu","2013/1678","2013/1494","23.10.2013","hgk","is_sgk","y2010_2019","0.594","0.36","0.39","0.95","HUKUK GENEL KURULU KARARI
Hukuk Genel Kurulunca incelenerek dosyadaki kağıtlar okunduktan sonra gereği görüşüldü: 
Dava işçilik alacağı istemine ilişkindir. S O N U Ç : Yukarıda açıklanan nedenle dosya aslının gönderilmesi için mahkemesine, GERİ ÇEVRİLMESİNE, 23.10.2013 gününde oybirliği ile karar verildi."
"77446300","Yargıtay","Hukuk Genel Kurulu","2013/2086","2013/1694","25.12.2013","hgk","diger","y2010_2019","0.594","0.307","0.421","0.95","para cezasının karar düzeltme isteyenden alınarak hazineye gelir kaydedilmesine, Harçlar Kanunu uyarınca 50,45 TL karar düzeltme harcı peşin alındığından başkaca harç alınmasına mahal olmadığına, 25.12.2013 gününde oyçokluğu ile karar verildi. sayılı kararın bozulmasını kapsayan ve Yargıtay Hukuk Genel Kurulu'ndan çıkan 10.07.2013 gün ve 2012/23-1623 E., 2013/1055 K."
"45619500","Yargıtay","Ceza Genel Kurulu","2012/1326","2013/229","30.04.2013","cgk","usul_hukuk","y2010_2019","0.594","0.154","0.51","0.95","CEZA GENEL KURULU KARARI

 İnceleme, sanık hakkında kişiyi hürriyetinden yoksun kılma suçundan kurulan hükümle sınırlı olarak yapılmış olup, Özel Daire ile Yargıtay Cumhuriyet Başsavcılığı arasında oluşan ve Ceza Genel Kurulunca çözümlenmesi gereken uyuşmazlık; aleyhe temyiz bulunmayan davada, eylemin suçun nitelikli halini oluşturduğundan bahisle ""eleştiri ile onama"" mı, yoksa cezayı aleyhe değiştirme yasağı gözetilerek ""bozma"" kararı mı verileceğinin belirlenmesine ilişkind"
"77614400","Yargıtay","Hukuk Genel Kurulu","2013/1890","2013/1620","27.11.2013","hgk","ticaret","y2010_2019","0.593","0.357","0.39","0.95","HUKUK GENEL KURULU KARARI

 Hukuk Genel Kurulunca incelenerek direnme kararının süresinde temyiz edildiği anlaşıldıktan ve dosyadaki k&acirc;ğıtlar okunduktan sonra gereği görüşüldü:
Dava, mutlak butlan nedeni ile evliliğin iptali istemine ilişkindir. Temyiz incelemesinin talebe bağlı olarak yapıldığına ve direnme kararlarının resen inceleneceğine dair herhangi bir usul hükmü olmadığına göre varsa temyiz istemine dair dilekçenin eklenmesi için dosyanın mahkemesine geri gönder"
"76676200","Yargıtay","Hukuk Genel Kurulu","2010/11","2010/4","27.01.2010","hgk","ticaret","y2010_2019","0.593","0.363","0.387","0.95","Direnme kararının yokluğunda karar verilen davalı borçlu tarafa tebliğ edilmişse buna ilişkin belgenin; tebliğ edilmemişse tebliğinin sağlanarak tebligat parçasının evraka eklenmesi suretiyle, bu eksikliğin giderilmesinden sonra Yargıtay'a gönderilmek üzere dosyanın mahkemesine geri çevrilmesi gerekir. HUKUK GENEL KURULU KARARI

 Hukuk Genel Kurulunca incelenerek direnme kararının süresinde temyiz edildiği anlaşıldıktan ve dosyadaki kağıtlar okunduktan sonra gereği görüşüldü:"
"77486800","Yargıtay","Hukuk Genel Kurulu","2013/475","2013/635","24.12.2013","hgk","ceza_usul","y2010_2019","0.593","0.374","0.38","0.95","Ceza Dairesince 21.05.2013 gün ve 5499-6284 sayı ile, itirazın yerinde görülmediğinden bahisle dosya, Yargıtay Birinci Başkanlığına gönderilmiş ise de; bu aşamada Yargıtay C.Başsavcılığı tarafından 18.12.2013 gün ve 363596 sayı ile itirazın geri alınması talebinde bulunulmuştur. Ceza Dairesi
Mahkemesi : DİYADİN Sulh Ceza 
Günü : 05.04.2011
Sayısı : 4-100

 Dinsel tören suçundan sanık hakkında Diyadin Sulh Ceza Mahkemesince verilen 05.04.2011 gün ve 4-100 sayılı hükmün sanık t"
"77263700","Yargıtay","Ceza Genel Kurulu","2011/286","2011/295","27.12.2011","cgk","usul_hukuk","y2010_2019","0.593","0.214","0.473","0.95","CEZA GENEL KURULU KARARI
Sanığın hırsızlık suçundan cezalandırılmasına karar verilen olayda, Özel Daire ile Yargıtay Cumhuriyet Başsavcılığı arasında oluşan ve Ceza Genel Kurulunca çözümlenmesi gereken uyuşmazlık; vekili duruşmalara iştirak etmeyen katılan idare lehine Avukatlık Asgari Ücret Tarifesi uyarınca maktu vek&acirc;let ücretine mi, yoksa dilekçe yazım ücretine mi hükmedilmesi gerektiğinin belirlenmesine ilişkindir. maddeleri uyarınca cezalandırılması istemiyle kamu "
"77604900","Yargıtay","Hukuk Genel Kurulu","2012/1640","2012/1440","26.12.2012","hgk","icra_iflas","y2010_2019","0.592","0.331","0.402","0.95","Hüküm sonucu kısmında gerekçeye ait her hangi bir söz tekrar edilmeksizin isteklerin her biri hakkında verilen hükümle, taraflara yüklenen borç ve tanınan hakların sıra numarası altında açık, şüphe ve tereddüt uyandırmayacak şekilde gösterilmesi gerekir. Şu durumda mahkemece yapılacak iş; dosya kapsamı dikkate alınarak taraflara yüklenen borç ve tanınan hakkın sıra numarası altında belirtildiği açık, infazda şüphe ve tereddüt uyandırmayacak biçimde usulün aradığı niteliklere "
"16895400","Yargıtay","Hukuk Genel Kurulu","2010/367","2010/321","16.06.2010","hgk","usul_hukuk","y2010_2019","0.592","0.296","0.423","0.95","Söz konusu harç eksikliğinin tamamlanması için dosyanın Yerel Mahkemeye geri çevrilmesi gerekir. SONUÇ: Dosyanın, yukarıda açıklanan temyiz harcına ilişkin eksiklik tamamlandıktan sonra yeniden gönderilmek üzere, Yerel Mahkemeye GERİ ÇEVRİLMESİNE, 16.06.2010 gününde oybirliği ile karar verildi."
"77225200","Yargıtay","Hukuk Genel Kurulu","2013/91","2013/269","20.02.2013","hgk","borclar","y2010_2019","0.592","0.226","0.464","0.95","Mahkemece istem kabul edilmiş; davalılar vekillerinin temyizi üzerine Özel Dairece karar bozulmuştur. O halde, davalı vekilinin temyiz dilekçesinin feragat nedeniyle reddi gerekir."
"406458900","Yargıtay","Büyük Genel Kurulu","2017/8","2017/7","05.05.2017","yibk","usul_hukuk","y2010_2019","0.591","0.175","0.447","1","Büyük Genel Kurul'da yapılan görüşmeler sırasında ikinci ön soruna ilişkin olarak bir kısım üyeler; usul kurallarının derhal uygulanması gerektiğini, 01.04.2015 tarihinde yapılan düzenlemeyle görevli mahkemenin değiştiğini, Hukuk Genel Kurulunun önüne gelen bu tür dosyalarda, dava anılan değişiklikten önce açılmış olsa dahi görevsizlik kararı vererek dosyaları Hukuk Muhakemeleri Kanunu'nun 47. maddeleri gereğince takdiren 275.00 TL para cezasının karar düzeltme isteyenden alı"
"77525500","Yargıtay","Hukuk Genel Kurulu","2012/1683","2013/805","31.05.2013","hgk","is_sgk","y2010_2019","0.591","0.273","0.434","0.95","Hal böyle olunca, davalı vekilinin temyiz dilekçesinin reddi gerekir. HUKUK GENEL KURULU KARARI 
Hukuk Genel Kurulunca incelenerek direnme kararının süresinde temyiz edildiği anlaşıldıktan ve dosyadaki k&acirc;ğıtlar okunduktan sonra gereği görüşüldü: 
Hukuk Genel Kurulundaki görüşmeler sırasında; işin esasına girilmeden önce, bozma ve direnme kararları ile davalı vekilinin temyiz dilekçesinin kapsamı ve hükme konu miktar ve direnme kararı tarihi itibariyle, 6217 sayılı Kanun"
"77577100","Yargıtay","Ceza Genel Kurulu","2013/408","2013/547","26.11.2013","cgk","ticaret","y2010_2019","0.591","0.352","0.388","0.95","Ceza Dairesince 17.04.2013 gün ve 27961-3591 sayı ile, itirazın yerinde görülmediğinden bahisle dosya, Yargıtay Birinci Başkanlığına gönderilmiş ise de; bu aşamada Yargıtay C.Başsavcılığı tarafından 05.11.2013 gün ve ve 51211 sayı ile itirazın geri alınması talebinde bulunulmuştur. Ceza Dairesince 31.10.2012 gün ve 1904-16056 sayı ile, başvurulabilecek kanun yolunun temyiz değil itiraz olduğundan bahisle gerekli kararın yetkili ve görevli itiraz merciince verilmesi için dosya"
"77225400","Yargıtay","Hukuk Genel Kurulu","2012/1687","2013/270","20.02.2013","hgk","is_sgk","y2010_2019","0.59","0.288","0.422","0.95","Temyiz incelemesinin talebe bağlı olarak yapıldığına ve direnme kararlarının resen inceleneceğine dair herhangi bir usul hükmü olmadığına göre varsa temyiz dilekçesinin eklenmesi için dosyanın mahkemesine geri gönderilmesi gereklidir. Mahkemece istemin kısmen kabulüne dair kararda direnilmiş ve kısa karar tarafların yüzüne tefhim edilmiş ve dosya temyiz incelemesi için Yargıtay Hukuk Genel Kurulu Başkanlığı'na gönderilmiştir."
"77277900","Yargıtay","Hukuk Genel Kurulu","2011/647","2011/618","12.10.2011","hgk","diger","y2010_2019","0.59","0.295","0.417","0.95","ve 4421 sayılı Kanunun 4/b-1 maddeleri gereğince takdiren 185,00 TL para cezasının karar düzeltme isteyenden alınarak hazineye gelir kaydedilmesine; 12.10.2011 gününde oyçokluğu ile karar verildi."
"77527300","Yargıtay","Ceza Genel Kurulu","2012/1462","2013/467","19.11.2013","cgk","ceza_usul","y2010_2019","0.59","0.355","0.383","0.95","Ceza Dairesi
Mahkemesi : KINIK Asliye Ceza
Günü : 17.06.2009
Sayısı : 83-137

 Atatürk'ü temsil eden büstü kirletme, hakaret ve kamu malına zarar verme suçlarından sanık hakkında Kınık Asliye Ceza Mahkemesince verilen 17.06.2009 gün ve 83-137 sayılı hükmün sanık müdafii tarafından temyiz edilmesi üzerine dosyayı inceleyen Yargıtay 9. Ceza Dairesince 06.11.2012 gün ve 8278-12086 sayı ile, itirazın yerinde görülmediğinden bahisle dosya Yargıtay Birinci Başkanlığına gönderilmiş "
"76936300","Yargıtay","Hukuk Genel Kurulu","2010/597","2010/482","13.10.2010","hgk","ticaret","y2010_2019","0.589","0.275","0.427","0.95","S....''na öncelikle direnme kararı, ilk karar ve bozma ilamlarının tebliğine dair belge, bu belge yoksa merciinden yapılacak araştırma ile tebliğin nasıl ve hangi tarihte gerçekleştirildiğine ilişkin bilgi eklenmek ve bu da yoksa usulünce tebliği ile yasal başvuru süresi beklendikten sonra temyiz incelemesi yapılmak üzere Yargıtay'a gönderilmek üzere dosyanın mahalline geri çevrilmesi gerekir. HUKUK GENEL KURULU KARARI

 Hukuk Genel Kurulunca incelenerek, dosyadaki kağıtlar o"
"77578900","Yargıtay","Ceza Genel Kurulu","2013/549","2013/557","26.11.2013","cgk","ceza_usul","y2010_2019","0.588","0.348","0.382","0.95","Ceza Dairesince 10.06.2013 gün ve 6338-7370 sayı ile, itirazın yerinde görülmediğinden bahisle dosya, Yargıtay Birinci Başkanlığına gönderilmiş ise de; bu aşamada Yargıtay C.Başsavcılığı tarafından 05.11.2013 gün ve 287331-51218 sayı ile itirazın geri alınması talebinde bulunulmuştur. ""İçtihat Metni"" İtirazname : 2012/287331
Yargıtay Dairesi : 14 Ceza Dairesi
Mahkemesi : ÜSKÜDAR Çocuk Ağır Ceza
Günü : 19.07.2012
Sayısı : 287-228

 Çocukların nitelikli cinsel istismarı ve kişi"
"77704200","Yargıtay","Hukuk Genel Kurulu","2013/1129","2013/1330","11.09.2013","hgk","ticaret","y2010_2019","0.587","0.225","0.451","0.95","Mahkemece istem kabul edilmiş hükmün temyiz edilmesi üzerine Yargıtay 12.Hukuk Dairesi'ne ait yukarıda esas ve karar numarası belirtilen karar ile bozulmuştur. 6217 sayılı Kanunun 30.maddesi ile 6100 sayılı Hukuk Muhakemeleri Kanunu'na eklenen ""Geçici madde 3"" atfiyla uygulanmakta olan 1086 sayılı Hukuk Usulü Muhakemeleri Kanunu'nun 433/1.maddesi gereğince temyiz dilekçesinin hüküm veren mahkeme aracılığı ile karşı tarafa tebliğ edilmesi ve karşı tarafa cevap verme ve karşı t"
"77619600","Yargıtay","Hukuk Genel Kurulu","2013/1916","2013/1613","27.11.2013","hgk","usul_hukuk","y2010_2019","0.586","0.325","0.389","0.95","Dosya içerisinde yapılan incelemede mahkemenin 04.04.2013 günlü direnme kararını tebliğ alan davalılar vekili Av.M.Ç.'nun vekaletnamesi ya da usulünce düzenlenmiş yetki belgesi dosya arasında bulunamamıştır
Bu eksikliğin giderilmesinden sonra Yargıtay Hukuk Genel Kurulu'na gönderilmek üzere dosyanın mahkemesine geri çevrilmesi gerekmiştir. HUKUK GENEL KURULU KARARI

 Hukuk Genel Kurulunca incelenerek dosyadaki kağıtlar okunduktan sonra gereği görüşüldü: 
Vekil ile takip edile"
"77305100","Yargıtay","Hukuk Genel Kurulu","2013/153","2013/385","20.03.2013","hgk","tuketici","y2010_2019","0.586","0.305","0.401","0.95","sayılı kararın kısmen bozulmasını kapsayan ve Yargıtay Hukuk Genel Kurulu'ndan çıkan 19.09.2012 gün, 2012/13-153 Esas, 2012/598 Karar sayılı ilamın, karar düzeltilmesi yoluyla incelenmesi davalılardan Altınbaş Petrol ve Ticaret AŞ vekili tarafından verilen dilekçe ile istenilmiş olmakla; Hukuk Genel Kurulu'nca dilekçe, düzeltilmesi istenen ilam ve dosyadaki ilgili bütün kağıtlar okunduktan sonra gereği görüşüldü:
Temyiz ilamında yer alan açıklamalara göre 6217 sayılı Kanunun "
"77573800","Yargıtay","Ceza Genel Kurulu","2013/110","2013/544","26.11.2013","cgk","ceza_genel","y2010_2019","0.586","0.337","0.384","0.95","Ceza Dairesince 04.12.2012 gün ve 27288-36950 sayı ile, itirazın yerinde görülmediğinden bahisle dosya, Yargıtay Birinci Başkanlığına gönderilmiş ise de; bu aşamada Yargıtay C.Başsavcılığı tarafından 13.11.2013 gün ve 52281 sayı ile itirazın geri alınması talebinde bulunulmuştur. Ceza Dairesi
Mahkemesi : BULANCAK Asliye Ceza 
Günü : 05.10.2007
Sayısı : 577-465

 Yaralama, hakaret ve genel güvenliğin kasten tehlikeye sokulması suçlarından sanıkar hakkında Bulancak Asliye Ceza "
"77576800","Yargıtay","Ceza Genel Kurulu","2013/291","2013/546","26.11.2013","cgk","ceza_usul","y2010_2019","0.586","0.341","0.381","0.95","Ceza Dairesince 23.01.2013 gün ve 26209-2473 sayı ile, itirazın yerinde görülmediğinden bahisle dosya Yargıtay Birinci Başkanlığına gönderilmiş ise de, bu aşamada Yargıtay Cumhuriyet Başsavcılığınca 15.11.2013 gün ve 251938-51207 sayı ile itirazın geri alınması talebinde bulunulmuştur. Ceza Dairesi
Mahkemesi : DİDİM Asliye Ceza
Günü : 16.03.2009
Sayısı : 207-306

 Hakkı olmayan yere tecavüz suçundan sanık hakkında Didim Asliye Ceza Mahkemesince verilen 16.03.2009 gün ve 207-3"
"76866000","Yargıtay","Hukuk Genel Kurulu","2010/299","2010/335","23.06.2010","hgk","diger","y2010_2019","0.585","0.342","0.377","0.95","ve 4421 sayılı Kanunun 4/b-1 maddeleri gereğince takdiren 172.00 TL para cezasının karar düzeltme isteyenden alınarak hazineye gelir kaydedilmesine; 23.06.2010 gününde oybirliğiyle karar verildi. Asliye Hukuk Mahkemesi 
TARİHİ :29.04.2009 
NUMARASI :2009/60-134

 Taraflar tarasındaki davadan dolayı, bozulması üzerine direnme yoluyla; Antalya 8."
"76903800","Yargıtay","Hukuk Genel Kurulu","2010/302","2010/438","29.09.2010","hgk","is_sgk","y2010_2019","0.583","0.234","0.435","0.95","maddesinde yer alan; bir kimsenin Türk sigortasına girişten önce bir Alman Rant Sigortasına girmiş bulunması halinde Alman Rant Sigortasına girişi Türk Sigortasına giriş olarak kabul edileceği hükmüne göre yurt dışında çalışma başlangıç tarihinin sigortalı çalışma başlangıç tarihi olarak kabulü ve ayrıca davacının yaşlılık aylığı tahsis koşullarını yerine getirdiği gerekçesiyle; davanın kabulü ile Aralık/2007 ayında yaptığı talebe göre, 1.1.2008 tarihinden itibaren yaşlılık a"
"16943500","Yargıtay","Ceza Genel Kurulu","2009/38439","2010/1152","25.01.2010","cgk","ceza_ozel","y2010_2019","0.582","0.738","0.141","0.95","""İçtihat Metni"" 

 
 
Dosya incelenerek gereği düşünüldü;






Sanığın daha önce kasıtlı bir suçtan mahkum olduğu anlaşıldığından, hükmün açıklanmasının geri bırakılmasına karar verilebilmesi için aranan 5271 sayılı CMK'nın 231/6. fıkrasının (h) bendi uyarınca bir davada tanık sıfatıyla dinlenmiş olan hakim, bu davada hakim olarak görev yapamayacağı gibi, bir davada tanık olarak dinlenen kişi de aynı davada bilirkişilik yapamayacaktır."
"77280100","Yargıtay","Hukuk Genel Kurulu","2011/524","2011/634","12.10.2011","hgk","ticaret","y2010_2019","0.581","0.239","0.427","0.95","HUKUK GENEL KURULU KARARI

 Hukuk Genel Kurulunca incelenerek dosyadaki kağıtlar okunduktan sonra gereği görüşüldü:
Bilindiği üzere, sağlıklı bir temyiz incelemesi yapılabilmesi için hükme esas alınan deliller ile dava evrakının eksiksiz olması, işlem sırasına göre belli bir düzen içinde bulunması gerekmektedir. Direnme kararı ve ekleri temyiz incelemesi için gönderilmiş ise de yapılan incelemede;
Trabzon 1.İcra Müdürlüğünün 1999/940 ve 1999/936 esas sayılı dosyaları ile Akça"
"76900600","Yargıtay","Hukuk Genel Kurulu","2010/409","2010/418","22.09.2010","hgk","diger","y2010_2019","0.58","0.286","0.397","0.95","ve 4421 sayılı Kanunun 4/b-1 maddeleri gereğince takdiren 172.00 TL para cezasının karar düzeltme isteyenden alınarak hazineye gelir kaydedilmesine; Harçlar Kanunu uyarınca 35.50 TL. ilam harcının karar düzeltme talep edenden alınmasına, peşin harcın mahsubuna, 22.09.2010 gününde oybirliğiyle karar verildi."
"76758500","Yargıtay","Hukuk Genel Kurulu","2010/185","2010/183","31.03.2010","hgk","diger","y2010_2019","0.58","0.317","0.378","0.95","ve 4421 sayılı Kanunun 4/b-1 maddeleri gereğince takdiren 172.00 TL para cezasının karar düzeltme isteyenden alınarak hazineye gelir kaydedilmesine; Harçlar Kanunu uyarınca 35.50 TL. ""İçtihat Metni"" MAHKEMESİ : Bodrum 1.Asliye Hukuk Mahkemesi
TARİHİ : 26.09.2002 
NUMARASI: 2002/331 E."
"77206800","Yargıtay","Ceza Genel Kurulu","2011/204","2011/239","22.11.2011","cgk","ceza_usul","y2010_2019","0.58","0.196","0.448","0.95","maddesi uyarınca cezasının mükerrirlere özgü infaz rejimine göre çektirilemeyeceğinin kabul edilmiş olması nedeniyle bu uyuşmazlık konusunun değerlendirilmesine gerek görülmemiştir. Sanığın kamu malına zarar verme suçundan hükümlülüğüne karar verilen ve suçun sübutuna ilişkin yerel mahkeme, Özel Daire ve Yargıtay Cumhuriyet Başsavcılığı arasında herhangi bir uyuşmazlık bulunmayan olayda, Özel Daire ile Yargıtay Cumhuriyet Başsavcılığı arasında oluşan ve Ceza Genel Kurulunca ç"
"77526600","Yargıtay","Ceza Genel Kurulu","2013/53","2013/470","19.11.2013","cgk","ceza_usul","y2010_2019","0.58","0.308","0.383","0.95","Ceza Dairesince 17.12.2012 gün ve 19397-18618 sayı ile, itirazın yerinde görülmediğinden bahisle dosya, Yargıtay Birinci Başkanlığına gönderilmiş ise de; bu aşamada Yargıtay C.Başsavcılığı tarafından 22.10.2013 gün ve 471-49127 sayı ile itirazın geri alınması talebinde bulunulmuştur. İş

 İzinsiz hint keneviri ekmek suçundan sanık hakkında Kahta Asliye Ceza Mahkemesince verilen 04.11.2008 gün ve 119 sayılı temyiz isteminin reddi kararının sanık tarafından temyiz edilmesi üzer"
"77576400","Yargıtay","Ceza Genel Kurulu","2013/24","2013/540","26.11.2013","cgk","ceza_genel","y2010_2019","0.58","0.315","0.381","0.95","Ceza Dairesi
Mahkemesi : ŞANLIURFA Ağır Ceza
Günü : 04.03.2010
Sayısı : 205-54

 Olası kastla yaralama suçundan sanık hakkında Şanlıurfa Ağır Ceza Mahkemesince verilen 04.03.2010 gün ve 205-54 sayılı hükmün sanık müdafii tarafından temyiz edilmesi üzerine dosyayı inceleyen Yargıtay 1. Ceza Dairesince 04.12.2012 gün ve 4379-9023 sayı ile, itirazın yerinde görülmediğinden bahisle dosya Yargıtay Birinci Başkanlığına göndermiş ise de, bu aşamada Yargıtay Cumhuriyet Başsavcılığınc"
"17065200","Yargıtay","Hukuk Genel Kurulu","2010/705","2011/95","13.04.2011","hgk","ticaret","y2010_2019","0.579","0.22","0.431","0.95","S 0 N U Ç : Davacı vekilinin temyiz itirazlarının kabulü ile, direnme kararının Özel Daire bozma kararında ve yukarıda gösterilen nedenlerden dolayı H.U.M.K.nun 429.maddesi gereğince BOZULMASINA, istek halinde peşin harcın iadesine, 13.04.2011 gününde yapılan ikinci görüşmede oyçokluğu ile karar verildi."
"77576300","Yargıtay","Ceza Genel Kurulu","2013/6","2013/538","26.11.2013","cgk","ceza_usul","y2010_2019","0.579","0.309","0.381","0.95","Ceza Dairesi
Mahkemesi : KIRŞEHİR Ağır Ceza 
Günü : 01.03.2007
Sayısı : 125-21

 Çocuğun cinsel istismarı suçundan sanık hakkında Kırşehir Ağır Ceza Mahkemesince verilen 01.03.2007 gün ve 125-21 sayılı hükmün o yer Cumhuriyet savcısı ve sanık müdafii tarafından temyiz edilmesi üzerine dosyayı inceleyen Yargıtay 14. Ceza Dairesince 15.11.2012 gün ve 11835-11388 sayı ile, itirazın yerinde görülmediğinden bahisle dosya, Yargıtay Birinci Başkanlığına gönderilmiş ise de; bu aşamad"
"77485500","Yargıtay","Hukuk Genel Kurulu","2013/1105","2013/915","26.06.2013","hgk","usul_hukuk","y2010_2019","0.578","0.344","0.357","0.95","Hüküm sonucu kısmında gerekçeye ait her hangi bir söz tekrar edilmeksizin isteklerin her biri hakkında verilen hükümle, taraflara yüklenen borç ve tanınan hakların sıra numarası altında açık, şüphe ve tereddüt uyandırmayacak şekilde gösterilmesi gerekir. Bu durumda, yukarıda açıklanan ilkeler çerçevesinde usulün öngördüğü anlamda oluşturulmuş bir hüküm bulunmadığı gibi, direnme kararlarını denetleyen Hukuk Genel Kurulu tarafından incelenebilecek nitelikte teknik anlamda bir d"
"77412200","Yargıtay","Hukuk Genel Kurulu","2013/1042","2013/841","14.06.2013","hgk","diger","y2010_2019","0.578","0.269","0.401","0.95","sayılı ilamın, karar düzeltme yoluyla incelenmesi davalı vekili tarafından verilen dilekçe ile istenilmiş olmakla; Hukuk Genel Kurulu'nca dilekçe, düzeltilmesi istenen ilam ve dosyadaki ilgili bütün k&acirc;ğıtlar okunduktan sonra gereği görüşüldü:
Temyiz ilamında yer alan açıklamalara göre, 6217 sayılı Kanunun 30.maddesi ile 6100 sayılı Hukuk Muhakemeleri Kanunu'na eklenen ""Geçici madde 3"" atfıyla uygulanmakta olan 1086 sayılı Hukuk Usulü Muhakemeleri Kanunu'nun 440. ve 4421"
"77085400","Yargıtay","Hukuk Genel Kurulu","2011/391","2011/440","22.06.2011","hgk","usul_hukuk","y2010_2019","0.576","0.303","0.375","0.95","Karar düzeltme yolu açık olan işlerde; Yargıtay'ca karar bozulmuş ise, bozma ilamının taraflara tebliği ve karar düzeltme süresinin beklenmesi gerekir. Mahkemece, yukarıda açıklanan ilkeler karşısında, karar düzeltme yolu açık bulunan Özel Dairenin 08.02.2010 gün ve 2009/21267 esas, 2010/2314 sayılı bozma ilamı taraflara tebliğ edilip karar düzeltme imkanı verilmesi gerekirken, bu gerek yerine getirilmeden duruşma açılıp yargılamaya devam edilerek önceki kararda direnilmesi u"
"77611000","Yargıtay","Hukuk Genel Kurulu","2012/1645","2012/1435","26.12.2012","hgk","borclar","y2010_2019","0.576","0.182","0.447","0.95","Mahkemece istem kısmen kabul edilmiş; davalı vekilinin temyiz istemi üzerine mahkeme kararı bozulmuştur. O halde, davalı vekilinin temyiz dilekçesinin feragat nedeniyle reddi gerekir."
"77666000","Yargıtay","Hukuk Genel Kurulu","2012/673","2012/1295","19.12.2012","hgk","ticaret","y2010_2019","0.576","0.296","0.379","0.95","Bu eksikliğin giderilmesinden sonra dosyanın Yargıtay'a gönderilmek üzere mahkemesine geri çevrilmesi gerekir. HUKUK GENEL KURULU KARARI

 Hukuk Genel Kurulu'nca incelenerek dosyadaki kağıtlar okunduktan sonra gereği görüşüldü: 
Yerel mahkemenin 14.04.2011 günlü direnme kararının temyizine ilişkin davalı vekili Av.Ali İhsan Karatut'a tebliğ edildiğine dair tebligat evrakı dosya arasında bulunmamaktadır."
"77046200","Yargıtay","Hukuk Genel Kurulu","2011/329","2011/351","25.05.2011","hgk","diger","y2010_2019","0.576","0.302","0.376","0.95",""
"76802500","Yargıtay","Hukuk Genel Kurulu","2010/197","2010/215","14.04.2010","hgk","diger","y2010_2019","0.574","0.296","0.374","0.95",""
"77578500","Yargıtay","Ceza Genel Kurulu","2013/763","2013/573","26.11.2013","cgk","ceza_usul","y2010_2019","0.574","0.283","0.383","0.95","Ceza Dairesi
Mahkemesi : BOLVADİN Ağır Ceza
Günü : 11.10.2012
Sayısı : 59-144

 Çocuğun nitelikli cinsel istismarı ve kişiyi hürriyetinden yoksun kılma suçlarından sanıklar hakkında Bolvadin Ağır Ceza Mahkemesince verilen 11.10.2012 gün ve 59-144 sayılı hükmün sanıklar müdafileri, Cumhuriyet savcısı ile katılanlar vekili tarafından temyiz edilmesi üzerine dosyayı inceleyen Yargıtay 14. Ceza Dairesince 11.09.2013 gün ve 7764-8981 sayı ile, itirazın yerinde görülmediğinden bahi"
"77658300","Yargıtay","Hukuk Genel Kurulu","2012/1630","2012/1285","19.12.2012","hgk","borclar","y2010_2019","0.573","0.162","0.451","0.95","Mahkemece istem kabul edilmiş; davalı vekilinin temyizi üzerine Özel Dairece yukarıda başlık bölümünde işaret edilen karar ile bozulmuştur. O halde, davalı vekilinin temyiz dilekçesinin feragat nedeniyle reddi gerekir."
"77524800","Yargıtay","Hukuk Genel Kurulu","2013/673","2013/804","31.05.2013","hgk","diger","y2010_2019","0.572","0.268","0.385","0.95","ve 4421 sayılı Kanunun 4/b-1.maddeleri gereğince takdirin (218,00) TL para cezasının karar düzeltme isteyenden alınarak hazineye gelir kaydedilmesine, 492 sayılı Harçlar Kanunu uyarınca 50,45 TL. sayılı kararın bozulmasını kapsayan ve Yargıtay Hukuk Genel Kurulu'ndan çıkan 28.11.2012 gün ve 2012/11-530 E.-2012/903 K."
"77548700","Yargıtay","Ceza Genel Kurulu","2013/535","2013/504","19.11.2013","cgk","ceza_usul","y2010_2019","0.572","0.274","0.382","0.95","Ceza Dairesince 04.06.2013 gün ve 6334-7041 sayı ile, itirazın yerinde görülmediğinden bahisle dosya, Yargıtay Birinci Başkanlığına gönderilmiş ise de; bu aşamada Yargıtay C.Başsavcılığı tarafından 22.10.2013 gün ve ve 350738-48472 sayı ile itirazın geri alınması talebinde bulunulmuştur. hakkında Karaman Ağır Ceza Mahkemesince verilen 18.08.2011 gün ve 17-96 sayılı resen temyize t&acirc;bi olan hükmün sanık müdafii tarafından da temyiz edilmesi üzerine dosyayı inceleyen Yargı"
"77308700","Yargıtay","Hukuk Genel Kurulu","2013/127","2013/396","27.03.2013","hgk","ticaret","y2010_2019","0.571","0.204","0.419","0.95","ve 4421 sayılı Kanunun 4/b-1 maddeleri gereğince takdiren 218 TL para cezasının karar düzeltme isteyenden alınarak Hazineye gelir kaydedilmesine, Harçlar Kanunu uyarınca eksik yatırılan 6,55 TL ilam harcının karar düzeltme talep edenden alınmasına, 27.03.2013 gününde oyçokluğu ile karar verildi. 2011/1250 K.sayılı kararın bozulmasını kapsayan ve Yargıtay Hukuk Genel Kurulu'ndan çıkan 19.09.2012 gün, 2012/2-333 E."
"16993700","Yargıtay","Hukuk Genel Kurulu","2010/344","2010/362","30.06.2010","hgk","usul_hukuk","y2010_2019","0.57","0.178","0.432","0.95","Tarafların karşılıklı iddia ve savunmalarına, dosyadaki tutanak ve kanıtlara, bozma kararında açıklanan gerektirici nedenlere göre, Hukuk Genel Kurulu'nca da benimsenen Özel Daire bozma kararına uyulmak gerekirken, önceki kararda direnilmesi usul ve yasaya aykırıdır. Hukuk Genel Kurulu'nca incelenerek direnme kararının süresinde temyiz edildiği anlaşıldıktan ve direnme kararının verildiği tarih itibariyle H.U.M.K.nun 2494 sayılı Yasa ile değişik 438/II.fıkrası hükmü gereğince"
"77277700","Yargıtay","Hukuk Genel Kurulu","2011/683","2011/616","12.10.2011","hgk","kamulastirma","y2010_2019","0.57","0.267","0.38","0.95","ve 4421 sayılı Kanunun 4/b-1 maddeleri gereğince takdiren 185,00 TL para cezasının karar düzeltme isteyenlerden alınarak hazineye gelir kaydedilmesine; 12.10.2011 gününde oybirliği ile karar verildi. ""İçtihat Metni"" MAHKEMESİ : İzmir 10.Asliye Hukuk Mahkemesi 
TARİH :25.11.2010 
NUMARASI :2010/500 E."
"77708000","Yargıtay","Hukuk Genel Kurulu","2013/1743","2013/1377","25.09.2013","hgk","ticaret","y2010_2019","0.569","0.161","0.439","0.95","6217 sayılı Kanunun 30.maddesi ile 6100 sayılı Hukuk Muhakemeleri Kanunu'na eklenen ""Geçici madde 3"" atfıyla uygulanmakta olan 1086 sayılı Hukuk Usulü Muhakemeleri Kanunu'nun 433/1.maddesi gereğince temyiz dilekçesinin hüküm veren mahkeme aracılığı ile karşı tarafa tebliğ edilmesi ve karşı tarafa cevap verme ve karşı temyiz isteminde bulunmak hakkının tanınması gereklidir. Bu nedenle davalı-alacaklı şirkete ait 09.05.2013 havale tarihli temyiz dilekçesinin davacı-borçluya teb"
"17003600","Yargıtay","Hukuk Genel Kurulu","2010/334","2010/393","14.07.2010","hgk","is_sgk","y2010_2019","0.568","0.234","0.396","0.95","sayılı kararın bozulmasını kapsayan ve Yargıtay Hukuk Genel Kurulu'ndan çıkan 17.02.2010 gün, 2010/9-71 Esas, 2010/87 Karar sayılı ilamın, karar düzeltilmesi yoluyla incelenmesi davacı vekili tarafından verilen dilekçe ile istenilmiş olmakla; Hukuk Genel Kurulu'nca dilekçe, düzeltilmesi istenen ilam ve dosyadaki ilgili bütün kağıtlar okunduktan sonra gereği görüşüldü: 






Dava, işçilik alacakları istemine ilişkindir. Hukuk Genel Kurulu'ndaki görüşmede, işin esasına geçilme"
"77489000","Yargıtay","Ceza Genel Kurulu","2013/781","2013/641","24.12.2013","cgk","ceza_usul","y2010_2019","0.568","0.256","0.383","0.95","Ceza Dairesi
Mahkemesi : GİRESUN Ağır Ceza
Günü : 23.06.2011
Sayısı : 122-130

 Çocukların cinsel istismarı ve kişiyi hürriyetinden yoksun kılma suçlarından sanık hakkında Giresun Ağır Ceza Mahkemesince verilen 23.06.2011 gün ve 122-130 sayılı hükmün sanık müdafii ve katılanlar vekili tarafından temyiz edilmesi üzerine dosyayı inceleyen Yargıtay 14. Ceza Dairesince 26.09.2013 gün ve 8057-9779 sayı ile, itirazın yerinde görülmediğinden bahisle dosya Yargıtay Birinci Başkanlığı"
"76858600","Yargıtay","Hukuk Genel Kurulu","2010/296","2010/264","12.05.2010","hgk","diger","y2010_2019","0.567","0.264","0.376","0.95","ve 4421 sayılı Kanunun 4/b-1.maddeleri gereğince takdiren 172.00 TL para cezasının karar düzeltme isteyenden alınarak hazineye gelir kaydedilmesine; 12.05.2010 gününde oyçokluğu ile karar verildi. ""İçtihat Metni"" MAHKEMESİ : Mersin 2.Asliye Hukuk Mahkemesi
TARİHİ : 22.05.2009
NUMARASI : 2009/246 E.- 250 K."
"17110300","Yargıtay","Hukuk Genel Kurulu","2011/418","2011/513","13.07.2011","hgk","usul_hukuk","y2010_2019","0.566","0.683","0.13","0.95","Direnme yoluyla Hukuk Genel Kurulu önüne gelen uyuşmazlık; dava konusu yazının içeriği, kullanılan söz ve ifadeler itibariyle davacının kişilik haklarına saldırının söz konusu olup, olmadığı; diğer bir deyişle davacı yararına manevi tazminata hükmetme koşullarının oluşup, oluşmadığı noktasında toplanmaktadır. Somut olayda, dava konusu yazıda davalıya atfen yer alan ifadeler bir bütün olarak ele alındığında, davalının Adalet Bakanı olarak genel beyan ve yorumda bulunup kendi g"
"76709500","Yargıtay","Hukuk Genel Kurulu","2010/131","2010/96","24.02.2010","hgk","ticaret","y2010_2019","0.566","0.203","0.407","0.95","Hal böyle olunca, davalı vekilinin temyiz dilekçesinin reddi gerekir. HUKUK GENEL KURULU KARARI

 Hukuk Genel Kurulunca incelenerek direnme kararının süresinde temyiz edildiği anlaşıldıktan ve dosyadaki kağıtlar okunduktan sonra gereği görüşüldü: 
Hukuk Genel Kurulu'ndaki görüşme sırasında, esasa girilmeden önce, müddeabbihin miktarı itibariyle direnme kararına karşı temyiz yolunun açık olup olmadığı, ön sorun olarak incelenmiştir."
"77252700","Yargıtay","Hukuk Genel Kurulu","2012/1044","2013/170","30.01.2013","hgk","diger","y2010_2019","0.566","0.221","0.398","0.95","ve 4421 sayılı Kanunun 4/b-1 maddeleri gereğince takdiren (218) TL para cezasının karar düzeltme isteyenden alınarak Hazineye gelir kaydedilmesine; 30.01.2013 gününde oybirliğiyle karar verildi. Sayılı kararın onanmasını kapsayan ve Hukuk Genel Kurulu'ndan çıkan 30.05.2012 gün ve 2012/12-90 E., 2012/331 K."
"76492200","Yargıtay","Hukuk Genel Kurulu","2013/1225","2013/1350","18.09.2013","hgk","usul_hukuk","y2010_2019","0.565","0.196","0.408","0.95","HUKUK GENEL KURULU KARARI

 Hukuk Genel Kurulunca incelenerek dosyadaki kağıtlar okunduktan sonra gereği görüşüldü:

 Vekil ile takip edilen davalarda vekaletnamenin ibrazını düzenleyen 6100 sayılı HMK'nun 76., vekaletnamesiz dava açılması ve işlem yapılması halini düzenleyen 77 ve dava şartlarının düzenleyen 114/f maddeleri uyarınca usulüne uygun düzenlenmiş vekaletnamenin dosya içerisinde bulunması zorunludur. vekaletnamesi ya da usulünce düzenlenmiş yetki belgesi dosya ara"
"77451900","Yargıtay","Hukuk Genel Kurulu","2013/1054","2013/876","26.06.2013","hgk","diger","y2010_2019","0.565","0.176","0.42","0.95","ve 4421 sayılı Kanunun 4/b-1 maddeleri gereğince takdiren 218 TL para cezasının karar düzeltme isteyenden alınarak Hazineye gelir kaydedilmesine, Harçlar Kanunu uyarınca 50,45 TL karar düzeltme harcı peşin alındığından başkaca harç alınmasına mahal olmadığına, 26.06.2013 gününde oyçokluğu ile karar verildi. Asliye Ticaret Mahkemesi'nce verilen 03.02.2012 gün ve 2011/429 E., 2012/18 K sayılı kararın bozulmasını kapsayan ve Yargıtay Hukuk Genel Kurulu'ndan çıkan 16.01.2013 gün "
"77602400","Yargıtay","Hukuk Genel Kurulu","2012/1637","2012/1443","26.12.2012","hgk","is_sgk","y2010_2019","0.564","0.227","0.389","0.95","HUKUK GENEL KURULU KARARI

 Hukuk Genel Kurulunca incelenerek dosyadaki kağıtlar okunduktan sonra gereği görüşüldü: 
Vekil ile takip edilen davalarda vekaletnamenin ibrazını düzenleyen 6100 sayılı HMK'nun 76., vekaletnamesiz dava açılması ve işlem yapılması halini düzenleyen HMK'nun 77. S O N U Ç : Yukarıda yazılı noksanlığın tamamlanması için dosyanın mahkemesine, GERİ ÇEVRİLMESİNE, 26.12.2012 gününde oybirliği ile karar verildi ."
"77287500","Yargıtay","Hukuk Genel Kurulu","2013/322","2013/423","23.04.2013","hgk","diger","y2010_2019","0.564","0.214","0.397","0.95","para cezasının karar düzeltme isteyenden alınarak Hazineye gelir kaydedilmesine; 492 sayılı Harçlar Kanunu uyarınca 50,45 TL karar düzeltme harcı peşin alındığından başkaca harç alınmasına mahal olmadığına, 2013/423 gününde oyçokluğu ile karar verildi. ve 4421 sayılı Kanunun 4/b-1.maddeleri gereğince takdiren 218.00 TL."
"76868200","Yargıtay","Hukuk Genel Kurulu","2010/417","2010/387","14.07.2010","hgk","diger","y2010_2019","0.563","0.247","0.375","0.95","ve 4421 sayılı Kanunun 4/b-1 maddeleri gereğince takdiren 172.00 TL para cezasının karar düzeltme isteyenden alınarak hazineye gelir kaydedilmesine; 14.07.2010 gününde oybirliğiyle karar verildi. Hukuk Mahkemesi 
TARİHİ : 28.04.2009 
NUMARASI : 2008/566 E.- 2009/165 K."
"77314700","Yargıtay","Hukuk Genel Kurulu","2013/298","2013/407","27.03.2013","hgk","idare","y2010_2019","0.562","0.199","0.399","0.95","ve 4421 sayılı Kanunun 4/b-1 maddeleri gereğince takdiren 218 TL para cezasının karar düzeltme isteyenden alınarak Hazineye gelir kaydedilmesine, 27.03.2013 gününde oyçokluğu ile karar verildi. sayılı kararın direnme uygun bulunarak daireye gönderilmesini kapsayan ve Yargıtay Hukuk Genel Kurulu'ndan çıkan 28.11.2012 gün, 2012/5-601 E., 2012/908 K."
"77251600","Yargıtay","Ceza Genel Kurulu","2011/282","2011/288","20.12.2011","cgk","usul_hukuk","y2010_2019","0.562","0.265","0.36","0.95","CEZA GENEL KURULU KARARI
Yargıtay C.Başsavcılığı ile Özel Daire arasında oluşan ve Ceza Genel Kurulunca çözümlenmesi gereken uyuşmazlık; vekili duruşmalara iştirak etmeyen katılan lehine Avukatlık Asgari Ücret Tarifesi uyarınca vek&acirc;let ücretine mi, yoksa dilekçe yazım ücretine mi hükmedilmesi gerektiğinin belirlenmesine ilişkindir. Zafer Üstün'ün 15.02.2006 tarihinde müşteki vekili olarak Kuşadası C.Başsavcılığına şik&acirc;yet dilekçesi verdiği, kamu davasının açılması"
"77231400","Yargıtay","Hukuk Genel Kurulu","2012/743","2013/302","27.02.2013","hgk","usul_hukuk","y2010_2019","0.559","0.198","0.393","0.95","HUKUK GENEL KURULU KARARI
Hukuk Genel Kurulunca incelenerek dosyadaki kağıtlar okunduktan sonra gereği görüşüldü: 
Vekil ile takip edilen davalarda vekaletnamenin ibrazını düzenleyen 6100 sayılı HMK'nun 76., vekaletnamesiz dava açılması ve işlem yapılması halini düzenleyen HMK'nun 77. Bu nedenle reşit olan çocuklar tarafından verilmiş vekaletnamenin temin edildikten sonra Yargıtay Hukuk Genel Kurulu'na gönderilmek üzere dosyanın mahkemesine geri çevrilmesi gerekmiştir."
"77706000","Yargıtay","Hukuk Genel Kurulu","2013/1198","2013/1359","18.09.2013","hgk","diger","y2010_2019","0.559","0.151","0.42","0.95","ve 4421 sayılı Kanunun 4/b-1 maddeleri gereğince takdiren 218 TL para cezasının karar düzeltme isteyenden alınarak hazineye gelir kaydedilmesine, 492 sayılı Harçlar Kanunu uyarınca 50,45 TL karar düzeltme harcı peşin alındığından başkaca harç alınmasına mahal olmadığına, 18/09/2013 gününde oybirliği ile karar verildi. sayılı kararın bozulmasını kapsayan ve Yargıtay Hukuk Genel Kurulu'ndan çıkan 20/02/2013 gün ve 2012/13-690 E., 2013/260 K."
"77443000","Yargıtay","Hukuk Genel Kurulu","2012/828","2012/813","21.11.2011","hgk","diger","y2010_2019","0.559","0.218","0.381","0.95","ve 4421 sayılı Kanunun 4/b-1 maddeleri gereğince takdiren 203 TL para cezasının karar düzeltme isteyenden alınarak hazineye gelir kaydedilmesine; 492 sayılı Harçlar Kanunu uyarınca 43,90 TL. Sayılı kararın onanmasını kapsayan ve Yargıtay Hukuk Genel Kurulu'ndan çıkan 30.05.2012 gün, 2011/4-854 E., 2012/325 K."
"77375700","Yargıtay","Hukuk Genel Kurulu","2013/294","2013/574","24.04.2013","hgk","ticaret","y2010_2019","0.559","0.223","0.379","0.95","vekili tarafından verilen dilekçe ile istenilmiş olmakla; Hukuk Genel Kurulu'nca dilekçe, düzeltilmesi istenen ilam ve dosyadaki ilgili bütün kağıtlar okunduktan sonra gereği görüşüldü: 
Temyiz ilamında yer alan açıklamalara göre, Hukuk Usulü Muhakemeleri Kanununun 440.maddesinde sayılan sebeplerden hiçbirisine uygun olmayan karar düzeltme isteğinin REDDİNE, aynı Kanunun 442/3. para cezasının karar düzeltme isteyenden alınarak Hazineye gelir kaydedilmesine; 492 sayılı Harçlar"
"77582200","Yargıtay","Ceza Genel Kurulu","2013/760","2013/570","26.11.2013","cgk","ceza_usul","y2010_2019","0.559","0.216","0.383","0.95","Ağır Ceza
Günü : 04.05.2009
Sayısı : 368-153

 Çocuğun nitelikli cinsel istismarı ve kişiyi hürriyetinden yoksun kılma suçlarından sanık hakkında Kayseri 1.Ağır Ceza Mahkemesince verilen 04.05.2009 gün ve 368-153 sayılı hükmün sanık müdafii ile müştekiler vekili tarafından temyiz edilmesi üzerine dosyayı inceleyen Yargıtay 14. Ceza Dairesince 18.09.2013 gün ve 7762-9316 sayı ile, itirazın yerinde görülmediğinden bahisle dosya Yargıtay Birinci Başkanlığına gönderilmiş ise de, "
"77705200","Yargıtay","Hukuk Genel Kurulu","2013/1287","2013/1392","25.09.2013","hgk","diger","y2010_2019","0.558","0.153","0.416","0.95","ve 4421 sayılı Kanunun 4/b-1 maddeleri gereğince takdiren 218 TL para cezasının karar düzeltme isteyenlerden alınarak Hazineye gelir kaydedilmesine; 25/09/2013 gününde oyçokluğu ile karar verildi. sayılı kararın onanmasını kapsayan ve Yargıtay Hukuk Genel Kurulu'ndan çıkan 06/02/2013 gün ve 2012/8-604 E., 2013/199 K."
"77603100","Yargıtay","Hukuk Genel Kurulu","2012/585","2012/1442","26.12.2012","hgk","esya_tapu","y2010_2019","0.557","0.168","0.403","0.95","maddesi ile 6100 sayılı Hukuk Muhakemeleri Kanunu'na eklenen ""Geçici madde 3"" atfıyla uygulanmakta olan 1086 sayılı Hukuk Usulü Muhakemeleri Kanunu'nun 433/1 maddesi gereğince temyiz dilekçesinin hüküm veren mahkeme aracılığı ile karşı tarafa tebliğ edilmesi ve karşı tarafa cevap verme ve karşı temyiz isteminde bulunmak hakkının tanınması gereklidir. Mevcut bu yasal düzenlemeye dikkate alındığında mahkemenin direnme kararının ve davacı Maliye Hazinesi'ne ait temyiz dilekçesin"
"77613800","Yargıtay","Hukuk Genel Kurulu","2012/1628","-","26.12.2012","hgk","ticaret","y2010_2019","0.556","0.158","0.407","0.95","6217 sayılı Kanunun 30.maddesi ile 6100 sayılı Hukuk Muhakemeleri Kanunu'na eklenen ""Geçici madde 3"" atfıyla uygulanmakta olan 1086 sayılı Hukuk Usulü Muhakemeleri Kanunu'nun 433/1.maddesi gereğince temyiz dilekçesinin hüküm veren mahkeme aracılığı ile karşı tarafa tebliğ edilmesi ve karşı tarafa cevap verme ve karşı temyiz isteminde bulunmak hakkının tanınması gereklidir. Mahkemece, davalılardan AT...aleyhine açılmış davanın reddine, diğer davalı Ziraat Bankası AŞ aleyhine a"
"77579500","Yargıtay","Hukuk Genel Kurulu","2013/1780","2013/1561","13.11.2013","hgk","tuketici","y2010_2019","0.556","0.2","0.382","0.95","ve 4421 sayılı Kanunun 4/b-1.maddeleri gereğince takdiren 218,00 TL para cezasının karar düzeltme isteyenden alınarak hazineye gelir kaydedilmesine, 492 sayılı Harçlar Kanunu uyarınca 50,45 TL ilam harcının karar düzeltme talep edenden alınmasına, 13.11.2013 gününde oyçokluğu ile karar verildi."
"77581500","Yargıtay","Ceza Genel Kurulu","2013/761","2013/571","26.11.2013","cgk","ceza_usul","y2010_2019","0.556","0.202","0.382","0.95","Ceza Dairesi
Mahkemesi : ÇANAKKALE Ağır Ceza
Günü : 19.10.2010
Sayısı : 243-316

 Çocuğun nitelikli cinsel istismarı ve kişiyi hürriyetinden yoksun kılma suçlarından sanık hakkında Çanakkale Ağır Ceza Mahkemesince verilen 19.10.2010 gün ve 243-316 sayılı hükmün sanık müdafii tarafından temyiz edilmesi üzerine dosyayı inceleyen Yargıtay 14. Ceza Dairesince 23.09.2013 gün ve 8054-9473 sayı ile, itirazın yerinde görülmediğinden bahisle dosya Yargıtay Birinci Başkanlığına gönderi"
"77476800","Yargıtay","Hukuk Genel Kurulu","2012/1815","2013/759","22.05.2013","hgk","usul_hukuk","y2010_2019","0.555","0.197","0.382","0.95","Hüküm sonucu kısmında gerekçeye ait her hangi bir söz tekrar edilmeksizin isteklerin her biri hakkında verilen hükümle, taraflara yüklenen borç ve tanınan hakların sıra numarası altında açık, şüphe ve tereddüt uyandırmayacak şekilde gösterilmesi gerekir. HUKUK GENEL KURULU KARARI
Hukuk Genel Kurulu'nca incelenerek direnme kararının süresinde temyiz edildiği anlaşıldıktan ve direnme kararının verildiği tarih itibariyle H.U.M.K.2494 sayılı Yasa ile değişik 438/II.fıkrası hükmü "
"77547800","Yargıtay","Ceza Genel Kurulu","2013/534","2013/503","19.11.2013","cgk","ceza_usul","y2010_2019","0.555","0.197","0.383","0.95","Ceza Dairesi
Mahkemesi : KIRKLARELİ Ağır Ceza
Günü : 09.10.2012
Sayısı : 283-353

 Çocuğun nitelikli cinsel istismarı ve kişiyi hürriyetinden yoksun kılma suçlarından sanık hakkında Kırklareli Ağır Ceza Mahkemesince verilen 09.10.2012 gün ve 283-353 sayılı hükmün sanık müdafii tarafından temyiz edilmesi üzerine dosyayı inceleyen Yargıtay 14. Ceza Dairesince 03.06.2013 gün ve 5517-6977 sayı ile, itirazın yerinde görülmediğinden bahisle dosya Yargıtay Birinci Başkanlığına gönde"
"77626300","Yargıtay","Hukuk Genel Kurulu","2013/1701","2013/1602","27.11.2013","hgk","diger","y2010_2019","0.554","0.191","0.382","0.95","ve 4421 sayılı Kanunun 4/b-1.maddeleri gereğince takdiren 218,00 TL para cezasının karar düzeltme isteyenden alınarak Hazineye gelir kaydedilmesine, 492 sayılı Harçlar Kanunu uyarınca 50,45 TL karar düzeltme harcı peşin alındığından başkaca harç alınmasına mahal olmadığına, 27.11.2013 gününde oyçokluğu ile karar verildi. ""İçtihat Metni"" MAHKEMESİ: İzmir 3.Asliye Ticaret Mahkemesi
TARİHİ:18.10.2012
NUMARASI:2012/173 E.-2012/291 K."
"77463600","Yargıtay","Hukuk Genel Kurulu","2013/742","2013/887","26.06.2013","hgk","diger","y2010_2019","0.554","0.194","0.382","0.95","ve 4421 sayılı Kanunun 4/b-1 maddeleri gereğince takdiren 218 TL para cezasının karar düzeltme isteyenden alınarak Hazineye gelir kaydedilmesine, Harçlar Kanunu uyarınca 50,45 TL karar düzeltme harcı peşin alındığından başkaca harç alınmasına mahal olmadığına, 26.06.2013 gününde oyçokluğuyla karar verildi. İcra Hukuk Mahkemesi'nce verilen 04.08.2010 tarih, 2010/353 E., 20110/847 K."
"77552400","Yargıtay","Ceza Genel Kurulu","2013/708","2013/511","19.11.2013","cgk","ceza_ozel","y2010_2019","0.554","0.193","0.381","0.95","maddesi uyarınca inceleme yapan Yargıtay 15.Ceza Dairesince 17.09.2013 gün ve 15637-13449 sayı ile, itirazın yerinde görülmediğinden bahisle dosya, Yargıtay Birinci Başkanlığına gönderilmiş ise de; bu aşamada Yargıtay C.Başsavcılığı tarafından 22.10.2013 gün ve 83660 sayı ile itirazın geri alınması talebinde bulunulmuştur. hakkında Denizli 1.Ağır Ceza Mahkemesince verilen 30.12.2008 gün ve 473-377 sayılı hükmün sanık müdafii tarafından temyiz edilmesi üzerine dosyayı inceleye"
"77624600","Yargıtay","Hukuk Genel Kurulu","2013/1737","2013/1599","27.11.2013","hgk","diger","y2010_2019","0.553","0.189","0.381","0.95","ve 4421 sayılı Kanunun 4/b-1 maddeleri gereğince takdiren 218 TL para cezasının karar düzeltme isteyenden alınarak Hazineye gelir kaydedilmesine, Harçlar Kanunu uyarınca alınması gereken 50,45 TL harç peşin alındığından başkaca harç alınmasına mahal olmadığına 27.11.2013 gününde oybirliği ile karar verildi."
"77277500","Yargıtay","Hukuk Genel Kurulu","2011/615","2011/614","12.10.2011","hgk","diger","y2010_2019","0.553","0.194","0.379","0.95","ve 4421 sayılı Kanunun 4/b-1 maddeleri gereğince takdiren 185,00 TL para cezasının karar düzeltme isteyenden alınarak hazineye gelir kaydedilmesine, 12.10.2011 gününde oybirliği ile karar verildi. Asliye Hukuk Mahkemesinden verilen 02.03.2010 gün ve 2010/6 E."
"77582900","Yargıtay","Ceza Genel Kurulu","2013/762","2013/572","26.11.2013","cgk","ceza_usul","y2010_2019","0.553","0.185","0.385","0.95","Ceza Dairesi
Mahkemesi : ÇORLU Ağır Ceza
Günü : 11.05.2012
Sayısı : 282-219

 Çocuğun nitelikli cinsel istismarı ve kişiyi hürriyetinden yoksun kılma suçlarından sanık hakkında Çorlu Ağır Ceza Mahkemesince verilen 11.05.2012 gün ve 282-219 sayılı hükmün sanık müdafii tarafından temyiz edilmesi üzerine dosyayı inceleyen Yargıtay 14. Ceza Dairesince 18.09.2013 gün ve 8025-9327 sayı ile, itirazın yerinde görülmediğinden bahisle dosya Yargıtay Birinci Başkanlığına gönderilmiş ise"
"76757300","Yargıtay","Hukuk Genel Kurulu","2010/182","2010/179","31.03.2010","hgk","diger","y2010_2019","0.552","0.194","0.375","0.95","ve 4421 sayılı Kanunun 4/b-1 maddeleri gereğince takdiren 172.00 TL para cezasının karar düzeltme isteyenden alınarak hazineye gelir kaydedilmesine, 31.03.2010 gününde oybirliğiyle karar verildi. ""İçtihat Metni"" MAHKEMESİ : İstanbul Asliye 3.Hukuk Mahkemesi 
TARİHİ : 26.05.2009 
NUMARASI : 2009/41 E.- 2009/121 K."
"77597400","Yargıtay","Hukuk Genel Kurulu","2013/1142","2013/1510","30.10.2013","hgk","diger","y2010_2019","0.551","0.18","0.382","0.95","ve 4421 Sayılı Kanun'un 4/b-1 maddeleri gereğince takdiren (218) TL para cezasının karar düzeltme isteyenden alınarak Hazine'ye gelir kaydedilmesine, 492 sayılı Harçlar Kanunu uyarınca 50,45 TL karar düzeltme harcı peşin alındığından başkaca harç alınmasına mahal olmadığına, 30.10.2013 gününde oybirliğiyle karar verildi. Aile Mahkemesi'nden verilen 17.04.2012 gün ve E:2011/929, K:2012/314 sayılı kararın onanmasını kapsayan ve Yargıtay Hukuk Genel Kurulu'ndan çıkan 06.03.2013 "
"77409300","Yargıtay","Hukuk Genel Kurulu","2013/638","2013/830","12.06.2013","hgk","diger","y2010_2019","0.551","0.177","0.382","0.95","ve 4421 Sayılı Kanun'un 4/b-1 maddeleri gereğince takdiren (218) TL para cezasının karar düzeltme isteyenden alınarak Hazine'ye gelir kaydedilmesine; Harçlar Kanunu uyarınca 50,45 TL. karar düzeltme harcı peşin alındığından başkaca harç alınmasına mahal olmadığına, 12.06.2013 gününde oybirliğiyle karar verildi."
"76993800","Yargıtay","Hukuk Genel Kurulu","2011/147","2011/246","29.04.2011","hgk","diger","y2010_2019","0.551","0.191","0.375","0.95","para cezasının karar düzeltme isteyenden alınarak hazineye gelir kaydedilmesine, peşin harcın mahsubuna, 29.4.2011 gününde oyçokluğuyla karar verildi. ve 4421 sayılı Kanunun 4/b-1 maddeleri gereğince takdiren 185 TL."
"77519700","Yargıtay","Hukuk Genel Kurulu","2013/613","2013/795","29.05.2013","hgk","usul_hukuk","y2010_2019","0.55","0.163","0.389","0.95","HUKUK GENEL KURULU KARARI
Hukuk Genel Kurulunca incelenerek dosyadaki kağıtlar okunduktan sonra gereği görüşüldü: 
Vekil ile takip edilen davalarda vekaletnamenin ibrazını düzenleyen 6100 sayılı HMK'nun 76., vekaletnamesiz dava açılması ve işlem yapılması halini düzenleyen HMK'nun 77. Dosya içerisinde yapılan incelemede mahkemenin 23/01/2013 günlü direnme kararını temyize cevap veren davacı Av.......'ın vekaletnamesi ya da usulünce düzenlenmiş yetki belgesi dosya arasında bul"
"76841800","Yargıtay","Hukuk Genel Kurulu","2010/233","2010/233","28.04.2010","hgk","diger","y2010_2019","0.55","0.189","0.374","0.95","ve 4421 sayılı Kanunun 4/b-1 maddeleri gereğince takdiren 172.00 TL para cezasının karar düzeltme isteyenden alınarak hazineye gelir kaydedilmesine; 28.04.2010 gününde oybirliğiyle karar verildi. ""İçtihat Metni"" MAHKEMESİ :Ankara 6.Asliye Hukuk Mahkemesi 
TARİHİ :11.11.2009 
NUMARASI: 207 E.-270 K."
"77259800","Yargıtay","Hukuk Genel Kurulu","2013/6","2013/175","30.01.2013","hgk","usul_hukuk","y2010_2019","0.549","0.16","0.389","0.95","HUKUK GENEL KURULU KARARI

 Hukuk Genel Kurulunca incelenerek dosyadaki kağıtlar okunduktan sonra gereği görüşüldü: 
Vekil ile takip edilen davalarda vekaletnamenin ibrazını düzenleyen 6100 sayılı HMK'nun 76., vekaletnamesiz dava açılması ve işlem yapılması halini düzenleyen HMK'nun 77. 05.10.2012 günlü Hukuk Genel Kurulu kararına karşı karar düzeltme talebinde bulunan davalı vekili Av.Y.G.'un vekaletnamesi ya da usulünce düzenlenmiş yetki belgesi dosya arasında bulunamamış, "
"77222100","Yargıtay","Hukuk Genel Kurulu","2012/1831","2013/267","20.02.2013","hgk","icra_iflas","y2010_2019","0.549","0.168","0.383","0.95","para cezasının karar düzeltme isteyenden alınarak hazineye gelir kaydedilmesine, Harçlar Kanunu uyarınca eksik yatırılan 6,55 TL ilam harcının karar düzeltme talep edenden alınmasına, 20.02.2013 gününde oybirliği ile karar verildi. sayılı kararın bozulmasını kapsayan ve Yargıtay Hukuk Genel Kurulu'ndan çıkan 19.09.2012 gün ve 2012/19-400E., 581 K."
"77410800","Yargıtay","Hukuk Genel Kurulu","2013/755","2013/836","14.06.2013","hgk","aile","y2010_2019","0.548","0.157","0.387","0.95","ve 4421 sayılı Kanunun 4/b-1 maddeleri gereğince takdiren 218 TL para cezasının karar düzeltme isteyenden alınarak Hazineye gelir kaydedilmesine, Harçlar Kanunu uyarınca 50,45 TL karar düzeltme harcı peşin alındığından başkaca harç alınmasına mahal olmadığına, 14.06.2013 gününde oyçokluğu ile karar verildi. Hukuk Dairesine gönderilmesini kapsayan ve Yargıtay Hukuk Genel Kurulu'ndan çıkan 19.12.2012 gün ve 2012/2-688 E., 2012/1283 K."
"77303900","Yargıtay","Hukuk Genel Kurulu","2013/318","2013/373","20.03.2013","hgk","diger","y2010_2019","0.548","0.17","0.38","0.95","ve 4421 sayılı Kanunun 4/b-1 maddeleri gereğince takdiren 218 TL para cezasının karar düzeltme isteyenden alınarak Hazineye gelir kaydedilmesine; 20.03.2013 gününde oybirliği ile karar verildi."
"77046600","Yargıtay","Hukuk Genel Kurulu","2011/189","2011/353","25.05.2011","hgk","diger","y2010_2019","0.548","0.174","0.376","0.95","vekilleri tarafından verilen dilekçe ile istenilmiş olmakla; Hukuk Genel Kurulu'nca dilekçe, düzeltilmesi istenen ilam ve dosyadaki ilgili bütün kağıtlar okunduktan sonra gereği görüşüldü:
Temyiz ilamında yer alan açıklamalara göre Hukuk Usulü Muhakemeleri Kanununun 440.maddesinde sayılan sebeplerden hiçbirisine uygun olmayan karar düzeltme isteğinin REDDİNE, aynı Kanunun 442/3. sayılı kararın bozulmasını kapsayan ve Yargıtay Hukuk Genel Kurulu'ndan çıkan 15.12.2010 gün, 610 "
"76865800","Yargıtay","Hukuk Genel Kurulu","2010/311","2010/322","16.06.2010","hgk","diger","y2010_2019","0.548","0.178","0.375","0.95","ve 4421 sayılı Kanunun 4/b-1 maddeleri gereğince takdiren 172.00 TL para cezasının karar düzeltme isteyenden alınarak hazineye gelir kaydedilmesine; 16.06.2010 gününde oyçokluğu ile karar verildi. ""İçtihat Metni"" MAHKEMESİ : Ümraniye 1.Asliye Hukuk Mahkemesi
TARİHİ :07.07.2009 
NUMARASI:2009/328 E- 321 K."
"77489800","Yargıtay","Ceza Genel Kurulu","2013/477","2013/636","24.12.2013","cgk","ceza_usul","y2010_2019","0.546","0.161","0.38","0.95","Ceza Dairesince 21.05.2013 gün ve 5510-6283 sayı ile, itirazın yerinde görülmediğinden bahisle dosya, Yargıtay Birinci Başkanlığına gönderilmiş ise de; bu aşamada Yargıtay C.Başsavcılığı tarafından 18.12.2013 gün ve 346012 sayı ile itirazın geri alınması talebinde bulunulmuştur. Ceza Dairesi
Mahkemesi : ÇİFTLİK Sulh Ceza 
Günü : 25.05.2011
Sayısı : 75-91

 Dinsel tören suçundan sanık hakkında Çiftlik Sulh Ceza Mahkemesince verilen 25.05.2011 gün ve 75-91 sayılı hükmün sanık t"
"77221500","Yargıtay","Hukuk Genel Kurulu","2012/1339","2013/257","20.02.2013","hgk","diger","y2010_2019","0.545","0.152","0.381","0.95","ve 4421 sayılı Kanunun 4/b-1 maddeleri gereğince takdiren 218 TL para cezasının karar düzeltme isteyenden alınarak Hazineye gelir kaydedilmesine, Harçlar Kanunu uyarınca eksik yatırılan 6,55 TL ilam harcının karar düzeltme talep edenden alınmasına, 20.02.2013 gününde oybirliği ile karar verildi."
"76676500","Yargıtay","Hukuk Genel Kurulu","2010/59","2010/13","27.01.2010","hgk","diger","y2010_2019","0.545","0.161","0.377","0.95","ve 4421 sayılı Kanunun 4/b-1 maddeleri gereğince takdiren 172.00 TL para cezasının karar düzeltme isteyenden alınarak hazineye gelir kaydedilmesine; Harçlar Kanunu uyarınca 35.50 TL. ""İçtihat Metni"" MAHKEMESİ: Silivri 2.Asliye Hukuk Mahkemesi
TARİHİ :25.03.2008
NUMARASI :2006/634 E.- 2008/175 K."
"77484300","Yargıtay","Ceza Genel Kurulu","2012/1420","2013/632","24.12.2013","cgk","ceza_usul","y2010_2019","0.545","0.151","0.382","0.95","Hukuk Dairesince 09.10.2012 gün ve 6582-7802 sayı ile, itirazın yerinde görülmediğinden bahisle dosya, Yargıtay Birinci Başkanlığına gönderilmiş ise de; bu aşamada Yargıtay C.Başsavcılığı tarafından 18.12.2013 gün ve 264661 sayı ile itirazın geri alınması talebinde bulunulmuştur. Ceza Genel Kurulunca 01.10.2013 gün ve 314-394; 315-395 sayı ile, Yargıtay C.Başsavcılığının karar verilinceye kadar itirazını geri almasının mümkün olduğu sonucuna oybirliğiyle ulaşılmıştır."
"77236600","Yargıtay","Hukuk Genel Kurulu","2011/555","2011/548","21.09.2011","hgk","diger","y2010_2019","0.544","0.159","0.375","0.95","ve 4421 sayılı Kanunun 4/b-1.maddeleri gereğince takdiren 185.00 TL para cezasının karar düzeltme isteyenden alınarak hazineye gelir kaydedilmesine; 21.09.2011 gününde oybirliğiyle karar verildi."
"77107600","Yargıtay","Hukuk Genel Kurulu","2011/440","2011/514","13.07.2011","hgk","diger","y2010_2019","0.543","0.156","0.374","0.95","287 K.sayılı kararın bozulmasını kapsayan ve Yargıtay Hukuk Genel Kurulu'ndan çıkan 09.02.2011 gün, 2011/13-29 Esas, 2011/56 Karar sayılı ilamın, karar düzeltilmesi yoluyla incelenmesi davalı vekili tarafından verilen dilekçe ile istenilmiş olmakla; Hukuk Genel Kurulu'nca dilekçe, düzeltilmesi istenen ilam ve dosyadaki ilgili bütün kağıtlar okunduktan sonra gereği görüşüldü: 
Temyiz ilamında yer alan açıklamalara göre Hukuk Usulü Muhakemeleri Kanununun 440. ve 4421 sayılı Kan"